ticket_id,city,issue_type,issue_category,ticket_status,issue_description,ticket_created_date_time,ticket_last_updated_date_time,address,lat,lng,location,image,html_url,acknowledged_at,ticket_closed_date_time,sentiment_score,response_time
22452985,Cambridge,Rodent Sighting,Rodent Sighting,Open,New rat burrow in front yard of 14 Dudley. The trash at 8 Dudley is out of hand!,2026-08-07 17:23:19,2026-08-07T17:23:28.000,"14 Dudley St Cambridge, Massachusetts, 02140",42.396225,-71.12986666666667,"{'latitude': '42.396225', 'longitude': '-71.12986666666667', 'human_address': '{""address"": """", ""city"": """", ""state"": """", ""zip"": """"}'}",https://seeclickfix.com/rails/active_storage/representations/redirect/eyJfcmFpbHMiOnsiZGF0YSI6NDM0MTYwMDcsInB1ciI6ImJsb2JfaWQifX0=--088a35d6b1574da45fff0002241913a61cb2e20a/eyJfcmFpbHMiOnsiZGF0YSI6eyJmb3JtYXQiOiJqcGciLCJhdXRvX29yaWVudCI6dHJ1ZSwic3RyaXAiOnRydWUsInJlc2l6ZSI6IjgwMHg2MDAifSwicHVyIjoidmFyaWF0aW9uIn19--242b3e94addeeae50b5fd8df8a0a8fbcf02bf33c/80112588-dacc-4c5b-a38f-81a3e1cf267e_2026-08-07T17-22-55-04-00.jpg,https://seeclickfix.com/issues/22452985,,,0.5411,2.205106374386574
22436472,Cambridge,Rodent Sighting,Rodent Sighting,Acknowledged,"Last night, while walking from Massachusetts Avenue onto Walden Street and then onto Hubbard Avenue, I observed a very large number of rodents—well over 10 rats—running around on the sidewalks. There were so many that I had to walk in the street instead of on the sidewalk because it was overwhelming. This appears to be a significant rodent problem and should be investigated.",2026-08-06 06:56:00,2026-08-06T07:34:39.000,"24-34 Walden St Cambridge, MA, 02140, USA",42.390365429736946,-71.12399393905119,"{'latitude': '42.390365429736946', 'longitude': '-71.12399393905119', 'human_address': '{""address"": """", ""city"": """", ""state"": """", ""zip"": """"}'}",,https://seeclickfix.com/issues/22436472,2026-08-06T07:31:33.000,,-0.0828,3.640742948460648
22432261,Cambridge,Rodent Sighting,Rodent Sighting,Acknowledged,"I think this is the third time I have posted this issue at this location. It is not resolved. After the citation was made the rice is still being thrown on the porch and rats are now multiplying under the porch in the neighbors yard. 

The rice falls down and starch leaks from the rice when it rains. This is also a health and sanitation issue as well as a rodent infestation issue. 

The birds droppings fill my porch and railing along with rat droppings in the yard. I have had to clean daily to keep up sanitary conditions.

I have requested follow up inspection from the City of Cambridge ISD and was refused until work is done in the building. However I am not responsible for the needed work or the Rice situation. I have repeatedly asked for the rice to stop being thrown on the porch and I have requested here and the ISD for help in this situation.  Citation has not stopped the issues. 

Here is a time stamped video of the rice being poured on the porch and birds pecking at the porch abo...",2026-08-05 15:26:07,2026-08-06T07:27:18.000,"10 Laurel St Cambridge, MA, 02139, USA",42.36261219235962,-71.11070460690506,"{'latitude': '42.36261219235962', 'longitude': '-71.11070460690506', 'human_address': '{""address"": """", ""city"": """", ""state"": """", ""zip"": """"}'}",https://seeclickfix.com/rails/active_storage/representations/redirect/eyJfcmFpbHMiOnsiZGF0YSI6NDMzNDYwMzksInB1ciI6ImJsb2JfaWQifX0=--8668c5cd26b76c4950fb8c7ddb5e0ee6086f06e4/eyJfcmFpbHMiOnsiZGF0YSI6eyJmb3JtYXQiOiJqcGciLCJhdXRvX29yaWVudCI6dHJ1ZSwic3RyaXAiOnRydWUsInJlc2l6ZSI6IjgwMHg2MDAifSwicHVyIjoidmFyaWF0aW9uIn19--242b3e94addeeae50b5fd8df8a0a8fbcf02bf33c/a547b730-6ca2-4356-8aa5-913686bdd221_2026-08-05T15-10-06-04-00.jpg,https://seeclickfix.com/issues/22432261,2026-08-06T07:27:18.000,,0.3151,4.286495263275463
22424598,Cambridge,Rodent Sighting,Rodent Sighting,Closed,,2026-08-04 20:37:51,2026-08-07T11:21:02.000,"466 Green St Cambridge, Massachusetts, 02139",42.3667869667798,-71.10784482728123,"{'latitude': '42.3667869667798', 'longitude': '-71.10784482728123', 'human_address': '{""address"": """", ""city"": """", ""state"": """", ""zip"": """"}'}",,https://seeclickfix.com/issues/22424598,2026-08-05T08:36:04.000,2026-08-07 11:21:01,0.0,2.613310185185185
22424338,Cambridge,Rodent Sighting,Rodent Sighting,Closed,"between 7:30- 8 pm, 8/4/26, 3 rats crossed Oak Street going east.",2026-08-04 19:58:23,2026-08-06T13:35:22.000,"12 Oak St Cambridge, Massachusetts, 02139",42.37392181040279,-71.09970784331657,"{'latitude': '42.37392181040279', 'longitude': '-71.09970784331657', 'human_address': '{""address"": """", ""city"": """", ""state"": """", ""zip"": """"}'}",,https://seeclickfix.com/issues/22424338,2026-08-05T08:35:17.000,2026-08-06 13:35:22,0.0,1.7340162037037037
22421754,Cambridge,Rodent Sighting,Rodent Sighting,Acknowledged,"rats are seen by the dumpster, by the side of the building . so many rats at night and during the day and they do come up to windows and trash plus food is left on floors by the dumpster.",2026-08-04 15:41:00,2026-08-05T08:34:49.000,"35 Hovey Ave Cambridge, Massachusetts, 02138",42.375804385856505,-71.10780685725987,"{'latitude': '42.375804385856505', 'longitude': '-71.10780685725987', 'human_address': '{""address"": """", ""city"": """", ""state"": """", ""zip"": """"}'}",,https://seeclickfix.com/issues/22421754,2026-08-05T08:34:49.000,,-0.296,5.276159615127315
22417540,Cambridge,Rodent Sighting,Rodent Sighting,Closed,"Aug 3, 7:30, 4 rats crossing Oak Street",2026-08-04 10:42:25,2026-08-06T13:36:01.000,"12 Oak St Cambridge, Massachusetts, 02139",42.37392181040279,-71.09970784331657,"{'latitude': '42.37392181040279', 'longitude': '-71.09970784331657', 'human_address': '{""address"": """", ""city"": """", ""state"": """", ""zip"": """"}'}",,https://seeclickfix.com/issues/22417540,2026-08-05T08:32:49.000,2026-08-06 13:36:01,0.0,2.1205555555555557
22409033,Cambridge,Rodent Sighting,Rodent Sighting,Closed,There is an abundance of rat issues and the city should really do something about this as it is an extreme concern for local residents.,2026-08-03 13:38:43,2026-08-04T15:25:50.000,"259 Elm St Cambridge, MA, 02139, USA",42.37262508298506,-71.09561704499453,"{'latitude': '42.37262508298506', 'longitude': '-71.09561704499453', 'human_address': '{""address"": """", ""city"": """", ""state"": """", ""zip"": """"}'}",,https://seeclickfix.com/issues/22409033,2026-08-03T16:42:54.000,2026-08-04 15:25:50,0.0,1.0743865740740741
22403005,Cambridge,Rodent Sighting,Rodent Sighting,Closed,Mouse was seen in the kitchen at Sweetgreen in Harvard Sq,2026-08-02 21:39:30,2026-08-06T07:42:04.000,"39 John F Kennedy St Cambridge, Massachusetts, 02138",42.37267780970667,-71.12017712824485,"{'latitude': '42.37267780970667', 'longitude': '-71.12017712824485', 'human_address': '{""address"": """", ""city"": """", ""state"": """", ""zip"": """"}'}",,https://seeclickfix.com/issues/22403005,2026-08-03T07:55:27.000,2026-08-06 07:42:04,0.0,3.4184490740740743
22401845,Cambridge,Rodent Sighting,Rodent Sighting,Closed,346 Hurley St has been vacant for many years and the owner has been negligent in property upkeep.,2026-08-02 17:25:49,2026-08-03T16:03:44.000,"346 Hurley St Cambridge, Massachusetts, 02141",42.368795480328764,-71.08534142891195,"{'latitude': '42.368795480328764', 'longitude': '-71.08534142891195', 'human_address': '{""address"": """", ""city"": """", ""state"": """", ""zip"": """"}'}",,https://seeclickfix.com/issues/22401845,2026-08-03T07:55:08.000,2026-08-03 16:03:43,0.0,0.9429861111111111
22401685,Cambridge,Rodent Sighting,Rodent Sighting,Closed,Saw a large rat inside Cicada on the floor at 11p or so 8/1,2026-08-02 16:52:31,2026-08-04T15:31:16.000,Cicada Coffee Bar,42.367676007959574,-71.10200399999998,"{'latitude': '42.367676007959574', 'longitude': '-71.10200399999998', 'human_address': '{""address"": """", ""city"": """", ""state"": """", ""zip"": """"}'}",,https://seeclickfix.com/issues/22401685,2026-08-03T07:54:12.000,2026-08-04 15:31:16,0.0,1.9435763888888888
22400684,Cambridge,Rodent Sighting,Rodent Sighting,Closed,"Apartments at 55 Langdon street continue to allow trash to overflow, feeding the neighborhood's rat population. The trash has been overflowing since Thursday, and trash day is still 3 days from now. Please help us find a solution for this ongoing issue. Thank you in advance!!!",2026-08-02 13:38:46,2026-08-04T09:50:36.000,"55 Langdon St Cambridge, MA, 02138, USA",42.380435970060866,-71.12209008179633,"{'latitude': '42.380435970060866', 'longitude': '-71.12209008179633', 'human_address': '{""address"": """", ""city"": """", ""state"": """", ""zip"": """"}'}",https://seeclickfix.com/rails/active_storage/representations/redirect/eyJfcmFpbHMiOnsiZGF0YSI6NDMyNDE2MDMsInB1ciI6ImJsb2JfaWQifX0=--342f37c6b6e3800299873a1cdcb6337a84c98231/eyJfcmFpbHMiOnsiZGF0YSI6eyJmb3JtYXQiOiJqcGVnIiwiYXV0b19vcmllbnQiOnRydWUsInN0cmlwIjp0cnVlLCJyZXNpemUiOiI4MDB4NjAwIn0sInB1ciI6InZhcmlhdGlvbiJ9fQ==--a24cd3b9f26082c533845b9cc150d8421a819967/c86bae32-a03f-4558-89b5-ef7c4ad06601_2026-08-02T13-34-21-04-00.jpeg,https://seeclickfix.com/issues/22400684,2026-08-03T07:52:43.000,2026-08-04 09:50:36,0.8904,1.841550925925926
22397807,Cambridge,Rodent Sighting,Rodent Sighting,Closed,"Neighbor mentioned a rat spotted inside  apartment on the 2nd floor, 
85 Harvey St",2026-08-01 20:01:40,2026-08-06T14:07:04.000,"77 Harvey St Cambridge, Massachusetts, 02140",42.3974,-71.1328,"{'latitude': '42.3974', 'longitude': '-71.1328', 'human_address': '{""address"": """", ""city"": """", ""state"": """", ""zip"": """"}'}",,https://seeclickfix.com/issues/22397807,2026-08-03T07:52:17.000,2026-08-06 14:07:04,0.0,4.75375
22393831,Cambridge,Rodent Sighting,Rodent Sighting,Closed,Trash bins behind patio. Pathway is on the side of 146 Berkshire to wooden gate titled :private property gate. Leads to patio and trash bins,2026-08-01 01:15:56,2026-08-05T14:31:03.000,"146 Berkshire St Cambridge, Massachusetts, 02141",42.372074480851914,-71.089704880067,"{'latitude': '42.372074480851914', 'longitude': '-71.089704880067', 'human_address': '{""address"": """", ""city"": """", ""state"": """", ""zip"": """"}'}",https://seeclickfix.com/rails/active_storage/representations/redirect/eyJfcmFpbHMiOnsiZGF0YSI6NDMyMjEyOTYsInB1ciI6ImJsb2JfaWQifX0=--3f5876a885e6cfc8e5071ae0f3185b9951b32197/eyJfcmFpbHMiOnsiZGF0YSI6eyJmb3JtYXQiOiJqcGciLCJhdXRvX29yaWVudCI6dHJ1ZSwic3RyaXAiOnRydWUsInJlc2l6ZSI6IjgwMHg2MDAifSwicHVyIjoidmFyaWF0aW9uIn19--242b3e94addeeae50b5fd8df8a0a8fbcf02bf33c/69283ded-08dd-404e-84c9-8f850df0e39d_2026-08-01T01-14-37-04-00.jpg,https://seeclickfix.com/issues/22393831,2026-08-03T07:50:38.000,2026-08-05 14:31:03,0.0,4.552164351851852
22393828,Cambridge,Rodent Sighting,Rodent Sighting,Archived,Several Rodents in trash bin area in back patio of 146 Berkshire. Entrance to patio is a pathway to wood gate. Trash bins are next to patio behind wood fence.,2026-08-01 01:11:33,2026-08-03T07:51:14.000,"146 Cambridge St Cambridge, MA, 02141, USA",42.37205755184829,-71.08979153184039,"{'latitude': '42.37205755184829', 'longitude': '-71.08979153184039', 'human_address': '{""address"": """", ""city"": """", ""state"": """", ""zip"": """"}'}",https://seeclickfix.com/rails/active_storage/representations/redirect/eyJfcmFpbHMiOnsiZGF0YSI6NDMyMjEyNDQsInB1ciI6ImJsb2JfaWQifX0=--06033d180a1d65c2f20a43682971ab9e253ec5fa/eyJfcmFpbHMiOnsiZGF0YSI6eyJmb3JtYXQiOiJqcGciLCJhdXRvX29yaWVudCI6dHJ1ZSwic3RyaXAiOnRydWUsInJlc2l6ZSI6IjgwMHg2MDAifSwicHVyIjoidmFyaWF0aW9uIn19--242b3e94addeeae50b5fd8df8a0a8fbcf02bf33c/8eab5bdd-1b51-40f9-a5a7-ccce894f5189_2026-08-01T00-57-12-04-00.jpg,https://seeclickfix.com/issues/22393828,2026-08-03T07:50:18.000,,0.0,
22387737,Cambridge,Rodent Sighting,Rodent Sighting,Closed,Rat grazing in my backyard in the early morning.,2026-07-31 11:18:32,2026-08-06T14:06:50.000,"Corporal Burns Rd Cambridge, Massachusetts, 02138",42.386127495900766,-71.13764748030232,"{'latitude': '42.386127495900766', 'longitude': '-71.13764748030232', 'human_address': '{""address"": """", ""city"": """", ""state"": """", ""zip"": """"}'}",,https://seeclickfix.com/issues/22387737,2026-08-03T07:49:04.000,2026-08-06 14:06:50,0.0,6.116875
22383502,Cambridge,Rodent Sighting,Rodent Sighting,Closed,Almost dead rat towards back of 14 Dudley driveway,2026-07-30 18:49:50,2026-08-06T07:39:00.000,"14 Dudley St Cambridge, Massachusetts, 02140",42.39614593185429,-71.12966784640504,"{'latitude': '42.39614593185429', 'longitude': '-71.12966784640504', 'human_address': '{""address"": """", ""city"": """", ""state"": """", ""zip"": """"}'}",https://seeclickfix.com/rails/active_storage/representations/redirect/eyJfcmFpbHMiOnsiZGF0YSI6NDMxODc0OTAsInB1ciI6ImJsb2JfaWQifX0=--9d9a6add4d55f812ff9aeefb85b7c328fd792bc1/eyJfcmFpbHMiOnsiZGF0YSI6eyJmb3JtYXQiOiJqcGciLCJhdXRvX29yaWVudCI6dHJ1ZSwic3RyaXAiOnRydWUsInJlc2l6ZSI6IjgwMHg2MDAifSwicHVyIjoidmFyaWF0aW9uIn19--242b3e94addeeae50b5fd8df8a0a8fbcf02bf33c/d83a3cc1-e798-4052-8d30-a7c4f134c102_2026-07-30T18-48-02-04-00.jpg,https://seeclickfix.com/issues/22383502,2026-07-31T08:39:29.000,2026-08-06 07:39:00,-0.6133,6.534143518518518
22373084,Cambridge,Rodent Sighting,Rodent Sighting,Closed,All through the Harvard courtyard,2026-07-29 17:50:28,2026-08-04T08:23:32.000,"10 Linden St Cambridge, Massachusetts, 02138",42.37211673076984,-71.11709024319636,"{'latitude': '42.37211673076984', 'longitude': '-71.11709024319636', 'human_address': '{""address"": """", ""city"": """", ""state"": """", ""zip"": """"}'}",,https://seeclickfix.com/issues/22373084,2026-07-30T06:56:19.000,2026-08-04 08:23:32,0.0,5.606296296296296
22373061,Cambridge,Rodent Sighting,Rodent Sighting,Closed,Rats all in this alley,2026-07-29 17:48:35,2026-08-04T08:22:58.000,"6 Linden St Cambridge, MA, 02138, USA",42.372429159972896,-71.11694719969691,"{'latitude': '42.372429159972896', 'longitude': '-71.11694719969691', 'human_address': '{""address"": """", ""city"": """", ""state"": """", ""zip"": """"}'}",,https://seeclickfix.com/issues/22373061,2026-07-30T06:55:06.000,2026-08-04 08:22:58,0.0,5.607210648148148
22367505,Cambridge,Rodent Sighting,Rodent Sighting,Closed,Rodent sightings in the side yard of the home at 123 River Street in Cambridge.  Very active at night with many rats.  They are active on the side of the house and the front porch.  They travel to the nearby restaurants.,2026-07-29 10:41:42,2026-07-30T15:27:02.000,"123 River St Cambridge, Massachusetts, 02139",42.36403619379491,-71.10871562320212,"{'latitude': '42.36403619379491', 'longitude': '-71.10871562320212', 'human_address': '{""address"": """", ""city"": """", ""state"": """", ""zip"": """"}'}",https://seeclickfix.com/rails/active_storage/representations/redirect/eyJfcmFpbHMiOnsiZGF0YSI6NDMxMzE2NzUsInB1ciI6ImJsb2JfaWQifX0=--f7a2a7e7ba5d63b996e6bc49e77bb303b98d6d14/eyJfcmFpbHMiOnsiZGF0YSI6eyJmb3JtYXQiOiJqcGVnIiwiYXV0b19vcmllbnQiOnRydWUsInN0cmlwIjp0cnVlLCJyZXNpemUiOiI4MDB4NjAwIn0sInB1ciI6InZhcmlhdGlvbiJ9fQ==--a24cd3b9f26082c533845b9cc150d8421a819967/9be36cc3-c25e-4637-9500-a66708c93c72_2026-07-29T10-40-32-04-00.jpeg,https://seeclickfix.com/issues/22367505,2026-07-29T15:52:21.000,2026-07-30 15:27:02,0.7172,1.1981481481481482
22364648,Cambridge,Rodent Sighting,Rodent Sighting,Closed,Saw rat run from sidewalk down someone’s driveway / under their car,2026-07-28 23:01:55,2026-08-03T16:08:43.000,"57 Granville Rd Cambridge, MA, 02138, USA",42.38339779586374,-71.13597937598591,"{'latitude': '42.38339779586374', 'longitude': '-71.13597937598591', 'human_address': '{""address"": """", ""city"": """", ""state"": """", ""zip"": """"}'}",,https://seeclickfix.com/issues/22364648,2026-07-29T15:50:32.000,2026-08-03 16:08:42,0.0,5.713043981481482
22362963,Cambridge,Rodent Sighting,Rodent Sighting,Closed,"While walking from Trader Joe's towards Pleasant Street Extension, i saw between 9-12 rats moving. They came out of the trash piled up along the back wall of Trader Joe's, and then disappear into burrows across the driveway.  The rodent poison bait box is open, empty, and clearly not being maintained.  Trader Joe's is providing them with food and cover.  Also note the white bins with water in them are full of mosquito larvae.  Where is inspectional services?",2026-07-28 18:09:38,2026-07-30T14:11:09.000,"748 Memorial Dr Cambridge, MA, 02139, USA",42.358471912462285,-71.11414924075069,"{'latitude': '42.358471912462285', 'longitude': '-71.11414924075069', 'human_address': '{""address"": """", ""city"": """", ""state"": """", ""zip"": """"}'}",,https://seeclickfix.com/issues/22362963,2026-07-29T15:49:12.000,2026-07-30 14:11:09,-0.0516,1.8343865740740741
22361755,Cambridge,Rodent Sighting,Rodent Sighting,Closed,"spotted 2 rats in my yard--refugees from the construction next door at 12 Berkeley St.  Please advise on how to manage. thank you
Source may also be the 2 dumpsters at 9 St. John's Rd.",2026-07-28 16:08:23,2026-07-30T08:06:26.000,"16 Berkeley St Cambridge, Massachusetts, 02138",42.37826623463888,-71.12580473121525,"{'latitude': '42.37826623463888', 'longitude': '-71.12580473121525', 'human_address': '{""address"": """", ""city"": """", ""state"": """", ""zip"": """"}'}",,https://seeclickfix.com/issues/22361755,2026-07-29T15:47:35.000,2026-07-30 08:06:26,0.4215,1.6653125
22356629,Cambridge,Rodent Sighting,Rodent Sighting,Closed,"Didn't see rats, but saw what I am pretty sure are rat droppings all over the front sidewalk (and I know there are plenty of SeeClickFixes about rats in the neighborhood).",2026-07-28 10:21:24,2026-08-03T16:08:13.000,"147 Richdale Ave Cambridge, MA, 02140, USA",42.38924004172323,-71.1266244960681,"{'latitude': '42.38924004172323', 'longitude': '-71.1266244960681', 'human_address': '{""address"": """", ""city"": """", ""state"": """", ""zip"": """"}'}",,https://seeclickfix.com/issues/22356629,2026-07-29T15:46:51.000,2026-08-03 16:08:12,0.8047,6.240833333333334
22354531,Cambridge,Rodent Sighting,Rodent Sighting,Closed,"Not sure if you can work with the home owners, but I've seen rats by the bins at 36 Harding (visible from Porter St).",2026-07-28 05:50:50,2026-07-28T14:33:34.000,"62-98 Porter St Cambridge, Massachusetts, 02141",42.3737,-71.0902,"{'latitude': '42.3737', 'longitude': '-71.0902', 'human_address': '{""address"": """", ""city"": """", ""state"": """", ""zip"": """"}'}",,https://seeclickfix.com/issues/22354531,2026-07-28T07:08:47.000,2026-07-28 14:33:34,-0.1232,0.36300925925925925
22353678,Cambridge,Rodent Sighting,Rodent Sighting,Closed,"A million rats. Looks like the sidewalk was wiggling in the dark. So nasty!!!!
🐀🔥🔥🔥🔥",2026-07-27 21:54:08,2026-07-30T15:20:13.000,"220 Hamilton St Cambridge, MA, 02139, USA",42.36018737163422,-71.10943551631877,"{'latitude': '42.36018737163422', 'longitude': '-71.10943551631877', 'human_address': '{""address"": """", ""city"": """", ""state"": """", ""zip"": """"}'}",,https://seeclickfix.com/issues/22353678,2026-07-29T15:38:11.000,2026-07-30 15:20:13,0.5673,2.726446759259259
22353431,Cambridge,Rodent Sighting,Rodent Sighting,Closed,Saw a rat run from front yard area straight into this hole in the vinyl on the front porch of the building,2026-07-27 21:13:43,2026-07-29T15:03:36.000,"123 River St Cambridge, Massachusetts, 02139",42.36403619379491,-71.10871562320212,"{'latitude': '42.36403619379491', 'longitude': '-71.10871562320212', 'human_address': '{""address"": """", ""city"": """", ""state"": """", ""zip"": """"}'}",https://seeclickfix.com/rails/active_storage/representations/redirect/eyJfcmFpbHMiOnsiZGF0YSI6NDMwODQ5NTgsInB1ciI6ImJsb2JfaWQifX0=--4d01dd994f90bc82f1e1af02a89210872b689720/eyJfcmFpbHMiOnsiZGF0YSI6eyJmb3JtYXQiOiJqcGciLCJhdXRvX29yaWVudCI6dHJ1ZSwic3RyaXAiOnRydWUsInJlc2l6ZSI6IjgwMHg2MDAifSwicHVyIjoidmFyaWF0aW9uIn19--242b3e94addeeae50b5fd8df8a0a8fbcf02bf33c/2715d621-89b4-4870-9ad8-8969f46764d1_2026-07-27T21-11-58-04-00.jpg,https://seeclickfix.com/issues/22353431,2026-07-28T07:09:23.000,2026-07-29 15:03:35,0.2263,1.742962962962963
22351866,Cambridge,Rodent Sighting,Rodent Sighting,Closed,A second burrow in front yard - rat?,2026-07-27 17:51:27,2026-07-28T14:47:47.000,"14 Dudley St Cambridge, Massachusetts, 02140",42.39617136186527,-71.12966765949689,"{'latitude': '42.39617136186527', 'longitude': '-71.12966765949689', 'human_address': '{""address"": """", ""city"": """", ""state"": """", ""zip"": """"}'}",https://seeclickfix.com/rails/active_storage/representations/redirect/eyJfcmFpbHMiOnsiZGF0YSI6NDMwNzk0NDAsInB1ciI6ImJsb2JfaWQifX0=--e6f465f4e6638044955f708c9bb10b3e181fa408/eyJfcmFpbHMiOnsiZGF0YSI6eyJmb3JtYXQiOiJqcGciLCJhdXRvX29yaWVudCI6dHJ1ZSwic3RyaXAiOnRydWUsInJlc2l6ZSI6IjgwMHg2MDAifSwicHVyIjoidmFyaWF0aW9uIn19--242b3e94addeeae50b5fd8df8a0a8fbcf02bf33c/554b128b-274a-440c-88b8-d0ae27435933_2026-07-27T17-50-42-04-00.jpg,https://seeclickfix.com/issues/22351866,2026-07-28T07:09:40.000,2026-07-28 14:47:47,0.0,0.8724537037037037
22350406,Cambridge,Rodent Sighting,Rodent Sighting,Closed,Saw a rat coming out of a Neigbors trash bin,2026-07-27 15:52:54,2026-07-28T14:44:38.000,"19 Hubbard Ave Cambridge, Massachusetts, 02140",42.388622830386296,-71.12626238312865,"{'latitude': '42.388622830386296', 'longitude': '-71.12626238312865', 'human_address': '{""address"": """", ""city"": """", ""state"": """", ""zip"": """"}'}",,https://seeclickfix.com/issues/22350406,2026-07-28T07:09:54.000,2026-07-28 14:44:38,0.0,0.9525925925925925
22346183,Cambridge,Rodent Sighting,Rodent Sighting,Closed,RATS are living under the back porch of this building. They run under my porch from this location. They have put up a pump up pool filled with nasty stuff in the back yard also a breeding ground for mosquitoes and food and water source for the rats.  The trash and un clean area have been an issue since I moved here in January.  I've seen birds of prey pick up several from this yard as well as my own back yard. This is a sanitation issue aswell as a rodent issue.,2026-07-27 11:20:45,2026-07-31T08:34:47.000,"12 Laurel St Cambridge, MA, 02139, USA",42.36266411953618,-71.11074484079238,"{'latitude': '42.36266411953618', 'longitude': '-71.11074484079238', 'human_address': '{""address"": """", ""city"": """", ""state"": """", ""zip"": """"}'}",,https://seeclickfix.com/issues/22346183,2026-07-28T07:10:07.000,2026-07-31 08:34:46,0.0516,3.8847337962962962
22345332,Cambridge,Rodent Sighting,Rodent Sighting,Archived,Overflowing trash in neighbors yard.,2026-07-27 10:28:29,2026-07-29T15:39:51.000,"19 Sacramento Pl Cambridge, Massachusetts, 02138",42.38201068016315,-71.11726499450917,"{'latitude': '42.38201068016315', 'longitude': '-71.11726499450917', 'human_address': '{""address"": """", ""city"": """", ""state"": """", ""zip"": """"}'}",https://seeclickfix.com/rails/active_storage/representations/redirect/eyJfcmFpbHMiOnsiZGF0YSI6NDMwNTg3NzUsInB1ciI6ImJsb2JfaWQifX0=--469a6432f9ea102811ee2bb3cef9f8f1dcbe9aab/eyJfcmFpbHMiOnsiZGF0YSI6eyJmb3JtYXQiOiJqcGciLCJhdXRvX29yaWVudCI6dHJ1ZSwic3RyaXAiOnRydWUsInJlc2l6ZSI6IjgwMHg2MDAifSwicHVyIjoidmFyaWF0aW9uIn19--242b3e94addeeae50b5fd8df8a0a8fbcf02bf33c/2db34187-521a-4a27-9e83-8905ee8ed8d8_2026-07-27T10-26-45-04-00.jpg,https://seeclickfix.com/issues/22345332,2026-07-28T07:10:34.000,,0.0,
22345170,Cambridge,Rodent Sighting,Rodent Sighting,Closed,I saw a rat running between my house and the house next door (11 Sac. Place).  It ran under my front porch.  I would like help figuring out the problem.  (next door at 221 Sac. Place) had a messy trash area while they were on vacation_).  What do I do next?,2026-07-27 10:18:11,2026-07-30T14:27:40.000,"19 Sacramento Pl Cambridge, Massachusetts, 02138",42.38308524223286,-71.11714857216793,"{'latitude': '42.38308524223286', 'longitude': '-71.11714857216793', 'human_address': '{""address"": """", ""city"": """", ""state"": """", ""zip"": """"}'}",,https://seeclickfix.com/issues/22345170,2026-07-28T07:10:55.000,2026-07-30 14:27:40,0.0,3.173252314814815
22343462,Cambridge,Rodent Sighting,Rodent Sighting,Closed,"Another rat was seen exiting the garden this morning. This is a rapidly escalating problem. Particularly concerned that many are coming through Richdale Ave side given they have been visualized coming from those lots, and the unequal distribution on the odd numbered houses on Hubbard Ave. There are several children playing outdoors in the summertime - necessitating expeditious and thorough evaluation asap. Thank you.",2026-07-27 07:44:22,2026-07-28T14:44:52.000,"37 Hubbard Ave Cambridge, MA, 02140, USA",42.38868525134255,-71.12701563219146,"{'latitude': '42.38868525134255', 'longitude': '-71.12701563219146', 'human_address': '{""address"": """", ""city"": """", ""state"": """", ""zip"": """"}'}",,https://seeclickfix.com/issues/22343462,2026-07-28T07:11:30.000,2026-07-28 14:44:51,-0.4767,1.2920023148148148
22342850,Cambridge,Rodent Sighting,Rodent Sighting,Closed,Four raccoons have been congregating in our yard for the past month on and off.,2026-07-27 01:20:48,2026-07-31T08:43:49.000,"42 Middlesex St Cambridge, MA, 02140, USA",42.392197494578,-71.130502871764,"{'latitude': '42.392197494578', 'longitude': '-71.130502871764', 'human_address': '{""address"": """", ""city"": """", ""state"": """", ""zip"": """"}'}",https://seeclickfix.com/rails/active_storage/representations/redirect/eyJfcmFpbHMiOnsiZGF0YSI6NDMwNTA3NjIsInB1ciI6ImJsb2JfaWQifX0=--64c1e728ee3ba0d34a5e1df198c4692e4dc590c2/eyJfcmFpbHMiOnsiZGF0YSI6eyJmb3JtYXQiOiJqcGciLCJhdXRvX29yaWVudCI6dHJ1ZSwic3RyaXAiOnRydWUsInJlc2l6ZSI6IjgwMHg2MDAifSwicHVyIjoidmFyaWF0aW9uIn19--242b3e94addeeae50b5fd8df8a0a8fbcf02bf33c/e0ddd649-5d59-41e6-afad-b8858535fe4a_2026-07-27T01-19-14-04-00.jpg,https://seeclickfix.com/issues/22342850,2026-07-27T07:14:44.000,2026-07-31 08:43:49,0.0,4.307650462962963
22339666,Cambridge,Rodent Sighting,Rodent Sighting,Closed,"There seems to be a late night activity of a large rodent problem behind the home of 123 River Street in Cambridge.   There are holes in the dirt behind the area behind the garbage bins where there seems to be a colony.  Technically this is not a restaurant but it is right next to a restaurant at 125 River Street,  the rat colony is on the other side of a wooden fence.",2026-07-26 12:16:47,2026-07-27T15:28:03.000,"123 River St Cambridge, Massachusetts, 02139",42.36403619379491,-71.10871562320212,"{'latitude': '42.36403619379491', 'longitude': '-71.10871562320212', 'human_address': '{""address"": """", ""city"": """", ""state"": """", ""zip"": """"}'}",,https://seeclickfix.com/issues/22339666,2026-07-27T07:14:12.000,2026-07-27 15:28:02,-0.3716,1.1328125
22337553,Cambridge,Rodent Sighting,Rodent Sighting,Closed,Just saw another rat coming from our back neighbor,2026-07-25 21:47:21,2026-07-28T14:45:09.000,"37a Hubbard Ave Cambridge, Massachusetts, 02140",42.38888694415546,-71.12695053737934,"{'latitude': '42.38888694415546', 'longitude': '-71.12695053737934', 'human_address': '{""address"": """", ""city"": """", ""state"": """", ""zip"": """"}'}",,https://seeclickfix.com/issues/22337553,2026-07-27T07:11:02.000,2026-07-28 14:45:09,0.0,2.7068055555555555
22337431,Cambridge,Rodent Sighting,Rodent Sighting,Closed,rat next to bike lane on Galileo,2026-07-25 21:05:58,2026-07-27T16:26:00.000,"346 Binney St Cambridge, Massachusetts, 02142",42.366,-71.0892,"{'latitude': '42.366', 'longitude': '-71.0892', 'human_address': '{""address"": """", ""city"": """", ""state"": """", ""zip"": """"}'}",,https://seeclickfix.com/issues/22337431,2026-07-27T07:09:37.000,2026-07-27 16:26:00,0.0,1.8055787037037037
22335508,Cambridge,Rodent Sighting,Rodent Sighting,Closed,Seen 2 in the last 2 weeks: one coming from the driveway into our garden and the second one coming from the back house into our garden,2026-07-25 13:16:41,2026-07-28T14:45:30.000,"37a Hubbard Ave Cambridge, Massachusetts, 02140",42.38888694415546,-71.12695053737934,"{'latitude': '42.38888694415546', 'longitude': '-71.12695053737934', 'human_address': '{""address"": """", ""city"": """", ""state"": """", ""zip"": """"}'}",,https://seeclickfix.com/issues/22335508,2026-07-27T07:10:11.000,2026-07-28 14:45:30,0.0,3.061678240740741
22335480,Cambridge,Rodent Sighting,Rodent Sighting,Closed,We have seen a rat going from driveway into the street next door,2026-07-25 13:11:24,2026-07-28T14:46:12.000,"37 Hubbard Ave Cambridge, Massachusetts, 02140",42.38875312707118,-71.12702429812728,"{'latitude': '42.38875312707118', 'longitude': '-71.12702429812728', 'human_address': '{""address"": """", ""city"": """", ""state"": """", ""zip"": """"}'}",,https://seeclickfix.com/issues/22335480,2026-07-27T07:10:45.000,2026-07-28 14:46:12,0.0,3.0658333333333334
22333154,Cambridge,Rodent Sighting,Rodent Sighting,Closed,Saw a mouse at the entrance of the Music Building.,2026-07-24 23:25:19,2026-07-30T14:27:28.000,"3 Oxford St Cambridge, MA, 02138, USA",42.376940997914495,-71.1168659643485,"{'latitude': '42.376940997914495', 'longitude': '-71.1168659643485', 'human_address': '{""address"": """", ""city"": """", ""state"": """", ""zip"": """"}'}",,https://seeclickfix.com/issues/22333154,2026-07-27T07:13:28.000,2026-07-30 14:27:28,0.0,5.626493055555556
22332764,Cambridge,Rodent Sighting,Rodent Sighting,Closed,it went beyond the fence,2026-07-24 21:07:23,2026-07-28T14:34:35.000,"Mile 107.5 State Rte 2 E Cambridge, Massachusetts, 02139",42.3617429,-71.0979,"{'latitude': '42.3617429', 'longitude': '-71.0979', 'human_address': '{""address"": """", ""city"": """", ""state"": """", ""zip"": """"}'}",https://seeclickfix.com/rails/active_storage/representations/redirect/eyJfcmFpbHMiOnsiZGF0YSI6NDMwMjAyNDcsInB1ciI6ImJsb2JfaWQifX0=--c9bd98ea817f2e8e5be7d89449ed5dcba6e6f86a/eyJfcmFpbHMiOnsiZGF0YSI6eyJmb3JtYXQiOiJqcGciLCJhdXRvX29yaWVudCI6dHJ1ZSwic3RyaXAiOnRydWUsInJlc2l6ZSI6IjgwMHg2MDAifSwicHVyIjoidmFyaWF0aW9uIn19--242b3e94addeeae50b5fd8df8a0a8fbcf02bf33c/f0ef8374-1e23-4c5f-96ea-63a54f46327c_2026-07-24T21-06-32-04-00.png,https://seeclickfix.com/issues/22332764,2026-07-27T07:12:02.000,2026-07-28 14:34:34,0.0,3.727210648148148
22332409,Cambridge,Rodent Sighting,Rodent Sighting,Closed,Saw two rats running through our yard for the past several evenings,2026-07-24 19:47:51,2026-07-28T14:45:50.000,"31 Hubbard Ave Cambridge, Massachusetts, 02140",42.38873183703713,-71.12685129564576,"{'latitude': '42.38873183703713', 'longitude': '-71.12685129564576', 'human_address': '{""address"": """", ""city"": """", ""state"": """", ""zip"": """"}'}",,https://seeclickfix.com/issues/22332409,2026-07-27T07:15:47.000,2026-07-28 14:45:49,0.0,3.79025462962963
22328688,Cambridge,Rodent Sighting,Rodent Sighting,Closed,"frequent rat problems here.   the trash bins have rat bitten holes, need to be replaced.",2026-07-24 13:10:12,2026-07-29T15:38:00.000,"18 Kinnaird St Cambridge, Massachusetts, 02139",42.3647,-71.1089,"{'latitude': '42.3647', 'longitude': '-71.1089', 'human_address': '{""address"": """", ""city"": """", ""state"": """", ""zip"": """"}'}",,https://seeclickfix.com/issues/22328688,2026-07-27T07:11:35.000,2026-07-29 15:38:00,-0.4019,5.1026388888888885
22315357,Cambridge,Rodent Sighting,Rodent Sighting,Closed,"Do not close my request, do your job and fix the rat issue caused by a city resident who refuses to follow city sanitation code and is creating a rat feeding ground, I continually have to clean up someone else's mess, amd its disgusting,  plus the rats are a health hazzard which is your job to look into and fix this issue. I have move videos and pictures, its not just one rat. I will say the Red Tailed Hawks use the back yard as a hunting ground. This needs city intervention which is why I have had an inspection done and am asking for a follow up. Yet the building did not continue the city pest control after the city stopped supplying it from what I understand, so its also the city's fault for not continuing service  in the area, the city left the rat problem to the individual family to take care of. This area is #2 in the country for rat infestation,  and you canceling reports like this might be part of the reason we are so. Rats are a sanitation hazzard. Please fix this ordinance iss...",2026-07-23 08:26:13,2026-07-31T08:45:16.000,"10 Laurel St Cambridge, Massachusetts, 02139",42.36263737988308,-71.11061856668007,"{'latitude': '42.36263737988308', 'longitude': '-71.11061856668007', 'human_address': '{""address"": """", ""city"": """", ""state"": """", ""zip"": """"}'}",https://seeclickfix.com/rails/active_storage/representations/redirect/eyJfcmFpbHMiOnsiZGF0YSI6NDI5NjE0NjUsInB1ciI6ImJsb2JfaWQifX0=--1305f89a50373797fbb80a5dd3e481bdc4f1f607/eyJfcmFpbHMiOnsiZGF0YSI6eyJmb3JtYXQiOiJqcGciLCJhdXRvX29yaWVudCI6dHJ1ZSwic3RyaXAiOnRydWUsInJlc2l6ZSI6IjgwMHg2MDAifSwicHVyIjoidmFyaWF0aW9uIn19--242b3e94addeeae50b5fd8df8a0a8fbcf02bf33c/5e0dad6d-fdb1-423a-8513-ac7e300fac93_2026-07-23T08-17-49-04-00.jpg,https://seeclickfix.com/issues/22315357,2026-07-23T12:40:00.000,2026-07-31 08:45:16,-0.0772,8.013229166666667
22311876,Cambridge,Rodent Sighting,Rodent Sighting,Archived,Multiple large rat holes with rat sighting in daylight.,2026-07-22 17:19:55,2026-07-23T14:50:16.000,"1 Broadway Cambridge, MA, 02142, USA",42.36545423614818,-71.09073127760655,"{'latitude': '42.36545423614818', 'longitude': '-71.09073127760655', 'human_address': '{""address"": """", ""city"": """", ""state"": """", ""zip"": """"}'}",,https://seeclickfix.com/issues/22311876,2026-07-23T06:54:44.000,2026-07-23 14:50:16,0.0,0.8960763888888889
22310222,Cambridge,Rodent Sighting,Rodent Sighting,Archived,"Resident puts white rice on porch above me and it attracts pests and has no nutritional value for the birds. I have reported it here and have had inspection conducted on the property by the City of Cambridge ISD. Please see photos. If you look up from the walkway you can see starch dripping and pieces of rice that fall down thru the rotting porch, both of which are against City Sanitation and building code laws.",2026-07-22 15:00:03,2026-07-23T08:13:45.000,"10 Laurel St Cambridge, Massachusetts, 02139",42.36263737988308,-71.11061856668007,"{'latitude': '42.36263737988308', 'longitude': '-71.11061856668007', 'human_address': '{""address"": """", ""city"": """", ""state"": """", ""zip"": """"}'}",https://seeclickfix.com/rails/active_storage/representations/redirect/eyJfcmFpbHMiOnsiZGF0YSI6NDI5NDM5MDAsInB1ciI6ImJsb2JfaWQifX0=--0437c87f9b6692c144c5b97094ca90d1bf4425c0/eyJfcmFpbHMiOnsiZGF0YSI6eyJmb3JtYXQiOiJqcGciLCJhdXRvX29yaWVudCI6dHJ1ZSwic3RyaXAiOnRydWUsInJlc2l6ZSI6IjgwMHg2MDAifSwicHVyIjoidmFyaWF0aW9uIn19--242b3e94addeeae50b5fd8df8a0a8fbcf02bf33c/b59aa819-23e2-4263-855d-92275ed3c8f3_2026-07-22T14-57-01-04-00.jpg,https://seeclickfix.com/issues/22310222,,2026-07-22 15:32:47,0.6369,0.02273148148148148
22300547,Cambridge,Rodent Sighting,Rodent Sighting,Archived,Rat viewed at 4pm. Trash and dumpsters could be better contained.,2026-07-21 16:00:29,2026-07-23T12:09:38.000,"14 Lopez St Cambridge, MA, 02139, USA",42.36128009317894,-71.10454965595017,"{'latitude': '42.36128009317894', 'longitude': '-71.10454965595017', 'human_address': '{""address"": """", ""city"": """", ""state"": """", ""zip"": """"}'}",,https://seeclickfix.com/issues/22300547,2026-07-23T06:55:17.000,2026-07-23 12:09:38,0.2263,1.8396875
22293715,Cambridge,Rodent Sighting,Rodent Sighting,Archived,Many rats at all times of the day despite bait traps placed and enhanced fencing/barriers!!,2026-07-21 07:40:46,2026-07-21T08:21:58.000,"6 Houghton Street Somerville, Massachusetts, 02143",42.37430207575991,-71.09810706479354,"{'latitude': '42.37430207575991', 'longitude': '-71.09810706479354', 'human_address': '{""address"": """", ""city"": """", ""state"": """", ""zip"": """"}'}",,https://seeclickfix.com/issues/22293715,,,0.0,
22293694,Cambridge,Rodent Sighting,Rodent Sighting,Archived,Large grey rat with long tail,2026-07-21 07:37:08,2026-07-21T08:21:26.000,"369 Prospect St Cambridge, Massachusetts, 02139",42.3740456355585,-71.09805494116239,"{'latitude': '42.3740456355585', 'longitude': '-71.09805494116239', 'human_address': '{""address"": """", ""city"": """", ""state"": """", ""zip"": """"}'}",,https://seeclickfix.com/issues/22293694,,,0.0516,
22293646,Cambridge,Rodent Sighting,Rodent Sighting,Archived,Large grey rat with long tail,2026-07-21 07:25:32,2026-07-21T13:36:44.000,"1-99 Clary St Cambridge, MA, 02139, USA",42.37406319379983,-71.09821383312571,"{'latitude': '42.37406319379983', 'longitude': '-71.09821383312571', 'human_address': '{""address"": """", ""city"": """", ""state"": """", ""zip"": """"}'}",,https://seeclickfix.com/issues/22293646,2026-07-21T08:17:51.000,2026-07-21 13:36:44,0.0516,0.2577777777777778
22293364,Cambridge,Rodent Sighting,Rodent Sighting,Archived,Rat,2026-07-21 05:19:03,2026-07-21T14:48:52.000,"227-237 Allston St Cambridge, MA, 02139, USA",42.35954889419104,-71.10974363711033,"{'latitude': '42.35954889419104', 'longitude': '-71.10974363711033', 'human_address': '{""address"": """", ""city"": """", ""state"": """", ""zip"": """"}'}",,https://seeclickfix.com/issues/22293364,2026-07-21T08:16:54.000,2026-07-21 14:48:52,0.0,0.3957060185185185
22292049,Cambridge,Rodent Sighting,Rodent Sighting,Archived,Saw two large rats under hedges at dusk,2026-07-20 20:13:00,2026-07-21T08:23:42.000,"14 Dudley St Cambridge, Massachusetts, 02140",42.39618749678543,-71.12974194268469,"{'latitude': '42.39618749678543', 'longitude': '-71.12974194268469', 'human_address': '{""address"": """", ""city"": """", ""state"": """", ""zip"": """"}'}",,https://seeclickfix.com/issues/22292049,2026-07-21T08:16:24.000,2026-07-21 08:23:42,0.0,0.5074305555555556
22291492,Cambridge,Rodent Sighting,Rodent Sighting,Archived,Two rats walking down the sidewalk on the even side of the street in the magazine to Pearl direction.,2026-07-20 18:56:41,2026-07-23T12:22:32.000,"198 Hamilton St Cambridge, MA, 02139, USA",42.359870761197804,-71.10885217920453,"{'latitude': '42.359870761197804', 'longitude': '-71.10885217920453', 'human_address': '{""address"": """", ""city"": """", ""state"": """", ""zip"": """"}'}",,https://seeclickfix.com/issues/22291492,2026-07-21T14:42:54.000,2026-07-23 12:22:31,0.0,2.7262731481481484
22287061,Cambridge,Rodent Sighting,Rodent Sighting,Archived,Rat ran across the street and then under the porch at 36 chilton at 9:30 in the morning. I’m no expert but I don’t think it’s a good sign when they’re running around during daylight hours…,2026-07-20 13:19:25,2026-07-22T14:45:30.000,"36 Chilton St Cambridge 02138, United States",42.38224734599187,-71.13799565738186,"{'latitude': '42.38224734599187', 'longitude': '-71.13799565738186', 'human_address': '{""address"": """", ""city"": """", ""state"": """", ""zip"": """"}'}",,https://seeclickfix.com/issues/22287061,2026-07-21T08:15:59.000,2026-07-22 14:45:29,0.5023,2.0597685185185184
22285111,Cambridge,Rodent Sighting,Rodent Sighting,Archived,"Bags of trash were left over the weekend. I saw rodents running out of them. See bottoms of trash bags, which have been ripped open by rodents.",2026-07-20 11:26:57,2026-07-21T14:43:40.000,"81 Lake View Ave Cambridge, MA, 02138, USA",42.37894277227999,-71.13886614988581,"{'latitude': '42.37894277227999', 'longitude': '-71.13886614988581', 'human_address': '{""address"": """", ""city"": """", ""state"": """", ""zip"": """"}'}",https://seeclickfix.com/rails/active_storage/representations/redirect/eyJfcmFpbHMiOnsiZGF0YSI6NDI4NTg3ODcsInB1ciI6ImJsb2JfaWQifX0=--21ab651621565f579e44c1641ab5ce0b2427e026/eyJfcmFpbHMiOnsiZGF0YSI6eyJmb3JtYXQiOiJqcGVnIiwiYXV0b19vcmllbnQiOnRydWUsInN0cmlwIjp0cnVlLCJyZXNpemUiOiI4MDB4NjAwIn0sInB1ciI6InZhcmlhdGlvbiJ9fQ==--a24cd3b9f26082c533845b9cc150d8421a819967/063ef893-15c9-442c-9e1e-a82b2790dfb7_2026-07-20T11-24-59-04-00.jpeg,https://seeclickfix.com/issues/22285111,2026-07-21T08:10:52.000,2026-07-21 14:43:40,0.0,1.1366087962962963
22272399,Cambridge,Rodent Sighting,Rodent Sighting,Archived,"Heavy rodent activity in the northeast corner of JFK park. They seem to be ranging out from the bushes on the harvard property. We've seen at least 6-10 individuals, including juveniles, over the course of several hours. Activity was very evident around sunset",2026-07-18 00:40:53,2026-07-23T08:45:48.000,"79 John F Kennedy St Cambridge, Massachusetts, 02138",42.370725009314754,-71.12194645587857,"{'latitude': '42.370725009314754', 'longitude': '-71.12194645587857', 'human_address': '{""address"": """", ""city"": """", ""state"": """", ""zip"": """"}'}",,https://seeclickfix.com/issues/22272399,2026-07-21T08:23:38.000,2026-07-23 08:45:48,0.0,5.336747685185185
22271220,Cambridge,Rodent Sighting,Rodent Sighting,Archived,,2026-07-17 19:15:13,2026-07-22T14:45:44.000,"28-52 Saville St Cambridge, MA, 02138, USA",42.38354548591454,-71.13524548244555,"{'latitude': '42.38354548591454', 'longitude': '-71.13524548244555', 'human_address': '{""address"": """", ""city"": """", ""state"": """", ""zip"": """"}'}",,https://seeclickfix.com/issues/22271220,2026-07-21T08:24:03.000,2026-07-22 14:45:43,0.0,4.8128472222222225
22256424,Cambridge,Rodent Sighting,Rodent Sighting,Archived,We are seeing rats in our yard.  Can you inspect?,2026-07-16 10:32:37,2026-07-23T08:39:05.000,"91 Jackson St Cambridge, Massachusetts, 02140",42.396039976508334,-71.13500445668352,"{'latitude': '42.396039976508334', 'longitude': '-71.13500445668352', 'human_address': '{""address"": """", ""city"": """", ""state"": """", ""zip"": """"}'}",,https://seeclickfix.com/issues/22256424,2026-07-16T12:03:36.000,2026-07-23 08:39:05,0.0,6.921157407407407
22256350,Cambridge,Rodent Sighting,Rodent Sighting,Archived,Trash spread around rats abound .,2026-07-16 10:25:29,2026-07-23T08:37:23.000,"77 Trowbridge St Cambridge, MA, 02138, USA",42.375364872802,-71.110268957499,"{'latitude': '42.375364872802', 'longitude': '-71.110268957499', 'human_address': '{""address"": """", ""city"": """", ""state"": """", ""zip"": """"}'}",https://seeclickfix.com/rails/active_storage/representations/redirect/eyJfcmFpbHMiOnsiZGF0YSI6NDI3NjM1MzIsInB1ciI6ImJsb2JfaWQifX0=--2e41186ac9bdb805a7ef939a9b2335587869b601/eyJfcmFpbHMiOnsiZGF0YSI6eyJmb3JtYXQiOiJqcGciLCJhdXRvX29yaWVudCI6dHJ1ZSwic3RyaXAiOnRydWUsInJlc2l6ZSI6IjgwMHg2MDAifSwicHVyIjoidmFyaWF0aW9uIn19--242b3e94addeeae50b5fd8df8a0a8fbcf02bf33c/46fc3d66-d538-44e6-8811-2ecb5d283a64_2026-07-16T10-24-48-04-00.jpg,https://seeclickfix.com/issues/22256350,2026-07-16T11:40:11.000,2026-07-23 08:37:23,0.0,6.924930555555555
22253908,Cambridge,Rodent Sighting,Rodent Sighting,Archived,Rat spotted near the fence separating the 66 Homer and 47 Homer parking lots.,2026-07-15 23:22:12,2026-07-20T14:55:52.000,"66 Homer Ave Cambridge, Massachusetts, 02138",42.377151148149615,-71.14832874906637,"{'latitude': '42.377151148149615', 'longitude': '-71.14832874906637', 'human_address': '{""address"": """", ""city"": """", ""state"": """", ""zip"": """"}'}",,https://seeclickfix.com/issues/22253908,2026-07-16T10:33:51.000,2026-07-20 14:55:52,0.0,4.64837962962963
22246347,Cambridge,Rodent Sighting,Rodent Sighting,Archived,"Rice is being fed to birds on the second floor porch, without a feeder and the rice falls down on the first floor porch and ground attracting ants and rodents. 

I have asked many times of the resident to buy a feeder and use proper food for the wild birds. 

I have reported this issue to The City of Cambridge Inspectional Services, yet I am also reporting it here so that the proper departments can look into the ongoing issue.",2026-07-15 10:19:14,2026-07-22T14:41:58.000,"10 Laurel St Cambridge, MA, 02139, USA",42.36261275201441,-71.11070623859666,"{'latitude': '42.36261275201441', 'longitude': '-71.11070623859666', 'human_address': '{""address"": """", ""city"": """", ""state"": """", ""zip"": """"}'}",https://seeclickfix.com/rails/active_storage/representations/redirect/eyJfcmFpbHMiOnsiZGF0YSI6NDI3MzEzNTYsInB1ciI6ImJsb2JfaWQifX0=--81fbf6dc9c54358dd498eb3c523ae88dff6633d6/eyJfcmFpbHMiOnsiZGF0YSI6eyJmb3JtYXQiOiJqcGciLCJhdXRvX29yaWVudCI6dHJ1ZSwic3RyaXAiOnRydWUsInJlc2l6ZSI6IjgwMHg2MDAifSwicHVyIjoidmFyaWF0aW9uIn19--242b3e94addeeae50b5fd8df8a0a8fbcf02bf33c/4b1429e3-b6a5-42aa-8dd9-8378bfbae2e8_2026-07-15T10-17-30-04-00.jpg,https://seeclickfix.com/issues/22246347,2026-07-15T10:32:20.000,2026-07-22 14:08:02,0.4767,7.158888888888889
22245615,Cambridge,Rodent Sighting,Rodent Sighting,Archived,"Rats sighted on property. Entire lot overgrown. Building is vacant, absentee owner is not maintaining the lot. Please mow and eliminate rat hideouts!",2026-07-15 09:21:15,2026-07-16T14:25:32.000,"60 Ellery St Cambridge, Massachusetts, 02138",42.372365835806384,-71.10976973134548,"{'latitude': '42.372365835806384', 'longitude': '-71.10976973134548', 'human_address': '{""address"": """", ""city"": """", ""state"": """", ""zip"": """"}'}",https://seeclickfix.com/rails/active_storage/representations/redirect/eyJfcmFpbHMiOnsiZGF0YSI6NDI3MjkxOTIsInB1ciI6ImJsb2JfaWQifX0=--e5a19c0cc7418fbf130bb10360eba5c32aabb2ac/eyJfcmFpbHMiOnsiZGF0YSI6eyJmb3JtYXQiOiJqcGVnIiwiYXV0b19vcmllbnQiOnRydWUsInN0cmlwIjp0cnVlLCJyZXNpemUiOiI4MDB4NjAwIn0sInB1ciI6InZhcmlhdGlvbiJ9fQ==--a24cd3b9f26082c533845b9cc150d8421a819967/d6a70062-31c2-4b07-bb9c-d5abfe9348f6_2026-07-15T09-18-23-04-00.jpeg,https://seeclickfix.com/issues/22245615,2026-07-15T13:29:35.000,2026-07-16 14:25:32,0.126,1.2113078703703704
22234789,Cambridge,Rodent Sighting,Rodent Sighting,Archived,"Rodents/mouse in the apartment, loud chewing at night in walls and behind cabinets. Fast scurry sighting of them running between shelters during the day.",2026-07-14 09:11:10,2026-07-16T10:35:51.000,"5 Cowperthwaite St Cambridge, Massachusetts, 02138",42.368944678205345,-71.11515569086892,"{'latitude': '42.368944678205345', 'longitude': '-71.11515569086892', 'human_address': '{""address"": """", ""city"": """", ""state"": """", ""zip"": """"}'}",https://seeclickfix.com/rails/active_storage/representations/redirect/eyJfcmFpbHMiOnsiZGF0YSI6NDI2OTM2MzUsInB1ciI6ImJsb2JfaWQifX0=--1e8b9717718d6c885ecbb60efb05922737b05015/eyJfcmFpbHMiOnsiZGF0YSI6eyJmb3JtYXQiOiJqcGVnIiwiYXV0b19vcmllbnQiOnRydWUsInN0cmlwIjp0cnVlLCJyZXNpemUiOiI4MDB4NjAwIn0sInB1ciI6InZhcmlhdGlvbiJ9fQ==--a24cd3b9f26082c533845b9cc150d8421a819967/33cf1567-ddc0-4afe-9ba3-71b1d6e04fef_2026-07-14T09-08-15-04-00.jpeg,https://seeclickfix.com/issues/22234789,2026-07-14T13:15:25.000,2026-07-16 10:35:50,0.0,2.0587962962962965
22234488,Cambridge,Rodent Sighting,Rodent Sighting,Archived,"a rat was calmly walking along in the street close to the sidewalk on the opposite side from the BBN lower school, a bit closer to brattle. the company I hired at 121 Brattle, where we also have seen them, put down traps at our place and told me that if a rat is walking around like that in broad daylight they have probably ingested something and are ill/on their way out. in twenty years in this area I have never seen rats like this, worse than NYC in the 80s.",2026-07-14 08:48:24,2026-07-16T12:04:59.000,"16-24 Craigie St Cambridge, MA, 02138, USA",42.37828881135228,-71.12894205661732,"{'latitude': '42.37828881135228', 'longitude': '-71.12894205661732', 'human_address': '{""address"": """", ""city"": """", ""state"": """", ""zip"": """"}'}",,https://seeclickfix.com/issues/22234488,2026-07-14T13:23:20.000,2026-07-16 12:04:59,0.1217,2.1365162037037035
22228274,Cambridge,Rodent Sighting,Rodent Sighting,Archived,,2026-07-13 14:27:43,2026-07-13T17:37:48.000,"1221 Cambridge St Cambridge, Massachusetts, 02139",42.37363288620026,-71.09756014826594,"{'latitude': '42.37363288620026', 'longitude': '-71.09756014826594', 'human_address': '{""address"": """", ""city"": """", ""state"": """", ""zip"": """"}'}",,https://seeclickfix.com/issues/22228274,2026-07-13T15:17:17.000,2026-07-13 17:34:39,0.0,0.12981481481481483
22215991,Cambridge,Rodent Sighting,Rodent Sighting,Archived,New rat burrow in front yard of 14 Dudley St,2026-07-11 19:39:12,2026-07-13T17:08:59.000,"14 Dudley St Cambridge, MA, 02140, USA",42.396181916071,-71.129761743885,"{'latitude': '42.396181916071', 'longitude': '-71.129761743885', 'human_address': '{""address"": """", ""city"": """", ""state"": """", ""zip"": """"}'}",https://seeclickfix.com/rails/active_storage/representations/redirect/eyJfcmFpbHMiOnsiZGF0YSI6NDI2MzA4ODAsInB1ciI6ImJsb2JfaWQifX0=--94eb8f73690c91dbeabe4ddf13d0605d7b8b63c3/eyJfcmFpbHMiOnsiZGF0YSI6eyJmb3JtYXQiOiJqcGciLCJhdXRvX29yaWVudCI6dHJ1ZSwic3RyaXAiOnRydWUsInJlc2l6ZSI6IjgwMHg2MDAifSwicHVyIjoidmFyaWF0aW9uIn19--242b3e94addeeae50b5fd8df8a0a8fbcf02bf33c/65ab616a-dfde-46fc-9978-2cb17e3f6ef8_2026-07-11T19-37-52-04-00.jpg,https://seeclickfix.com/issues/22215991,2026-07-13T07:20:31.000,2026-07-13 17:08:59,0.0,1.8956828703703703
22213818,Cambridge,Rodent Sighting,Rodent Sighting,Archived,Rat walking along sidewalk next to ground cover in the middle of the day.,2026-07-11 12:04:52,2026-07-15T13:32:06.000,"13 Ware St Cambridge 02138, United States",42.372782134238356,-71.11309574879219,"{'latitude': '42.372782134238356', 'longitude': '-71.11309574879219', 'human_address': '{""address"": """", ""city"": """", ""state"": """", ""zip"": """"}'}",,https://seeclickfix.com/issues/22213818,2026-07-13T07:19:43.000,2026-07-15 13:32:06,0.0,4.060578703703704
22213792,Cambridge,Rodent Sighting,Rodent Sighting,Archived,Rat sighted.,2026-07-11 12:02:16,2026-07-20T20:37:29.000,"33–91 Manassas Ave Cambridge 02138, United States",42.381649609696495,-71.1309499082126,"{'latitude': '42.381649609696495', 'longitude': '-71.1309499082126', 'human_address': '{""address"": """", ""city"": """", ""state"": """", ""zip"": """"}'}",,https://seeclickfix.com/issues/22213792,2026-07-13T07:19:05.000,2026-07-13 15:50:30,0.0,2.15849537037037
22213785,Cambridge,Rodent Sighting,Rodent Sighting,Archived,Rat sighted in yard,2026-07-11 12:01:27,2026-07-13T15:51:22.000,"264 Huron Ave Cambridge 02138, United States",42.381184012194055,-71.13453948066554,"{'latitude': '42.381184012194055', 'longitude': '-71.13453948066554', 'human_address': '{""address"": """", ""city"": """", ""state"": """", ""zip"": """"}'}",,https://seeclickfix.com/issues/22213785,2026-07-13T07:17:46.000,2026-07-13 15:51:22,0.0,2.159664351851852
22211640,Cambridge,Rodent Sighting,Rodent Sighting,Archived,There are rat holes and rats all in the mulch on the side of the Schlumberger Doll Research Center building. There are benches and shrubs that hide the holes but they are huge with rat activity even mid day.,2026-07-10 21:23:13,2026-07-13T17:23:51.000,"1 Broadway Cambridge, MA, 02142, USA",42.365512725804315,-71.09058860853563,"{'latitude': '42.365512725804315', 'longitude': '-71.09058860853563', 'human_address': '{""address"": """", ""city"": """", ""state"": """", ""zip"": """"}'}",,https://seeclickfix.com/issues/22211640,2026-07-13T07:17:12.000,2026-07-13 17:23:51,0.3818,2.8337731481481483
22206723,Cambridge,Rodent Sighting,Rodent Sighting,Archived,"Wednesday evening, 8:30pm, rat crossing Oak St from around 12-14 Oak towards 9 Oak.",2026-07-10 12:07:22,2026-07-13T17:14:53.000,"12 Oak St Cambridge, Massachusetts, 02139",42.37392181040279,-71.09970784331657,"{'latitude': '42.37392181040279', 'longitude': '-71.09970784331657', 'human_address': '{""address"": """", ""city"": """", ""state"": """", ""zip"": """"}'}",,https://seeclickfix.com/issues/22206723,2026-07-13T07:15:28.000,2026-07-13 17:14:53,0.0,3.213553240740741
22204476,Cambridge,Rodent Sighting,Rodent Sighting,Archived,"Multiple rat sightings, especially at dusk.  4-6 rats visible at a time in the yards and Oak Street.  Active burrows at 9 Oak in the front gardens.",2026-07-10 09:12:26,2026-07-10T11:11:33.000,"9 Oak St Cambridge, Massachusetts, 02139",42.37392507934502,-71.09942193659927,"{'latitude': '42.37392507934502', 'longitude': '-71.09942193659927', 'human_address': '{""address"": """", ""city"": """", ""state"": """", ""zip"": """"}'}",,https://seeclickfix.com/issues/22204476,2026-07-10T09:47:30.000,2026-07-10 11:11:30,0.4019,0.08268518518518518
22202098,Cambridge,Rodent Sighting,Rodent Sighting,Archived,"This is more of an invasion than a sighting. There are so many nests throughout the property of 40 and 50 York St. I have more pictures but can only upload 5. There are some old bait traps, but they have done nothing to destroy the nests. You can see in one of the pictures, they are living between the property lines of the fences because they can't be reached. Some of them are as big as small cats. They're getting bolder, even coming out before it turns dark. I've tried to stop them from digging on my property. But as soon as I destroy one nest they dig another.",2026-07-09 19:43:56,2026-07-10T10:50:06.000,"50 York St Cambridge, MA, 02141, USA",42.369369677635554,-71.0919803091061,"{'latitude': '42.369369677635554', 'longitude': '-71.0919803091061', 'human_address': '{""address"": """", ""city"": """", ""state"": """", ""zip"": """"}'}",https://seeclickfix.com/rails/active_storage/representations/redirect/eyJfcmFpbHMiOnsiZGF0YSI6NDI1ODM3MzIsInB1ciI6ImJsb2JfaWQifX0=--dee7b6fe103f03b7d08f114e0092a4b9b4957bff/eyJfcmFpbHMiOnsiZGF0YSI6eyJmb3JtYXQiOiJqcGVnIiwiYXV0b19vcmllbnQiOnRydWUsInN0cmlwIjp0cnVlLCJyZXNpemUiOiI4MDB4NjAwIn0sInB1ciI6InZhcmlhdGlvbiJ9fQ==--a24cd3b9f26082c533845b9cc150d8421a819967/487c73e3-3177-48d6-9042-f5ae82b27e2c_2026-07-09T19-19-14-04-00.jpeg,https://seeclickfix.com/issues/22202098,2026-07-10T07:48:05.000,2026-07-10 10:50:06,0.7967,0.6292824074074074
22195768,Cambridge,Rodent Sighting,Rodent Sighting,Archived,Rats seen entering between logs,2026-07-09 10:42:00,2026-07-10T11:11:57.000,"150 Erie St Cambridge, Massachusetts, 02139",42.35931730803437,-71.10690337191659,"{'latitude': '42.35931730803437', 'longitude': '-71.10690337191659', 'human_address': '{""address"": """", ""city"": """", ""state"": """", ""zip"": """"}'}",https://seeclickfix.com/rails/active_storage/representations/redirect/eyJfcmFpbHMiOnsiZGF0YSI6NDI1NjM4OTYsInB1ciI6ImJsb2JfaWQifX0=--bb0f1b0deefed915e1131efb3d1a380ae66d280b/eyJfcmFpbHMiOnsiZGF0YSI6eyJmb3JtYXQiOiJqcGVnIiwiYXV0b19vcmllbnQiOnRydWUsInN0cmlwIjp0cnVlLCJyZXNpemUiOiI4MDB4NjAwIn0sInB1ciI6InZhcmlhdGlvbiJ9fQ==--a24cd3b9f26082c533845b9cc150d8421a819967/75565354-8960-4387-85ba-fbf8cb4d374c_2026-07-09T10-40-42-04-00.jpeg,https://seeclickfix.com/issues/22195768,2026-07-09T11:23:30.000,2026-07-10 11:11:57,0.0,1.0207986111111111
22195049,Cambridge,Rodent Sighting,Rodent Sighting,Archived,Rats seen in these two openings in the ground,2026-07-09 09:50:09,2026-07-10T11:14:04.000,"151 Hamilton St Cambridge, Massachusetts, 02139",42.359482766803104,-71.10750703658329,"{'latitude': '42.359482766803104', 'longitude': '-71.10750703658329', 'human_address': '{""address"": """", ""city"": """", ""state"": """", ""zip"": """"}'}",https://seeclickfix.com/rails/active_storage/representations/redirect/eyJfcmFpbHMiOnsiZGF0YSI6NDI1NjE5MzUsInB1ciI6ImJsb2JfaWQifX0=--7d332a5d647cdfc274c2e93b3c2172f67dc4b9b9/eyJfcmFpbHMiOnsiZGF0YSI6eyJmb3JtYXQiOiJqcGVnIiwiYXV0b19vcmllbnQiOnRydWUsInN0cmlwIjp0cnVlLCJyZXNpemUiOiI4MDB4NjAwIn0sInB1ciI6InZhcmlhdGlvbiJ9fQ==--a24cd3b9f26082c533845b9cc150d8421a819967/9ceaf5cf-6837-42b5-b9f3-aeb04268bdca_2026-07-09T09-48-13-04-00.jpeg,https://seeclickfix.com/issues/22195049,2026-07-09T11:20:42.000,2026-07-10 11:14:04,0.0,1.058275462962963
22192352,Cambridge,Rodent Sighting,Rodent Sighting,Archived,"2 rats running out and about here, one caught on camera",2026-07-08 20:45:12,2026-07-10T07:17:38.000,"10 Agassiz St Cambridge, Massachusetts, 02140",42.38476493372018,-71.12127783294827,"{'latitude': '42.38476493372018', 'longitude': '-71.12127783294827', 'human_address': '{""address"": """", ""city"": """", ""state"": """", ""zip"": """"}'}",https://seeclickfix.com/rails/active_storage/representations/redirect/eyJfcmFpbHMiOnsiZGF0YSI6NDI1NTI0ODIsInB1ciI6ImJsb2JfaWQifX0=--08d3ab8355ef38ae4b6adedfb6007c3638cf93ac/eyJfcmFpbHMiOnsiZGF0YSI6eyJmb3JtYXQiOiJqcGVnIiwiYXV0b19vcmllbnQiOnRydWUsInN0cmlwIjp0cnVlLCJyZXNpemUiOiI4MDB4NjAwIn0sInB1ciI6InZhcmlhdGlvbiJ9fQ==--a24cd3b9f26082c533845b9cc150d8421a819967/11b2f0db-794e-4d9d-9fd0-ee961dfc3d4a_2026-07-08T20-43-57-04-00.jpeg,https://seeclickfix.com/issues/22192352,2026-07-09T11:31:21.000,2026-07-10 07:17:29,0.0,1.4390856481481482
22186046,Cambridge,Rodent Sighting,Rodent Sighting,Archived,"I am a resident of 10 Agassiz, and as I was taking out the trash this morning I opened the bin to find a rat jumping around inside.  Normally I take the trash out only during daylight and early in the week to avoid rats, because the bins are always overflowing and open by the end of the week - but now the building has reduced the number of trash bins accessible so the problem is getting worse.  They emailed the residents saying to always put trash in the bins to keep rodents under control, but there aren’t enough bins so we end up with rat-accessible trash anyway!  (And some bins already have holes chewed in them and need to be replaced).  It was pretty alarming and it would be great if the city could talk to the management about a plan to prevent this going forward.",2026-07-08 11:36:00,2026-07-10T07:17:56.000,"10 Agassiz St Cambridge, Massachusetts, 02140",42.38476493372018,-71.12127783294827,"{'latitude': '42.38476493372018', 'longitude': '-71.12127783294827', 'human_address': '{""address"": """", ""city"": """", ""state"": """", ""zip"": """"}'}",,https://seeclickfix.com/issues/22186046,2026-07-08T14:34:06.000,2026-07-10 07:17:55,0.3345,1.8207754629629629
22172423,Cambridge,Rodent Sighting,Rodent Sighting,Archived,One rat around 830am,2026-07-07 08:32:21,2026-07-09T15:37:08.000,"125 Mount Auburn St Cambridge, MA, 02138, USA",42.37342436611222,-71.12279710208746,"{'latitude': '42.37342436611222', 'longitude': '-71.12279710208746', 'human_address': '{""address"": """", ""city"": """", ""state"": """", ""zip"": """"}'}",,https://seeclickfix.com/issues/22172423,2026-07-07T09:29:41.000,2026-07-09 15:37:08,0.0,2.294988425925926
22168712,Cambridge,Rodent Sighting,Rodent Sighting,Archived,"Sunday 7/5, dusk, rat crossing Oak Street to the west",2026-07-06 17:25:30,2026-07-07T14:01:46.000,"12 Oak St Cambridge, Massachusetts, 02139",42.37392181040279,-71.09970784331657,"{'latitude': '42.37392181040279', 'longitude': '-71.09970784331657', 'human_address': '{""address"": """", ""city"": """", ""state"": """", ""zip"": """"}'}",,https://seeclickfix.com/issues/22168712,2026-07-07T07:19:30.000,2026-07-07 14:01:46,0.0,0.8585185185185186
22168327,Cambridge,Rodent Sighting,Rodent Sighting,Archived,Rodents sighted in the driveway and at the back of the house.,2026-07-06 16:58:26,2026-07-07T13:49:35.000,"5 Florence St Cambridge, Massachusetts, 02139",42.35828495092948,-71.11296457755985,"{'latitude': '42.35828495092948', 'longitude': '-71.11296457755985', 'human_address': '{""address"": """", ""city"": """", ""state"": """", ""zip"": """"}'}",,https://seeclickfix.com/issues/22168327,2026-07-07T07:18:59.000,2026-07-07 13:49:35,0.0,0.8688541666666667
22157483,Cambridge,Rodent Sighting,Rodent Sighting,Archived,We saw a rat at this raised garden bed and as you can see he moved away the pebble/rocks and went underneath.  There are a few holes in the grass in front of house as well.,2026-07-05 18:26:08,2026-07-08T07:13:14.000,"20 Berkeley St Cambridge, Massachusetts, 02138",42.37845361208442,-71.1261902149423,"{'latitude': '42.37845361208442', 'longitude': '-71.1261902149423', 'human_address': '{""address"": """", ""city"": """", ""state"": """", ""zip"": """"}'}",https://seeclickfix.com/rails/active_storage/representations/redirect/eyJfcmFpbHMiOnsiZGF0YSI6NDI0Mzc1MzcsInB1ciI6ImJsb2JfaWQifX0=--30fa67b8d3180e0eaa52ed155090bc1efa119257/eyJfcmFpbHMiOnsiZGF0YSI6eyJmb3JtYXQiOiJqcGciLCJhdXRvX29yaWVudCI6dHJ1ZSwic3RyaXAiOnRydWUsInJlc2l6ZSI6IjgwMHg2MDAifSwicHVyIjoidmFyaWF0aW9uIn19--242b3e94addeeae50b5fd8df8a0a8fbcf02bf33c/786139dd-7871-4427-9e66-3663a4a68186_2026-07-05T18-24-05-04-00.jpg,https://seeclickfix.com/issues/22157483,2026-07-07T07:18:02.000,2026-07-08 07:13:14,0.2732,2.5327083333333333
22156557,Cambridge,Rodent Sighting,Rodent Sighting,Archived,"At 11pm on July 4th, we saw a rat run across Arlington street and disappear into the stone garden wall on the 6 Arlington property.",2026-07-05 15:25:52,2026-07-08T14:29:03.000,"6 Arlington St Cambridge, Massachusetts, 02140",42.38630498270055,-71.11988165933633,"{'latitude': '42.38630498270055', 'longitude': '-71.11988165933633', 'human_address': '{""address"": """", ""city"": """", ""state"": """", ""zip"": """"}'}",,https://seeclickfix.com/issues/22156557,2026-07-07T07:17:21.000,2026-07-08 14:29:03,-0.2263,2.9605439814814813
22148170,Cambridge,Rodent Sighting,Rodent Sighting,Archived,,2026-07-03 22:18:29,2026-07-07T14:45:30.000,"14 Michael Way Cambridge, MA, 02141, USA",42.36983986546471,-71.08946054758944,"{'latitude': '42.36983986546471', 'longitude': '-71.08946054758944', 'human_address': '{""address"": """", ""city"": """", ""state"": """", ""zip"": """"}'}",,https://seeclickfix.com/issues/22148170,2026-07-07T07:15:12.000,2026-07-07 14:45:30,0.0,3.6854282407407406
22148168,Cambridge,Rodent Sighting,Rodent Sighting,Archived,Saw rat come in and out of our backyard,2026-07-03 22:18:22,2026-07-07T07:14:43.000,"14 Michael Way Cambridge, Massachusetts, 02141",42.36983986546471,-71.08946054758944,"{'latitude': '42.36983986546471', 'longitude': '-71.08946054758944', 'human_address': '{""address"": """", ""city"": """", ""state"": """", ""zip"": """"}'}",,https://seeclickfix.com/issues/22148168,,,0.0,
22147812,Cambridge,Rodent Sighting,Rodent Sighting,Archived,Five rodents hiding around the intersection of second and spring st. Came running out in both directions towards the homes on spring st and the building on thorndike when I walked past. They are quite large.,2026-07-03 20:43:11,2026-07-07T14:49:16.000,"27-43 Spring St Cambridge, MA, 02141, USA",42.368868230830245,-71.07922463119976,"{'latitude': '42.368868230830245', 'longitude': '-71.07922463119976', 'human_address': '{""address"": """", ""city"": """", ""state"": """", ""zip"": """"}'}",https://seeclickfix.com/rails/active_storage/representations/redirect/eyJfcmFpbHMiOnsiZGF0YSI6NDI0MDk4NjAsInB1ciI6ImJsb2JfaWQifX0=--de8fa08f52e8447d6ead9e4b7acb50e979d091b2/eyJfcmFpbHMiOnsiZGF0YSI6eyJmb3JtYXQiOiJqcGVnIiwiYXV0b19vcmllbnQiOnRydWUsInN0cmlwIjp0cnVlLCJyZXNpemUiOiI4MDB4NjAwIn0sInB1ciI6InZhcmlhdGlvbiJ9fQ==--a24cd3b9f26082c533845b9cc150d8421a819967/26e6bdc9-fce6-4655-8525-d8834d6e1e46_2026-07-03T20-42-05-04-00.jpeg,https://seeclickfix.com/issues/22147812,2026-07-07T07:14:19.000,2026-07-07 14:49:16,-0.296,3.754224537037037
22136292,Cambridge,Rodent Sighting,Rodent Sighting,Archived,"213 Rindge has overflowing trash and bags left out, with rats around them in the morning/evening",2026-07-02 10:14:02,2026-07-02T15:12:31.000,"213 Rindge Ave Cambridge, Massachusetts, 02140",42.39361010468661,-71.13296153542258,"{'latitude': '42.39361010468661', 'longitude': '-71.13296153542258', 'human_address': '{""address"": """", ""city"": """", ""state"": """", ""zip"": """"}'}",,https://seeclickfix.com/issues/22136292,2026-07-02T11:16:10.000,2026-07-02 15:12:31,0.0,0.20728009259259259
22123877,Cambridge,Rodent Sighting,Rodent Sighting,Archived,There are at least five rats hiding under this dumpster outside of 2nd street cafe. I’ve seen at least one rodent regularly on spring street between third and 2nd street in east Cambridge most evenings.,2026-06-30 20:31:28,2026-07-06T09:02:38.000,"30 Spring St Cambridge, MA, 02141, USA",42.36872843423796,-71.07921411776684,"{'latitude': '42.36872843423796', 'longitude': '-71.07921411776684', 'human_address': '{""address"": """", ""city"": """", ""state"": """", ""zip"": """"}'}",https://seeclickfix.com/rails/active_storage/representations/redirect/eyJfcmFpbHMiOnsiZGF0YSI6NDIzMzA5MzcsInB1ciI6ImJsb2JfaWQifX0=--91eadcbead792daea4145d6ea24aa470b8d88cca/eyJfcmFpbHMiOnsiZGF0YSI6eyJmb3JtYXQiOiJqcGciLCJhdXRvX29yaWVudCI6dHJ1ZSwic3RyaXAiOnRydWUsInJlc2l6ZSI6IjgwMHg2MDAifSwicHVyIjoidmFyaWF0aW9uIn19--242b3e94addeeae50b5fd8df8a0a8fbcf02bf33c/770c600a-1e96-4d71-a5cb-f7cd87241ec4_2026-06-30T20-29-38-04-00.jpg,https://seeclickfix.com/issues/22123877,2026-07-01T08:07:42.000,2026-07-06 09:02:38,-0.4215,5.521643518518519
22112527,Cambridge,Rodent Sighting,Rodent Sighting,Archived,"Massive rat activity on the back of BOTH SIDES of this building!!!
I just saw at 7:15pm, over ten (10) rats running around in daylight. Took pictures and videos. Also on the back right, there is clearly a huge rats burrow with holes, and just saw rats actually going in and out of it.
Major infestation! Must exterminate immediately all around this property, please!",2026-06-29 19:18:06,2026-06-30T15:58:52.000,"87 2nd St Cambridge, Massachusetts, 02141",42.3685241196286,-71.07924867759883,"{'latitude': '42.3685241196286', 'longitude': '-71.07924867759883', 'human_address': '{""address"": """", ""city"": """", ""state"": """", ""zip"": """"}'}",https://seeclickfix.com/rails/active_storage/representations/redirect/eyJfcmFpbHMiOnsiZGF0YSI6NDIyOTY0NzMsInB1ciI6ImJsb2JfaWQifX0=--d1cc4945c05191482367e89078e83824714eb372/eyJfcmFpbHMiOnsiZGF0YSI6eyJmb3JtYXQiOiJqcGciLCJhdXRvX29yaWVudCI6dHJ1ZSwic3RyaXAiOnRydWUsInJlc2l6ZSI6IjgwMHg2MDAifSwicHVyIjoidmFyaWF0aW9uIn19--242b3e94addeeae50b5fd8df8a0a8fbcf02bf33c/ac925959-aba3-4ef8-a556-9ab1c5393c4f_2026-06-29T19-12-32-04-00.jpg,https://seeclickfix.com/issues/22112527,2026-06-30T07:53:38.000,2026-06-30 15:58:52,0.816,0.8616435185185185
22103274,Cambridge,Rodent Sighting,Rodent Sighting,Archived,There are quite a few large rats in the Cambridge CX park - they go in and out of all those garbage cans in the evening. Some of them are almost as large as a medium size bunny. The tail however identifies them.,2026-06-29 08:10:41,2026-06-29T16:36:21.000,"326 Morgan Ave Cambridge, MA, 02141, USA",42.37149622809709,-71.07473320825598,"{'latitude': '42.37149622809709', 'longitude': '-71.07473320825598', 'human_address': '{""address"": """", ""city"": """", ""state"": """", ""zip"": """"}'}",,https://seeclickfix.com/issues/22103274,2026-06-29T08:19:18.000,2026-06-29 16:36:21,0.0,0.3511574074074074
22099062,Cambridge,Rodent Sighting,Rodent Sighting,Archived,Saw 4 rats scurrying in front of the building at around 10:00 pm Saturday night (6/27),2026-06-28 11:48:09,2026-07-01T14:38:55.000,"16 Edmunds St Cambridge, Massachusetts, 02140",42.39842135902017,-71.1323077469749,"{'latitude': '42.39842135902017', 'longitude': '-71.1323077469749', 'human_address': '{""address"": """", ""city"": """", ""state"": """", ""zip"": """"}'}",,https://seeclickfix.com/issues/22099062,2026-06-29T08:18:11.000,2026-07-01 14:38:55,0.0,3.118587962962963
22097032,Cambridge,Rodent Sighting,Rodent Sighting,Archived,"The residents of Newman, Foch and Gladstone have had multiple sightings of rats running through back yards and driveways.  All residents are interested in getting rat traps and any guidance from inspectional services on how to eliminate the problem.",2026-06-27 20:14:04,2026-07-01T07:56:14.000,"Newman St Cambridge, Massachusetts, 02140",42.40061328956542,-71.13419145398503,"{'latitude': '42.40061328956542', 'longitude': '-71.13419145398503', 'human_address': '{""address"": """", ""city"": """", ""state"": """", ""zip"": """"}'}",,https://seeclickfix.com/issues/22097032,2026-06-29T08:17:50.000,2026-07-01 07:56:13,0.0,3.487604166666667
22078497,Cambridge,Rodent Sighting,Rodent Sighting,Archived,Walked by this location on my way to work this morning and saw a scurry. Wasn’t able to capture it in the photo.,2026-06-25 12:39:35,2026-06-26T11:02:04.000,"74 Spring St Cambridge, MA, 02141, USA",42.368952004411,-71.081494889726,"{'latitude': '42.368952004411', 'longitude': '-71.081494889726', 'human_address': '{""address"": """", ""city"": """", ""state"": """", ""zip"": """"}'}",https://seeclickfix.com/rails/active_storage/representations/redirect/eyJfcmFpbHMiOnsiZGF0YSI6NDIxODU3OTEsInB1ciI6ImJsb2JfaWQifX0=--c60ef39038ee73cd3ea8337a8ffd267bde14c72b/eyJfcmFpbHMiOnsiZGF0YSI6eyJmb3JtYXQiOiJqcGciLCJhdXRvX29yaWVudCI6dHJ1ZSwic3RyaXAiOnRydWUsInJlc2l6ZSI6IjgwMHg2MDAifSwicHVyIjoidmFyaWF0aW9uIn19--242b3e94addeeae50b5fd8df8a0a8fbcf02bf33c/129e7e23-0c59-4450-a189-04b3b27b9b48_2026-06-25T12-38-23-04-00.jpg,https://seeclickfix.com/issues/22078497,2026-06-25T15:15:34.000,2026-06-26 11:02:04,0.0,0.9322800925925926
22071679,Cambridge,Rodent Sighting,Rodent Sighting,Archived,Large rat running along the back driveway and what appears to be overflowing uncovered trash that wasn't left out for pickup today. 5 pm sighting,2026-06-24 17:16:10,2026-06-29T17:24:59.000,"36 Roberts Rd Cambridge, Massachusetts, 02138",42.37682333191633,-71.10817323024764,"{'latitude': '42.37682333191633', 'longitude': '-71.10817323024764', 'human_address': '{""address"": """", ""city"": """", ""state"": """", ""zip"": """"}'}",,https://seeclickfix.com/issues/22071679,2026-06-25T15:15:09.000,2026-06-29 17:24:59,0.0,5.006122685185185
22062778,Cambridge,Rodent Sighting,Rodent Sighting,Archived,Rat in this english ivy patch at 110 trowbridge st,2026-06-23 21:11:02,2026-06-26T10:42:45.000,"108 Trowbridge St Cambridge, Massachusetts, 02138",42.37663664422209,-71.1094872383724,"{'latitude': '42.37663664422209', 'longitude': '-71.1094872383724', 'human_address': '{""address"": """", ""city"": """", ""state"": """", ""zip"": """"}'}",https://seeclickfix.com/rails/active_storage/representations/redirect/eyJfcmFpbHMiOnsiZGF0YSI6NDIxMzQ4NjksInB1ciI6ImJsb2JfaWQifX0=--a46412179788f7f6f0067f5d0fd9a16b5b576c5d/eyJfcmFpbHMiOnsiZGF0YSI6eyJmb3JtYXQiOiJqcGciLCJhdXRvX29yaWVudCI6dHJ1ZSwic3RyaXAiOnRydWUsInJlc2l6ZSI6IjgwMHg2MDAifSwicHVyIjoidmFyaWF0aW9uIn19--242b3e94addeeae50b5fd8df8a0a8fbcf02bf33c/930b9f52-4689-48d4-b953-9f25e2d4d715_2026-06-23T21-09-54-04-00.jpg,https://seeclickfix.com/issues/22062778,2026-06-24T07:32:18.000,2026-06-26 10:42:45,0.0,2.56369212962963
22058507,Cambridge,Rodent Sighting,Rodent Sighting,Archived,Gigantic rat went from the street in not the yard - looks a bit injured or sick- you can see it in the photo by the gutter downspout,2026-06-23 14:19:39,2026-06-29T17:14:08.000,"39 Line St CAMBRIDGE, MA, 02138, USA",42.37700550553893,-71.10619640055904,"{'latitude': '42.37700550553893', 'longitude': '-71.10619640055904', 'human_address': '{""address"": """", ""city"": """", ""state"": """", ""zip"": """"}'}",https://seeclickfix.com/rails/active_storage/representations/redirect/eyJfcmFpbHMiOnsiZGF0YSI6NDIxMTk4OTgsInB1ciI6ImJsb2JfaWQifX0=--480a053bfa0e7f70562c59c41a88eb905072c481/eyJfcmFpbHMiOnsiZGF0YSI6eyJmb3JtYXQiOiJqcGVnIiwiYXV0b19vcmllbnQiOnRydWUsInN0cmlwIjp0cnVlLCJyZXNpemUiOiI4MDB4NjAwIn0sInB1ciI6InZhcmlhdGlvbiJ9fQ==--a24cd3b9f26082c533845b9cc150d8421a819967/f992379d-b1bf-418a-84e6-b2443e5ecc50_2026-06-23T14-17-43-04-00.jpeg,https://seeclickfix.com/issues/22058507,2026-06-24T07:31:03.000,2026-06-29 17:14:08,-0.7184,6.121168981481482
22046733,Cambridge,Rodent Sighting,Rodent Sighting,Archived,"I am currently in shelter here there is clear sighting of rodents there is also indication of pest as well, I am an asthmatic and I have documented allergy to cockroaches and mice. Since being placed here me and my child’s health has been declining, there is  also sighting of either mold or mildew in the AC unit in my room",2026-06-22 14:02:35,2026-06-26T11:40:29.000,"39 Bishop Richard Allen Dr Cambridge, Massachusetts, 02139",42.36456877992284,-71.09979375782413,"{'latitude': '42.36456877992284', 'longitude': '-71.09979375782413', 'human_address': '{""address"": """", ""city"": """", ""state"": """", ""zip"": """"}'}",https://seeclickfix.com/rails/active_storage/representations/redirect/eyJfcmFpbHMiOnsiZGF0YSI6NDIwNzMwODEsInB1ciI6ImJsb2JfaWQifX0=--63729a9f2acf865ac00f1381a8c7477fac5068d0/eyJfcmFpbHMiOnsiZGF0YSI6eyJmb3JtYXQiOiJqcGVnIiwiYXV0b19vcmllbnQiOnRydWUsInN0cmlwIjp0cnVlLCJyZXNpemUiOiI4MDB4NjAwIn0sInB1ciI6InZhcmlhdGlvbiJ9fQ==--a24cd3b9f26082c533845b9cc150d8421a819967/cbef22ae-3f27-4a4e-a3e1-bacb49e30493_2026-06-22T13-56-56-04-00.jpeg,https://seeclickfix.com/issues/22046733,2026-06-22T15:17:31.000,2026-06-26 10:28:17,0.5719,3.8511805555555556
22039333,Cambridge,Rodent Sighting,Rodent Sighting,Archived,Rats sighted in daylight around 5:30 p.m. outside 2nd Street Deli. Dumpster had a hole in the top. One large rat went in and other rats seen in adjacent  area to the dumpsters - to the right of the Deli as you look at it. Sorry I did not have my phone with me for a photo.,2026-06-21 18:41:02,2026-06-22T15:10:59.000,"87 2nd St CAMBRIDGE, MA, 02141, USA",42.368592444816,-71.0791799066325,"{'latitude': '42.368592444816', 'longitude': '-71.0791799066325', 'human_address': '{""address"": """", ""city"": """", ""state"": """", ""zip"": """"}'}",,https://seeclickfix.com/issues/22039333,2026-06-22T07:26:42.000,2026-06-22 14:23:34,-0.2732,0.8212037037037037
22038271,Cambridge,Rodent Sighting,Rodent Sighting,Archived,"We’ve seen rats, and now there is a rat burrow in our front yard by the corner of the fence. Trash has been dragged into our yard. Please look at surrounding neighbors for violations.",2026-06-21 14:51:03,2026-06-23T14:30:24.000,"14 Dudley St Cambridge, Massachusetts, 02140",42.39630833333333,-71.129775,"{'latitude': '42.39630833333333', 'longitude': '-71.129775', 'human_address': '{""address"": """", ""city"": """", ""state"": """", ""zip"": """"}'}",https://seeclickfix.com/rails/active_storage/representations/redirect/eyJfcmFpbHMiOnsiZGF0YSI6NDIwNDU5NTEsInB1ciI6ImJsb2JfaWQifX0=--291f4f4a336f58dc2203fa1bfe2983c22865de12/eyJfcmFpbHMiOnsiZGF0YSI6eyJmb3JtYXQiOiJqcGciLCJhdXRvX29yaWVudCI6dHJ1ZSwic3RyaXAiOnRydWUsInJlc2l6ZSI6IjgwMHg2MDAifSwicHVyIjoidmFyaWF0aW9uIn19--242b3e94addeeae50b5fd8df8a0a8fbcf02bf33c/36465b74-0f20-4b0d-8249-14f889bcbbc4_2026-06-21T14-49-44-04-00.jpg,https://seeclickfix.com/issues/22038271,2026-06-22T07:26:10.000,2026-06-23 14:30:24,-0.3182,1.9856597222222223
22035957,Cambridge,Rodent Sighting,Rodent Sighting,Archived,There appears to be a path for rats at the back fence of our backyard and into the yard of our neighbors to the right at 51 Standish St. We have seen them pass by there several times in the evening.,2026-06-20 23:00:35,2026-06-24T15:17:06.000,"53 Standish St Cambridge, Massachusetts, 02138",42.382819257863225,-71.13881759398575,"{'latitude': '42.382819257863225', 'longitude': '-71.13881759398575', 'human_address': '{""address"": """", ""city"": """", ""state"": """", ""zip"": """"}'}",,https://seeclickfix.com/issues/22035957,2026-06-22T07:25:29.000,2026-06-24 15:17:06,0.0,3.678136574074074
22025085,Cambridge,Rodent Sighting,Rodent Sighting,Archived,Rat just hanging out in front of my building in daylight,2026-06-18 23:56:19,2026-06-24T15:17:55.000,"17 Everett St Cambridge, Massachusetts, 02138",42.38022199141068,-71.11845131860355,"{'latitude': '42.38022199141068', 'longitude': '-71.11845131860355', 'human_address': '{""address"": """", ""city"": """", ""state"": """", ""zip"": """"}'}",https://seeclickfix.com/rails/active_storage/representations/redirect/eyJfcmFpbHMiOnsiZGF0YSI6NDIwMDE2NjYsInB1ciI6ImJsb2JfaWQifX0=--52f41930cdbd097661b3bf8fc3834091929c96ef/eyJfcmFpbHMiOnsiZGF0YSI6eyJmb3JtYXQiOiJqcGVnIiwiYXV0b19vcmllbnQiOnRydWUsInN0cmlwIjp0cnVlLCJyZXNpemUiOiI4MDB4NjAwIn0sInB1ciI6InZhcmlhdGlvbiJ9fQ==--a24cd3b9f26082c533845b9cc150d8421a819967/589cc794-79d4-4a47-b4df-070eaf58a74d_2026-06-18T23-55-08-04-00.jpeg,https://seeclickfix.com/issues/22025085,2026-06-22T07:13:39.000,2026-06-24 15:17:55,0.0,5.64
22014980,Cambridge,Rodent Sighting,Rodent Sighting,Archived,"Multiple rat sightings (3 at a time) in daytime, under cars and behind trash cans and fence",2026-06-17 21:20:23,2026-06-18T11:27:15.000,"222 Hurley St CAMBRIDGE, MA, 02141, USA",42.368158623310066,-71.08162139331085,"{'latitude': '42.368158623310066', 'longitude': '-71.08162139331085', 'human_address': '{""address"": """", ""city"": """", ""state"": """", ""zip"": """"}'}",,https://seeclickfix.com/issues/22014980,2026-06-18T07:45:36.000,2026-06-18 11:27:15,0.0,0.5881018518518518
22013136,Cambridge,Rodent Sighting,Rodent Sighting,Archived,There are three baby rats that like to spend time in our backyard.  They seem to be coming from our neighbors' property on the other side of the fence. The rats are coming out in the daytime.,2026-06-17 17:09:00,2026-06-22T14:22:18.000,"132 Antrim St Cambridge, Massachusetts, 02139",42.37317137861129,-71.10143334190428,"{'latitude': '42.37317137861129', 'longitude': '-71.10143334190428', 'human_address': '{""address"": """", ""city"": """", ""state"": """", ""zip"": """"}'}",https://seeclickfix.com/rails/active_storage/representations/redirect/eyJfcmFpbHMiOnsiZGF0YSI6NDE5NjA2ODEsInB1ciI6ImJsb2JfaWQifX0=--b518d72450ceae0d11031ca3e98f57ef896a1595/eyJfcmFpbHMiOnsiZGF0YSI6eyJmb3JtYXQiOiJKUEVHIiwiYXV0b19vcmllbnQiOnRydWUsInN0cmlwIjp0cnVlLCJyZXNpemUiOiI4MDB4NjAwIn0sInB1ciI6InZhcmlhdGlvbiJ9fQ==--e83016f9f5352fca98928e9e8f5ff666f09d3186/7f9a58d7-cbac-4b1d-9667-00bc0ce7ebf9_2026-06-17T17-06-10-04-00.JPEG,https://seeclickfix.com/issues/22013136,2026-06-22T07:24:54.000,2026-06-22 14:22:18,0.3612,4.884236111111111
22007199,Cambridge,Rodent Sighting,Rodent Sighting,Archived,Rats are burrowing in this greenery we saw 6 of them come out last night and running on the steps. We live next door and my mom is elderly and we do not want rats coming into the house,2026-06-17 09:47:08,2026-06-18T07:34:35.000,"103 Otis St Cambridge, Massachusetts, 02141",42.37080796138008,-71.08269775093255,"{'latitude': '42.37080796138008', 'longitude': '-71.08269775093255', 'human_address': '{""address"": """", ""city"": """", ""state"": """", ""zip"": """"}'}",https://seeclickfix.com/rails/active_storage/representations/redirect/eyJfcmFpbHMiOnsiZGF0YSI6NDE5NDE0MDMsInB1ciI6ImJsb2JfaWQifX0=--3f498619f8f25f873f6fe24b257f06d9c9026e01/eyJfcmFpbHMiOnsiZGF0YSI6eyJmb3JtYXQiOiJqcGVnIiwiYXV0b19vcmllbnQiOnRydWUsInN0cmlwIjp0cnVlLCJyZXNpemUiOiI4MDB4NjAwIn0sInB1ciI6InZhcmlhdGlvbiJ9fQ==--a24cd3b9f26082c533845b9cc150d8421a819967/8b4857a7-2625-4b15-9e98-74afb1d123fb_2026-06-17T09-44-43-04-00.jpeg,https://seeclickfix.com/issues/22007199,2026-06-17T12:41:57.000,2026-06-18 07:34:35,-0.0572,0.9079513888888889
21999629,Cambridge,Rodent Sighting,Rodent Sighting,Archived,"Two rats (one small, one large) ran from the sidewalk into this garden and then under the stairs through the small opening near the wall at about 7:45pm on the 15th.  I think a third also ran and hid in the nearby greenery.",2026-06-16 13:17:46,2026-06-18T15:35:46.000,"60 Magnolia Ave Cambridge, Massachusetts, 02138",42.37674739187639,-71.10608670213543,"{'latitude': '42.37674739187639', 'longitude': '-71.10608670213543', 'human_address': '{""address"": """", ""city"": """", ""state"": """", ""zip"": """"}'}",https://seeclickfix.com/rails/active_storage/representations/redirect/eyJfcmFpbHMiOnsiZGF0YSI6NDE5MTcwNDUsInB1ciI6ImJsb2JfaWQifX0=--8dc9dd3b83869daaf2bfaf909d17acafc76e8358/eyJfcmFpbHMiOnsiZGF0YSI6eyJmb3JtYXQiOiJqcGVnIiwiYXV0b19vcmllbnQiOnRydWUsInN0cmlwIjp0cnVlLCJyZXNpemUiOiI4MDB4NjAwIn0sInB1ciI6InZhcmlhdGlvbiJ9fQ==--a24cd3b9f26082c533845b9cc150d8421a819967/56f576af-d8e7-4b09-b143-5d3ce4562b6d_2026-06-16T13-15-17-04-00.jpeg,https://seeclickfix.com/issues/21999629,2026-06-17T07:44:38.000,2026-06-18 15:35:46,-0.1027,2.095833333333333
21998701,Cambridge,Rodent Sighting,Rodent Sighting,Archived,"Walking by the property I started a family of rats which scurried back under the house, the largest one was carrying what seemed like a partially consumed carcass of a smaller rat... All of this activity is enabled by the property being abandoned and the neglected/overgrown vegetation thickly covering it.",2026-06-16 12:13:14,2026-06-18T15:35:32.000,"36 Magnolia Ave CAMBRIDGE, MA, 02138, USA",42.37688425365167,-71.1067431877203,"{'latitude': '42.37688425365167', 'longitude': '-71.1067431877203', 'human_address': '{""address"": """", ""city"": """", ""state"": """", ""zip"": """"}'}",,https://seeclickfix.com/issues/21998701,2026-06-16T12:34:29.000,2026-06-18 15:35:32,-0.128,2.140486111111111
21993959,Cambridge,Rodent Sighting,Rodent Sighting,Archived,"There is a family of raccoons living in the roof of this house. They are regularly invading garbage cans, yards, and grills in the surrounding area.",2026-06-15 22:08:43,2026-06-22T15:18:24.000,"17 Vincent St Cambridge, Massachusetts, 02140",42.38765828287811,-71.12563583586628,"{'latitude': '42.38765828287811', 'longitude': '-71.12563583586628', 'human_address': '{""address"": """", ""city"": """", ""state"": """", ""zip"": """"}'}",,https://seeclickfix.com/issues/21993959,2026-06-16T09:54:57.000,2026-06-22 15:18:24,0.0,6.71505787037037
21992297,Cambridge,Rodent Sighting,Rodent Sighting,Archived,"This past Friday, what appeared to be an injured or sick rat with open sores on its back was slowly meandering in and out of our driveway. Despite making loud noises and shooing it away from a distance, it kept coming back to us. At one point, the rat crawled up on the exterior of our windowsill. The behavior seemed quite atypical. Eventually, it stayed still under a parked car on the street. Later that night, around 10:30 PM, our neighbor was then bit by what we presume is the same rat. After flicking it off her foot, they again tried to chase it into the street - it kept coming back.",2026-06-15 18:10:52,2026-06-22T08:10:16.000,"111 Thorndike St Cambridge, Massachusetts, 02141",42.370207286190514,-71.08295719655368,"{'latitude': '42.370207286190514', 'longitude': '-71.08295719655368', 'human_address': '{""address"": """", ""city"": """", ""state"": """", ""zip"": """"}'}",,https://seeclickfix.com/issues/21992297,2026-06-16T09:52:58.000,2026-06-22 07:30:42,-0.7184,6.5554398148148145
21988027,Cambridge,Rodent Sighting,Rodent Sighting,Archived,"I am writing about the restaurant Clover in central square cambridge. I have personally observed several mice associated with this restaurant. This includes seeing mice running around during hours of operation and droppings while in the establishment. The presence of rodents raises concerns about sanitation, food safety, and pest control practices. Given the nature of a food-service establishment, I believe this issue should be investigated to ensure compliance with applicable health and safety regulations.

I respectfully request that the appropriate department inspect the property, review any relevant sanitation and pest-control records, and determine whether any violations exist.

Thank you for your attention to these concerns.

Sincerely,

A Concerned Resident",2026-06-15 13:08:18,2026-06-22T15:22:06.000,"Mile 107.2 State Rte 2 W Cambridge, MA, 02139, USA",42.36393267524558,-71.10158766015677,"{'latitude': '42.36393267524558', 'longitude': '-71.10158766015677', 'human_address': '{""address"": """", ""city"": """", ""state"": """", ""zip"": """"}'}",,https://seeclickfix.com/issues/21988027,2026-06-15T14:11:10.000,2026-06-22 15:22:05,0.9022,7.092905092592592
21980741,Cambridge,Rodent Sighting,Rodent Sighting,Archived,"There is a rat tunnel in the back of our house, (26 Tremont ST.) which goes under the fence  to the yard directly in back of our house in the direction of Norfolk Street.. Last night my son was having a cookout and saw about 6 rats, which ran around  his and his friends feet, and one jumped on a table and bit into the bread. This is the only cookout that has been held this year and the first time anyone has eaten outside, so it is not as though thee has been food left around to attract them. This is an infestation.",2026-06-14 16:54:37,2026-06-17T14:57:17.000,"26 Tremont St Cambridge, Massachusetts, 02139",42.37032551293485,-71.09872573572152,"{'latitude': '42.37032551293485', 'longitude': '-71.09872573572152', 'human_address': '{""address"": """", ""city"": """", ""state"": """", ""zip"": """"}'}",,https://seeclickfix.com/issues/21980741,2026-06-15T14:07:17.000,2026-06-17 14:57:17,0.6808,2.9185185185185185
21976627,Cambridge,Rodent Sighting,Rodent Sighting,Archived,"Large rat, size of rabbit, spotted in the courtyard of Glenn Terrace",2026-06-13 21:19:43,2026-06-18T11:26:16.000,"5 Glenn Ter Cambridge, Massachusetts, 02139",42.35945066411393,-71.1054067831046,"{'latitude': '42.35945066411393', 'longitude': '-71.1054067831046', 'human_address': '{""address"": """", ""city"": """", ""state"": """", ""zip"": """"}'}",,https://seeclickfix.com/issues/21976627,2026-06-15T14:05:39.000,2026-06-18 11:26:15,0.0,4.5878703703703705
21976397,Cambridge,Rodent Sighting,Rodent Sighting,Archived,"Saw large rats, at least two, run across Second St from new Thorndike building side towards the small parklet here, and into the tall weed bushes. Some remediation is done, but rat den ready and still established in this parklet. Need big overhaul and removal of the rat nest here completely.",2026-06-13 20:18:32,2026-06-17T12:45:11.000,"56 2nd St Cambridge, Massachusetts, 02141",42.36903315955238,-71.07887932402384,"{'latitude': '42.36903315955238', 'longitude': '-71.07887932402384', 'human_address': '{""address"": """", ""city"": """", ""state"": """", ""zip"": """"}'}",https://seeclickfix.com/rails/active_storage/representations/redirect/eyJfcmFpbHMiOnsiZGF0YSI6NDE4NDY3NzIsInB1ciI6ImJsb2JfaWQifX0=--592b62d961aa77bb6a135425cbce9f1e68137759/eyJfcmFpbHMiOnsiZGF0YSI6eyJmb3JtYXQiOiJqcGciLCJhdXRvX29yaWVudCI6dHJ1ZSwic3RyaXAiOnRydWUsInJlc2l6ZSI6IjgwMHg2MDAifSwicHVyIjoidmFyaWF0aW9uIn19--242b3e94addeeae50b5fd8df8a0a8fbcf02bf33c/0184a661-fccb-4dec-9a2d-1d1c5252e07c_2026-06-13T20-12-29-04-00.jpg,https://seeclickfix.com/issues/21976397,2026-06-15T13:41:00.000,2026-06-17 12:45:11,0.5023,3.6851736111111113
21963091,Cambridge,Rodent Sighting,Rodent Sighting,Archived,This neighbor isn’t taking out trash regularly and we’ve seen rats enter the trash and pins,2026-06-12 08:29:30,2026-06-15T15:48:50.000,"107 Oxford St CAMBRIDGE, MA, 02138, USA",42.38338254404912,-71.11619668423309,"{'latitude': '42.38338254404912', 'longitude': '-71.11619668423309', 'human_address': '{""address"": """", ""city"": """", ""state"": """", ""zip"": """"}'}",https://seeclickfix.com/rails/active_storage/representations/redirect/eyJfcmFpbHMiOnsiZGF0YSI6NDE4MDc5MTIsInB1ciI6ImJsb2JfaWQifX0=--4b46375511444570c1fe66f072bdf7937049ebaf/eyJfcmFpbHMiOnsiZGF0YSI6eyJmb3JtYXQiOiJqcGVnIiwiYXV0b19vcmllbnQiOnRydWUsInN0cmlwIjp0cnVlLCJyZXNpemUiOiI4MDB4NjAwIn0sInB1ciI6InZhcmlhdGlvbiJ9fQ==--a24cd3b9f26082c533845b9cc150d8421a819967/a01201f6-be85-4b7b-8bbc-c41d80f849e8_2026-06-12T08-28-39-04-00.jpeg,https://seeclickfix.com/issues/21963091,2026-06-15T13:51:54.000,2026-06-15 15:48:49,0.0,3.3050810185185187
21959567,Cambridge,Rodent Sighting,Rodent Sighting,Archived,Rampant rat situation in yard and under deck at 219 Harvard St. all hours of day. One dead in yard.,2026-06-11 16:47:07,2026-06-17T14:33:44.000,"219 Harvard St CAMBRIDGE, MA, 02139, USA",42.36761430253296,-71.09930417085967,"{'latitude': '42.36761430253296', 'longitude': '-71.09930417085967', 'human_address': '{""address"": """", ""city"": """", ""state"": """", ""zip"": """"}'}",,https://seeclickfix.com/issues/21959567,2026-06-12T07:13:02.000,2026-06-17 14:33:44,-0.6486,5.9073726851851855
21959560,Cambridge,Rodent Sighting,Rodent Sighting,Archived,"Several rats in and around area and under deck and running through yard. One rat caught and dead in yard. 
508-308-3424",2026-06-11 16:46:36,2026-06-12T07:12:40.000,"219 Harvard St Cambridge, Massachusetts, 02139",42.36761430253296,-71.09930417085967,"{'latitude': '42.36761430253296', 'longitude': '-71.09930417085967', 'human_address': '{""address"": """", ""city"": """", ""state"": """", ""zip"": """"}'}",,https://seeclickfix.com/issues/21959560,,,-0.6486,
21931765,Cambridge,Rodent Sighting,Rodent Sighting,Archived,Several rats seen Monday evening running out from behind the dentist office trash area.,2026-06-09 09:40:07,2026-06-12T10:11:46.000,"897 Massachusetts Ave Cambridge 02139, United States",42.36829920079954,-71.10810359201783,"{'latitude': '42.36829920079954', 'longitude': '-71.10810359201783', 'human_address': '{""address"": """", ""city"": """", ""state"": """", ""zip"": """"}'}",,https://seeclickfix.com/issues/21931765,2026-06-09T10:15:22.000,2026-06-12 10:11:46,0.0,3.0219791666666667
21931748,Cambridge,Rodent Sighting,Rodent Sighting,Acknowledged,Dead rat on the side of the soccer field,2026-06-09 09:39:09,2026-07-23T07:08:45.000,"Danehy Park Cambridge, MA, 02138, USA",42.388773615225354,-71.13836604999932,"{'latitude': '42.388773615225354', 'longitude': '-71.13836604999932', 'human_address': '{""address"": """", ""city"": """", ""state"": """", ""zip"": """"}'}",https://seeclickfix.com/rails/active_storage/representations/redirect/eyJfcmFpbHMiOnsiZGF0YSI6NDE3MDg4NjAsInB1ciI6ImJsb2JfaWQifX0=--44d26eed036f2a0a60937293868f6375b4a94406/eyJfcmFpbHMiOnsiZGF0YSI6eyJmb3JtYXQiOiJqcGciLCJhdXRvX29yaWVudCI6dHJ1ZSwic3RyaXAiOnRydWUsInJlc2l6ZSI6IjgwMHg2MDAifSwicHVyIjoidmFyaWF0aW9uIn19--242b3e94addeeae50b5fd8df8a0a8fbcf02bf33c/46550d49-6bc8-40bc-a69f-f5e9b5e24522_2026-06-09T09-38-47-04-00.jpg,https://seeclickfix.com/issues/21931748,2026-07-23T07:08:15.000,,-0.6486,61.527444337349536
21931354,Cambridge,Rodent Sighting,Rodent Sighting,Archived,Rats seenb on back prch of 71 bolton St. They are keep trash in cardbord boxes on proch.,2026-06-09 09:10:04,2026-06-11T15:31:23.000,"71 Bolton St Cambridge, Massachusetts, 02140",42.390237310666905,-71.13192083832432,"{'latitude': '42.390237310666905', 'longitude': '-71.13192083832432', 'human_address': '{""address"": """", ""city"": """", ""state"": """", ""zip"": """"}'}",,https://seeclickfix.com/issues/21931354,2026-06-09T14:01:46.000,2026-06-11 15:31:23,0.0,2.264803240740741
21916458,Cambridge,Rodent Sighting,Rodent Sighting,Archived,two large rats running up the stairs then jumping into the bushes adjacent to the apartment.,2026-06-07 17:27:07,2026-06-09T11:59:35.000,"117 Appleton St Cambridge, Massachusetts, 02138",42.380558509557,-71.134424848079,"{'latitude': '42.380558509557', 'longitude': '-71.134424848079', 'human_address': '{""address"": """", ""city"": """", ""state"": """", ""zip"": """"}'}",,https://seeclickfix.com/issues/21916458,2026-06-08T07:29:19.000,2026-06-09 11:59:34,0.0,1.7725347222222223
21914569,Cambridge,Rodent Sighting,Rodent Sighting,Archived,"A rat was seen during the day in the back corner of 108 Trowbridge Street near the fence that abuts the properties on Roberts Road. I see there is a complaint about the nearby Roberts Rd property feeding birds/rats, so that may be the cause.",2026-06-07 11:45:52,2026-06-11T15:31:03.000,"108 Trowbridge St CAMBRIDGE, MA, 02138, USA",42.37661818045342,-71.10951424471249,"{'latitude': '42.37661818045342', 'longitude': '-71.10951424471249', 'human_address': '{""address"": """", ""city"": """", ""state"": """", ""zip"": """"}'}",,https://seeclickfix.com/issues/21914569,2026-06-08T07:28:37.000,2026-06-11 15:31:03,-0.296,4.156377314814815
21911557,Cambridge,Rodent Sighting,Rodent Sighting,Archived,"Rats have been seen on several occasions in our back garden, entering under the fence from 277-282 Walden Street where that property’s trash and compost bins are currently located.",2026-06-06 16:28:31,2026-06-11T15:30:51.000,"153 Garden St CAMBRIDGE, MA, 02138, USA",42.38545489296585,-71.13186546021147,"{'latitude': '42.38545489296585', 'longitude': '-71.13186546021147', 'human_address': '{""address"": """", ""city"": """", ""state"": """", ""zip"": """"}'}",,https://seeclickfix.com/issues/21911557,2026-06-08T07:27:51.000,2026-06-11 15:30:51,0.0,4.959953703703704
21911551,Cambridge,Rodent Sighting,Rodent Sighting,Archived,,2026-06-06 16:27:03,2026-06-09T11:59:52.000,"278 Walden St CAMBRIDGE, MA, 02138, USA",42.385603552684124,-71.13177194757063,"{'latitude': '42.385603552684124', 'longitude': '-71.13177194757063', 'human_address': '{""address"": """", ""city"": """", ""state"": """", ""zip"": """"}'}",,https://seeclickfix.com/issues/21911551,2026-06-08T07:27:26.000,2026-06-09 11:59:52,0.0,2.8144560185185186
21910396,Cambridge,Rodent Sighting,Rodent Sighting,Archived,"Significant rat activity behind 17 Elm Street at dumpster, due to overflowing trash and discarded food",2026-06-06 12:42:59,2026-06-08T16:58:10.000,"2-98 Richardson St Cambridge, MA, 02139, USA",42.367712779919806,-71.09892418835268,"{'latitude': '42.367712779919806', 'longitude': '-71.09892418835268', 'human_address': '{""address"": """", ""city"": """", ""state"": """", ""zip"": """"}'}",,https://seeclickfix.com/issues/21910396,2026-06-08T07:27:02.000,2026-06-08 16:58:10,-0.296,2.177210648148148
21907835,Cambridge,Rodent Sighting,Rodent Sighting,Archived,"Rats running through backyard. We are out here often but don't have food or thrash out there. 
Toad construction on Inman most likely causing the infestation.",2026-06-05 19:57:34,2026-06-08T13:36:26.000,"106 Inman St Unit 3, Cambridge, Massachusetts, 02139",42.37206869733875,-71.10094056981659,"{'latitude': '42.37206869733875', 'longitude': '-71.10094056981659', 'human_address': '{""address"": """", ""city"": """", ""state"": """", ""zip"": """"}'}",,https://seeclickfix.com/issues/21907835,2026-06-08T07:26:34.000,2026-06-08 13:36:26,0.0,2.735324074074074
21907689,Cambridge,Rodent Sighting,Rodent Sighting,Archived,"Dumpster and garbage bins in parking lot are always overflowing, with garbage often on the ground around the bins. We see multiple rats running in and around the bins and along the edges of the parking lot fence every evening.",2026-06-05 19:31:07,2026-06-08T17:19:35.000,"25 Edmunds St CAMBRIDGE, MA, 02140, USA",42.398050258446084,-71.13249475942808,"{'latitude': '42.398050258446084', 'longitude': '-71.13249475942808', 'human_address': '{""address"": """", ""city"": """", ""state"": """", ""zip"": """"}'}",https://seeclickfix.com/rails/active_storage/representations/redirect/eyJfcmFpbHMiOnsiZGF0YSI6NDE2MzQ5NTYsInB1ciI6ImJsb2JfaWQifX0=--680239542e47820630d572eeeda46af70b88e6ad/eyJfcmFpbHMiOnsiZGF0YSI6eyJmb3JtYXQiOiJqcGVnIiwiYXV0b19vcmllbnQiOnRydWUsInN0cmlwIjp0cnVlLCJyZXNpemUiOiI4MDB4NjAwIn0sInB1ciI6InZhcmlhdGlvbiJ9fQ==--a24cd3b9f26082c533845b9cc150d8421a819967/9e57f0c2-5b3c-48d4-b75f-92fec141017b_2026-06-05T19-28-14-04-00.jpeg,https://seeclickfix.com/issues/21907689,2026-06-08T07:24:40.000,2026-06-08 17:19:34,-0.1531,2.9086458333333334
21903905,Cambridge,Rodent Sighting,Rodent Sighting,Archived,"Can you please put a don’t feed the birds/rats sandwich board in front of 25 Roberts Road, occupant there is sustaining a large rat colony that is active in daylight, responding to regular  live feedings.",2026-06-05 13:07:47,2026-06-09T15:49:28.000,"25 Roberts Rd Cambridge, Massachusetts, 02138",42.37653675464668,-71.1087881266646,"{'latitude': '42.37653675464668', 'longitude': '-71.1087881266646', 'human_address': '{""address"": """", ""city"": """", ""state"": """", ""zip"": """"}'}",https://seeclickfix.com/rails/active_storage/representations/redirect/eyJfcmFpbHMiOnsiZGF0YSI6NDE2MjIyMDAsInB1ciI6ImJsb2JfaWQifX0=--224ed88dfe3320aebd6fe46c9b5ccc41c2619cf5/eyJfcmFpbHMiOnsiZGF0YSI6eyJmb3JtYXQiOiJqcGVnIiwiYXV0b19vcmllbnQiOnRydWUsInN0cmlwIjp0cnVlLCJyZXNpemUiOiI4MDB4NjAwIn0sInB1ciI6InZhcmlhdGlvbiJ9fQ==--a24cd3b9f26082c533845b9cc150d8421a819967/b0e4fdec-bf50-470e-8894-50c19c987794_2026-06-05T13-01-16-04-00.jpeg,https://seeclickfix.com/issues/21903905,2026-06-08T07:21:30.000,2026-06-09 15:49:28,0.6124,4.112280092592592
21866705,Cambridge,Rodent Sighting,Rodent Sighting,Archived,Mouse infestation at Alden and Harlow/longfellow bar,2026-06-01 22:34:59,2026-06-04T07:44:36.000,"40 Brattle St CAMBRIDGE, MA, 02138, USA",42.37365490054568,-71.12138704477123,"{'latitude': '42.37365490054568', 'longitude': '-71.12138704477123', 'human_address': '{""address"": """", ""city"": """", ""state"": """", ""zip"": """"}'}",https://seeclickfix.com/rails/active_storage/representations/redirect/eyJfcmFpbHMiOnsiZGF0YSI6NDE1MDY4NDYsInB1ciI6ImJsb2JfaWQifX0=--1b177766f21bfdff54d9a41d213d1909d857607b/eyJfcmFpbHMiOnsiZGF0YSI6eyJmb3JtYXQiOiJwbmciLCJhdXRvX29yaWVudCI6dHJ1ZSwic3RyaXAiOnRydWUsInJlc2l6ZSI6IjgwMHg2MDAifSwicHVyIjoidmFyaWF0aW9uIn19--57f85c85093db4303fe6b4e7261d952e5d1fef3e/3d1586fa-fd1c-4e70-bb93-d0f8e7d73be6_2026-06-01T22-34-10-04-00.png,https://seeclickfix.com/issues/21866705,2026-06-02T07:52:32.000,2026-06-04 07:44:10,0.0,2.3813773148148147
21866193,Cambridge,Rodent Sighting,Rodent Sighting,Archived,"At 8:45 pm, 3 large fat rats ran out of Charlies Beer Garden onto Winthrop Street and back when they saw us.",2026-06-01 20:55:33,2026-06-03T10:47:04.000,"94-198 Winthrop St Cambridge, MA, 02138, USA",42.372508108377545,-71.12127913214307,"{'latitude': '42.372508108377545', 'longitude': '-71.12127913214307', 'human_address': '{""address"": """", ""city"": """", ""state"": """", ""zip"": """"}'}",,https://seeclickfix.com/issues/21866193,2026-06-02T07:52:09.000,2026-06-03 10:47:04,0.0,1.5774421296296297
21865687,Cambridge,Rodent Sighting,Rodent Sighting,Archived,,2026-06-01 19:43:11,2026-06-03T10:46:31.000,"19 Appleton St Cambridge, Massachusetts, 02138",42.377917807272176,-71.1336174389913,"{'latitude': '42.377917807272176', 'longitude': '-71.1336174389913', 'human_address': '{""address"": """", ""city"": """", ""state"": """", ""zip"": """"}'}",https://seeclickfix.com/rails/active_storage/representations/redirect/eyJfcmFpbHMiOnsiZGF0YSI6NDE1MDM0ODcsInB1ciI6ImJsb2JfaWQifX0=--23144f91ce32825f26167f2effcecd4dc8162a33/eyJfcmFpbHMiOnsiZGF0YSI6eyJmb3JtYXQiOiJqcGciLCJhdXRvX29yaWVudCI6dHJ1ZSwic3RyaXAiOnRydWUsInJlc2l6ZSI6IjgwMHg2MDAifSwicHVyIjoidmFyaWF0aW9uIn19--242b3e94addeeae50b5fd8df8a0a8fbcf02bf33c/c7321cca-fa7e-4fca-8c8a-1f1ec5c49cd9_2026-06-01T19-42-41-04-00.jpg,https://seeclickfix.com/issues/21865687,2026-06-02T07:51:51.000,2026-06-03 10:46:30,0.0,1.6273032407407408
21864658,Cambridge,Rodent Sighting,Rodent Sighting,Archived,"More rodent issues at this site - not surprising because lots of trash lying loose on the sidewalk after pickup day, from this and the previous week.  I walk down this street often and it’s an issue every trash day, with overflowing bins and then refuse on the ground.  After dark there are rodents in the trash alley.",2026-06-01 17:46:02,2026-06-03T10:37:11.000,"10 Agassiz St Cambridge, Massachusetts, 02140",42.38476493372018,-71.12127783294827,"{'latitude': '42.38476493372018', 'longitude': '-71.12127783294827', 'human_address': '{""address"": """", ""city"": """", ""state"": """", ""zip"": """"}'}",https://seeclickfix.com/rails/active_storage/representations/redirect/eyJfcmFpbHMiOnsiZGF0YSI6NDE1MDAxMDcsInB1ciI6ImJsb2JfaWQifX0=--429e0445dce42b2ba7dda9bb35d59431fa4eafaf/eyJfcmFpbHMiOnsiZGF0YSI6eyJmb3JtYXQiOiJqcGVnIiwiYXV0b19vcmllbnQiOnRydWUsInN0cmlwIjp0cnVlLCJyZXNpemUiOiI4MDB4NjAwIn0sInB1ciI6InZhcmlhdGlvbiJ9fQ==--a24cd3b9f26082c533845b9cc150d8421a819967/916d4ea7-fae9-4af3-8097-6c0ce1b4ec36_2026-06-01T17-44-34-04-00.jpeg,https://seeclickfix.com/issues/21864658,2026-06-02T07:51:29.000,2026-06-03 10:37:11,-0.8278,1.7021875
21855697,Cambridge,Rodent Sighting,Rodent Sighting,Archived,"The rats ran away, but there’s been raw meat here every couple weeks in a dish",2026-06-01 08:05:03,2026-06-03T10:41:06.000,"235 Walden St CAMBRIDGE, MA, 02140, USA",42.38648834972594,-71.13025308481541,"{'latitude': '42.38648834972594', 'longitude': '-71.13025308481541', 'human_address': '{""address"": """", ""city"": """", ""state"": """", ""zip"": """"}'}",https://seeclickfix.com/rails/active_storage/representations/redirect/eyJfcmFpbHMiOnsiZGF0YSI6NDE0NzM4OTMsInB1ciI6ImJsb2JfaWQifX0=--afb7b2d6762a56f0610b2e4367ed1f15fb88e46d/eyJfcmFpbHMiOnsiZGF0YSI6eyJmb3JtYXQiOiJqcGciLCJhdXRvX29yaWVudCI6dHJ1ZSwic3RyaXAiOnRydWUsInJlc2l6ZSI6IjgwMHg2MDAifSwicHVyIjoidmFyaWF0aW9uIn19--242b3e94addeeae50b5fd8df8a0a8fbcf02bf33c/99eb7fc4-47a9-4431-94e1-5dc9ea135f9b_2026-06-01T08-03-54-04-00.jpg,https://seeclickfix.com/issues/21855697,2026-06-02T07:50:39.000,2026-06-03 10:41:06,0.0,2.1083680555555557
21851062,Cambridge,Rodent Sighting,Rodent Sighting,Archived,"A large rat was seen near the property. The trash isn’t out in the neighborhood, and yet in broad daylight it was running around! Is the City doing something about this?",2026-05-31 11:00:06,2026-06-05T16:49:29.000,"77 Avon Hill St Cambridge, Massachusetts, 02140",42.38541733915404,-71.12501582648841,"{'latitude': '42.38541733915404', 'longitude': '-71.12501582648841', 'human_address': '{""address"": """", ""city"": """", ""state"": """", ""zip"": """"}'}",,https://seeclickfix.com/issues/21851062,2026-06-02T07:49:29.000,2026-06-03 10:27:30,0.0,2.977361111111111
21850721,Cambridge,Rodent Sighting,Rodent Sighting,Archived,My dog found a rat here last night. It’s like this every week. Lots of tenants and not enough trash cans,2026-05-31 09:49:57,2026-06-03T10:27:04.000,"44 Clay St Cambridge, Massachusetts, 02140",42.394409683169975,-71.13448789483064,"{'latitude': '42.394409683169975', 'longitude': '-71.13448789483064', 'human_address': '{""address"": """", ""city"": """", ""state"": """", ""zip"": """"}'}",https://seeclickfix.com/rails/active_storage/representations/redirect/eyJfcmFpbHMiOnsiZGF0YSI6NDE0NTc4MjUsInB1ciI6ImJsb2JfaWQifX0=--9672b2be0f81aa8926f73d11ea59056e90f6df7e/eyJfcmFpbHMiOnsiZGF0YSI6eyJmb3JtYXQiOiJqcGVnIiwiYXV0b19vcmllbnQiOnRydWUsInN0cmlwIjp0cnVlLCJyZXNpemUiOiI4MDB4NjAwIn0sInB1ciI6InZhcmlhdGlvbiJ9fQ==--a24cd3b9f26082c533845b9cc150d8421a819967/a42c6c97-3e08-4d0a-9206-0b915d540385_2026-05-31T09-48-50-04-00.jpeg,https://seeclickfix.com/issues/21850721,2026-06-02T07:47:04.000,2026-06-03 10:27:04,0.3612,3.025775462962963
21843694,Cambridge,Rodent Sighting,Rodent Sighting,Archived,Rat on sidewalk. Proceeded to run up steps and onto porch. Seen at about 8:30 pm,2026-05-29 20:40:50,2026-06-03T10:16:30.000,"55 Upland Rd Cambridge, Massachusetts, 02140",42.388042928414954,-71.1217266000443,"{'latitude': '42.388042928414954', 'longitude': '-71.1217266000443', 'human_address': '{""address"": """", ""city"": """", ""state"": """", ""zip"": """"}'}",,https://seeclickfix.com/issues/21843694,2026-06-02T07:48:00.000,2026-06-03 10:16:29,0.0,4.566423611111111
21843457,Cambridge,Rodent Sighting,Rodent Sighting,Archived,Rats are living in the construction debris in the back yard.  They are particularly active in the evening.,2026-05-29 19:53:22,2026-06-03T09:56:24.000,"1 Gladstone St CAMBRIDGE, MA, 02140, USA",42.400804534612156,-71.1345981326322,"{'latitude': '42.400804534612156', 'longitude': '-71.1345981326322', 'human_address': '{""address"": """", ""city"": """", ""state"": """", ""zip"": """"}'}",,https://seeclickfix.com/issues/21843457,2026-06-02T07:47:39.000,2026-06-03 09:56:24,0.4576,4.585439814814815
21835993,Cambridge,Rodent Sighting,Rodent Sighting,Archived,"Serial rat feeder strikes again.
Lots of Cerri-O cereal dumped by the water fountain inside Charles Park, and boldly right by the ‘Don’t feed the birds’ board put up!",2026-05-29 08:55:56,2026-06-03T10:01:08.000,"31r Edwin H Land Blvd Cambridge, Massachusetts, 02141",42.36687069460978,-71.07616604833171,"{'latitude': '42.36687069460978', 'longitude': '-71.07616604833171', 'human_address': '{""address"": """", ""city"": """", ""state"": """", ""zip"": """"}'}",https://seeclickfix.com/rails/active_storage/representations/redirect/eyJfcmFpbHMiOnsiZGF0YSI6NDE0MTQ4NzMsInB1ciI6ImJsb2JfaWQifX0=--e1be2e6ad887daed572d1dc423d65caa3db40740/eyJfcmFpbHMiOnsiZGF0YSI6eyJmb3JtYXQiOiJqcGciLCJhdXRvX29yaWVudCI6dHJ1ZSwic3RyaXAiOnRydWUsInJlc2l6ZSI6IjgwMHg2MDAifSwicHVyIjoidmFyaWF0aW9uIn19--242b3e94addeeae50b5fd8df8a0a8fbcf02bf33c/4c9488db-da64-4638-b9a9-2b0b2a7d7b92_2026-05-29T08-51-07-04-00.jpg,https://seeclickfix.com/issues/21835993,2026-06-01T08:00:44.000,2026-06-03 10:01:08,-0.4574,5.045277777777778
21835143,Cambridge,Rodent Sighting,Rodent Sighting,Archived,"There has been an ongoing issue with rats on this street, with frequent sightings causing concern. The problem appears to be worsening with the warmer weather lately.",2026-05-29 05:21:48,2026-05-29T11:25:13.000,"2-98 Myrtle Ave Cambridge, Massachusetts, 02138",42.37752752574433,-71.10731295743763,"{'latitude': '42.37752752574433', 'longitude': '-71.10731295743763', 'human_address': '{""address"": """", ""city"": """", ""state"": """", ""zip"": """"}'}",,https://seeclickfix.com/issues/21835143,2026-05-29T08:20:48.000,2026-05-29 11:25:12,-0.5423,0.2523611111111111
21822468,Cambridge,Rodent Sighting,Rodent Sighting,Archived,Large rat ran into the base of the big mantel Zinc apartment sign from the direction of the ice cream shop nearby.,2026-05-27 19:31:32,2026-05-29T11:46:56.000,"18-68 Water St Cambridge, Massachusetts, 02141",42.372662184426765,-71.0779004740833,"{'latitude': '42.372662184426765', 'longitude': '-71.0779004740833', 'human_address': '{""address"": """", ""city"": """", ""state"": """", ""zip"": """"}'}",https://seeclickfix.com/rails/active_storage/representations/redirect/eyJfcmFpbHMiOnsiZGF0YSI6NDEzNzQ2ODAsInB1ciI6ImJsb2JfaWQifX0=--c9a57b5fc2e84beb8ee72aec76eabe0dd8bc9c95/eyJfcmFpbHMiOnsiZGF0YSI6eyJmb3JtYXQiOiJqcGciLCJhdXRvX29yaWVudCI6dHJ1ZSwic3RyaXAiOnRydWUsInJlc2l6ZSI6IjgwMHg2MDAifSwicHVyIjoidmFyaWF0aW9uIn19--242b3e94addeeae50b5fd8df8a0a8fbcf02bf33c/ed221e70-4fbf-4410-ba39-b84c00c42f0d_2026-05-27T19-27-17-04-00.jpg,https://seeclickfix.com/issues/21822468,2026-05-29T08:20:07.000,2026-05-29 11:46:56,0.0,1.677361111111111
21811422,Cambridge,Rodent Sighting,Rodent Sighting,Archived,"There’s between 3-5 holes at the root of the large tree by the fence and near the bus stop bench (64 inbound Bishop Allen Drive @ Prospect St). I noticed rats peaking out of these holes, nibbling at trash. They were clearly visible and some appeared to be babies due to their size",2026-05-26 20:10:13,2026-05-27T07:36:18.000,"54-68 Prospect St Cambridge, MA, 02139, USA",42.36639315191681,-71.10303942685097,"{'latitude': '42.36639315191681', 'longitude': '-71.10303942685097', 'human_address': '{""address"": """", ""city"": """", ""state"": """", ""zip"": """"}'}",,https://seeclickfix.com/issues/21811422,2026-05-27T07:33:33.000,2026-05-27 07:36:18,0.4019,0.4764467592592593
21796770,Cambridge,Rodent Sighting,Rodent Sighting,Archived,"Possible burrow at tree pit, east side of Washington st.",2026-05-25 11:31:10,2026-05-27T14:17:12.000,"59 Washington Ave Cambridge, Massachusetts, 02140",42.384326504863225,-71.12259162079678,"{'latitude': '42.384326504863225', 'longitude': '-71.12259162079678', 'human_address': '{""address"": """", ""city"": """", ""state"": """", ""zip"": """"}'}",https://seeclickfix.com/rails/active_storage/representations/redirect/eyJfcmFpbHMiOnsiZGF0YSI6NDEyOTcwODksInB1ciI6ImJsb2JfaWQifX0=--5d9fbc5672663a83e425a1e4540569d62dbf612c/eyJfcmFpbHMiOnsiZGF0YSI6eyJmb3JtYXQiOiJqcGciLCJhdXRvX29yaWVudCI6dHJ1ZSwic3RyaXAiOnRydWUsInJlc2l6ZSI6IjgwMHg2MDAifSwicHVyIjoidmFyaWF0aW9uIn19--242b3e94addeeae50b5fd8df8a0a8fbcf02bf33c/37a5eec5-859f-4219-8ae2-418ca2c819b7_2026-05-25T11-29-31-04-00.jpg,https://seeclickfix.com/issues/21796770,2026-05-27T07:31:00.000,2026-05-27 14:17:12,0.0,2.115300925925926
21787977,Cambridge,Rodent Sighting,Rodent Sighting,Archived,Small rat running in yard,2026-05-23 11:09:36,2026-05-26T13:43:36.000,"35 Myrtle Ave Cambridge, Massachusetts, 02138",42.377511234710134,-71.10752480621801,"{'latitude': '42.377511234710134', 'longitude': '-71.10752480621801', 'human_address': '{""address"": """", ""city"": """", ""state"": """", ""zip"": """"}'}",,https://seeclickfix.com/issues/21787977,2026-05-26T08:46:55.000,2026-05-26 13:43:35,0.0,3.1069328703703705
21787404,Cambridge,Rodent Sighting,Rodent Sighting,Archived,Saw a rat traipsing along the sidewalk at noontime on Friday.,2026-05-23 08:31:55,2026-05-26T09:08:36.000,"Mile 104.8 Rte 2 W Cambridge, MA, 02140, USA",42.3898998609327,-71.12033626658025,"{'latitude': '42.3898998609327', 'longitude': '-71.12033626658025', 'human_address': '{""address"": """", ""city"": """", ""state"": """", ""zip"": """"}'}",,https://seeclickfix.com/issues/21787404,,2026-05-26 09:08:36,0.0,3.025474537037037
21787384,Cambridge,Rodent Sighting,Rodent Sighting,Archived,"there are 2 birdfeeders on the right side of the house, not the driveway side, and below them where the birdseed falls, I have seen rats twice.",2026-05-23 08:23:42,2026-05-27T14:58:02.000,"12 Whittier St Cambridge, Massachusetts, 02140",42.38692587217844,-71.12660235312146,"{'latitude': '42.38692587217844', 'longitude': '-71.12660235312146', 'human_address': '{""address"": """", ""city"": """", ""state"": """", ""zip"": """"}'}",,https://seeclickfix.com/issues/21787384,2026-05-27T07:30:33.000,2026-05-27 14:58:02,0.0,4.273842592592593
21777888,Cambridge,Rodent Sighting,Rodent Sighting,Archived,6-7 rats scurrying around the restaurant's trash bins,2026-05-21 22:08:16,2026-05-29T08:22:52.000,"11 Springfield St CAMBRIDGE, Massachusetts, 02139",42.3741,-71.1,"{'latitude': '42.3741', 'longitude': '-71.1', 'human_address': '{""address"": """", ""city"": """", ""state"": """", ""zip"": """"}'}",https://seeclickfix.com/rails/active_storage/representations/redirect/eyJfcmFpbHMiOnsiZGF0YSI6NDEyNDIwOTYsInB1ciI6ImJsb2JfaWQifX0=--ef05ccbf6a98e415b9518289a648dd3c7a2f8244/eyJfcmFpbHMiOnsiZGF0YSI6eyJmb3JtYXQiOiJqcGciLCJhdXRvX29yaWVudCI6dHJ1ZSwic3RyaXAiOnRydWUsInJlc2l6ZSI6IjgwMHg2MDAifSwicHVyIjoidmFyaWF0aW9uIn19--242b3e94addeeae50b5fd8df8a0a8fbcf02bf33c/22274947-164c-45cf-8bb7-ae357304f20d_2026-05-21T22-06-04-04-00.jpg,https://seeclickfix.com/issues/21777888,2026-05-22T07:58:02.000,2026-05-29 08:22:51,0.0,7.426793981481482
21768358,Cambridge,Rodent Sighting,Rodent Sighting,Archived,Rat on sidewalk,2026-05-20 22:54:31,2026-05-27T14:22:12.000,"5-27 Howard St Cambridge, Massachusetts, 02139",42.36394324176537,-71.11065838989515,"{'latitude': '42.36394324176537', 'longitude': '-71.11065838989515', 'human_address': '{""address"": """", ""city"": """", ""state"": """", ""zip"": """"}'}",,https://seeclickfix.com/issues/21768358,2026-05-21T10:33:12.000,2026-05-27 14:22:12,0.0,6.644224537037037
21763495,Cambridge,Rodent Sighting,Rodent Sighting,Archived,Five chonky rats were spotted at 40 Valentine St front trash and compost The squad was very much locked in.,2026-05-20 13:22:42,2026-05-21T12:55:23.000,"40 Valentine St CAMBRIDGE, MA, 02139, USA",42.36062037750609,-71.10664862833362,"{'latitude': '42.36062037750609', 'longitude': '-71.10664862833362', 'human_address': '{""address"": """", ""city"": """", ""state"": """", ""zip"": """"}'}",,https://seeclickfix.com/issues/21763495,2026-05-20T15:05:24.000,2026-05-21 12:55:23,0.0,0.9810300925925926
21763013,Cambridge,Rodent Sighting,Rodent Sighting,Archived,Homeowner. Rats running around day and night. We follow all the guidelines and our family has been in this house since the 1920s. Rats are out of control this year.,2026-05-20 12:48:01,2026-05-21T12:58:08.000,"94 Allston St Cambridge, Massachusetts, 02139",42.35777369674516,-71.1069960757657,"{'latitude': '42.35777369674516', 'longitude': '-71.1069960757657', 'human_address': '{""address"": """", ""city"": """", ""state"": """", ""zip"": """"}'}",,https://seeclickfix.com/issues/21763013,2026-05-20T15:02:30.000,2026-05-21 12:58:08,0.0,1.007025462962963
21759266,Cambridge,Rodent Sighting,Rodent Sighting,Archived,"Tried to get the rat in photo but could not. The trash from 8:10 AM today shows the issue

You can see this from the sidewalk.",2026-05-20 08:11:54,2026-05-21T09:39:43.000,"147 Columbia St Cambridge, MA, 02139, USA",42.366774134509,-71.098130536777,"{'latitude': '42.366774134509', 'longitude': '-71.098130536777', 'human_address': '{""address"": """", ""city"": """", ""state"": """", ""zip"": """"}'}",https://seeclickfix.com/rails/active_storage/representations/redirect/eyJfcmFpbHMiOnsiZGF0YSI6NDExODUxNjUsInB1ciI6ImJsb2JfaWQifX0=--16832d48124e58e0cd645463b10ce09ed901d87e/eyJfcmFpbHMiOnsiZGF0YSI6eyJmb3JtYXQiOiJqcGciLCJhdXRvX29yaWVudCI6dHJ1ZSwic3RyaXAiOnRydWUsInJlc2l6ZSI6IjgwMHg2MDAifSwicHVyIjoidmFyaWF0aW9uIn19--242b3e94addeeae50b5fd8df8a0a8fbcf02bf33c/5282ab74-c990-4cea-92d2-a6b93d40b399_2026-05-20T03-10-31-09-00.jpg,https://seeclickfix.com/issues/21759266,2026-05-20T08:16:59.000,2026-05-21 09:39:43,0.0,1.0609837962962962
21748188,Cambridge,Rodent Sighting,Rodent Sighting,Archived,We saw a rat run into that hole in the tree. Looks like there’s a big burrow that might be undermining the tree so want to make sure it’s not in danger of falling over.,2026-05-19 07:38:41,2026-05-21T10:06:30.000,"85 Bolton St Cambridge 02140, United States",42.38988413357346,-71.1305520491814,"{'latitude': '42.38988413357346', 'longitude': '-71.1305520491814', 'human_address': '{""address"": """", ""city"": """", ""state"": """", ""zip"": """"}'}",https://seeclickfix.com/rails/active_storage/representations/redirect/eyJfcmFpbHMiOnsiZGF0YSI6NDExNTE0NDIsInB1ciI6ImJsb2JfaWQifX0=--415a5b953fe994616c66792eee5093bb1e6c9942/eyJfcmFpbHMiOnsiZGF0YSI6eyJmb3JtYXQiOiJqcGciLCJhdXRvX29yaWVudCI6dHJ1ZSwic3RyaXAiOnRydWUsInJlc2l6ZSI6IjgwMHg2MDAifSwicHVyIjoidmFyaWF0aW9uIn19--242b3e94addeeae50b5fd8df8a0a8fbcf02bf33c/3847ef74-f5f1-44f7-82b2-1ebecddbf548_2026-05-19T07-37-23-04-00.jpg,https://seeclickfix.com/issues/21748188,2026-05-19T08:02:32.000,2026-05-21 10:06:30,0.639,2.1026504629629628
21737756,Cambridge,Rodent Sighting,Rodent Sighting,Archived,multiple rats on a daily basis,2026-05-18 09:38:43,2026-05-20T15:55:13.000,"17 Milton St CAMBRIDGE, MA, 02140, USA",42.39311314773687,-71.12401426664695,"{'latitude': '42.39311314773687', 'longitude': '-71.12401426664695', 'human_address': '{""address"": """", ""city"": """", ""state"": """", ""zip"": """"}'}",,https://seeclickfix.com/issues/21737756,2026-05-18T13:04:38.000,2026-05-20 15:55:13,0.0,2.261458333333333
21735802,Cambridge,Rodent Sighting,Rodent Sighting,Archived,"We are reporting an ongoing rat infestation in our apartment that has not been properly addressed by the landlord despite repeated complaints over the past two months.

We can hear rats moving inside the walls regularly, especially at night. We have also seen rats inside the kitchen area and attempting to access the bedrooms. This situation has created serious health and safety concerns for the residents.

Approximately one month ago, a pest control company briefly visited the apartment, but no effective treatment or repairs were completed, and the infestation continues. The problem has not improved and appears to be getting worse.

We are requesting an inspection and immediate action to resolve the infestation and address any openings or structural issues allowing rodents to enter the apartment.",2026-05-17 23:35:57,2026-05-18T09:35:26.000,"305 Hurley St Cambridge, Massachusetts, 02141",42.36890138567543,-71.0841144021061,"{'latitude': '42.36890138567543', 'longitude': '-71.0841144021061', 'human_address': '{""address"": """", ""city"": """", ""state"": """", ""zip"": """"}'}",,https://seeclickfix.com/issues/21735802,2026-05-18T08:22:23.000,2026-05-18 08:25:02,-0.5271,0.3674189814814815
21735308,Cambridge,Rodent Sighting,Rodent Sighting,Archived,Rats seen every night running along fence and into dog park at Danehy park. They come out of the compost bin area and trash cans (last week we saw 4 rats at once jump out of the trash and saw 2 more tonight. Would be great if trash cans could be moved to trash area where snow was. Rat feces and urine is hazard to the dogs in the park and the dogs love to try to catch them which is a great way to spread disease.,2026-05-17 21:04:27,2026-05-20T15:42:08.000,"New St Cambridge, MA, 02138, USA",42.39056333677532,-71.13757850857425,"{'latitude': '42.39056333677532', 'longitude': '-71.13757850857425', 'human_address': '{""address"": """", ""city"": """", ""state"": """", ""zip"": """"}'}",,https://seeclickfix.com/issues/21735308,2026-05-18T08:21:04.000,2026-05-20 15:42:08,0.9246,2.7761689814814816
21733075,Cambridge,Rodent Sighting,Rodent Sighting,Archived,"Continued waste mismanagement at 55 Langdon feeds rodents in neighborhood with rat infestation. Apartments have been contacted about their waste, but no action has been taken.",2026-05-17 13:28:19,2026-05-19T14:53:36.000,"55 Langdon St CAMBRIDGE, MA, 02138, USA",42.3805373476996,-71.12219567488782,"{'latitude': '42.3805373476996', 'longitude': '-71.12219567488782', 'human_address': '{""address"": """", ""city"": """", ""state"": """", ""zip"": """"}'}",https://seeclickfix.com/rails/active_storage/representations/redirect/eyJfcmFpbHMiOnsiZGF0YSI6NDExMDU3NDksInB1ciI6ImJsb2JfaWQifX0=--27311f50d5e732aab955eca9364609ad4b28d379/eyJfcmFpbHMiOnsiZGF0YSI6eyJmb3JtYXQiOiJqcGVnIiwiYXV0b19vcmllbnQiOnRydWUsInN0cmlwIjp0cnVlLCJyZXNpemUiOiI4MDB4NjAwIn0sInB1ciI6InZhcmlhdGlvbiJ9fQ==--a24cd3b9f26082c533845b9cc150d8421a819967/5c2808fd-754d-4c2c-b157-c98149310f6b_2026-05-17T13-24-17-04-00.jpeg,https://seeclickfix.com/issues/21733075,2026-05-18T08:20:20.000,2026-05-19 14:53:36,-0.6808,2.059224537037037
21731839,Cambridge,Rodent Sighting,Rodent Sighting,Archived,Trash bags left on street outside 24 Union are  attracting rats.,2026-05-17 08:52:45,2026-05-21T09:31:15.000,"26 Union St Cambridge 02141, United States",42.36981540421312,-71.09515393669086,"{'latitude': '42.36981540421312', 'longitude': '-71.09515393669086', 'human_address': '{""address"": """", ""city"": """", ""state"": """", ""zip"": """"}'}",,https://seeclickfix.com/issues/21731839,2026-05-18T08:19:18.000,2026-05-21 09:31:14,0.4767,4.026724537037037
21725988,Cambridge,Rodent Sighting,Rodent Sighting,Archived,"Multiple rat burrows, rats utilizing the roots and the ground down base of a tree that was removed years ago. Corner of Carver and Sacramento.",2026-05-15 20:03:06,2026-05-20T15:57:51.000,"46 Carver St Cambridge, Massachusetts, 02138",42.38261694530234,-71.11294228169739,"{'latitude': '42.38261694530234', 'longitude': '-71.11294228169739', 'human_address': '{""address"": """", ""city"": """", ""state"": """", ""zip"": """"}'}",https://seeclickfix.com/rails/active_storage/representations/redirect/eyJfcmFpbHMiOnsiZGF0YSI6NDEwODU3NTYsInB1ciI6ImJsb2JfaWQifX0=--d7a280ef9bef4266d659271d4ddf440c8c9efe26/eyJfcmFpbHMiOnsiZGF0YSI6eyJmb3JtYXQiOiJqcGVnIiwiYXV0b19vcmllbnQiOnRydWUsInN0cmlwIjp0cnVlLCJyZXNpemUiOiI4MDB4NjAwIn0sInB1ciI6InZhcmlhdGlvbiJ9fQ==--a24cd3b9f26082c533845b9cc150d8421a819967/9584a860-0f6b-4aa0-885b-51d7a78d662d_2026-05-15T20-01-36-04-00.jpeg,https://seeclickfix.com/issues/21725988,2026-05-18T08:17:50.000,2026-05-20 15:49:50,0.0,4.824120370370371
21722469,Cambridge,Rodent Sighting,Rodent Sighting,Archived,"The rodent problem in our residential neighborhoods has gotten completely out of hand. Rats are showing up in yards, under porches, and even near entryways in broad daylight, and it’s becoming way too close for comfort. Families shouldn’t have to worry about their kids playing outside or their pets getting exposed to disease, yet that’s exactly what’s happening. Garden beds, stored materials, and outdoor spaces are being torn apart, and it’s clear the situation isn’t just an inconvenience anymore — it’s a health and safety issue.

At this point, the city needs to step in with real, visible action. The infestation is growing faster than residents can manage on their own, and without coordinated efforts like targeted rodent control, better waste management enforcement, and neighborhood‑level mitigation plans, the problem will only keep spreading. People deserve to feel safe in and around their homes, and right now, that’s not the case.",2026-05-15 13:15:39,2026-05-20T12:52:02.000,"259 Elm St Cambridge, Massachusetts, 02139",42.372736429274944,-71.0959078236929,"{'latitude': '42.372736429274944', 'longitude': '-71.0959078236929', 'human_address': '{""address"": """", ""city"": """", ""state"": """", ""zip"": """"}'}",,https://seeclickfix.com/issues/21722469,2026-05-18T08:14:23.000,2026-05-20 12:52:02,0.3927,4.983599537037037
21717563,Cambridge,Rodent Sighting,Rodent Sighting,Archived,Rat seen running on sidewalk in front of 15 mt Vernon at 8:00 pm,2026-05-14 20:27:30,2026-05-19T14:52:59.000,"15 Mt Vernon St Cambridge 02140, United States",42.38735456752724,-71.1197037775115,"{'latitude': '42.38735456752724', 'longitude': '-71.1197037775115', 'human_address': '{""address"": """", ""city"": """", ""state"": """", ""zip"": """"}'}",,https://seeclickfix.com/issues/21717563,2026-05-15T08:16:43.000,2026-05-19 14:52:59,0.0,4.767696759259259
21689058,Cambridge,Rodent Sighting,Rodent Sighting,Archived,"While walking down the sidewalk, multiple large rats sighted inside the yard (just off the sidewalk).",2026-05-12 06:59:32,2026-05-14T12:44:44.000,"25 Roberts Rd Cambridge, Massachusetts, 02138",42.37653675464668,-71.1087881266646,"{'latitude': '42.37653675464668', 'longitude': '-71.1087881266646', 'human_address': '{""address"": """", ""city"": """", ""state"": """", ""zip"": """"}'}",,https://seeclickfix.com/issues/21689058,2026-05-13T08:03:41.000,2026-05-14 12:44:44,0.0,2.2397222222222224
21688008,Cambridge,Rodent Sighting,Rodent Sighting,Archived,"This is now my seventh report about the constantly overflowing / left-wide-open dumpster in the rear of this property, at the end of Edmunds St (a street with multiple rodent sightings regularly).",2026-05-11 21:33:09,2026-05-13T15:01:50.000,"2464 Massachusetts Ave Cambridge, Massachusetts, 02140",42.39838435291763,-71.13189418387222,"{'latitude': '42.39838435291763', 'longitude': '-71.13189418387222', 'human_address': '{""address"": """", ""city"": """", ""state"": """", ""zip"": """"}'}",https://seeclickfix.com/rails/active_storage/representations/redirect/eyJfcmFpbHMiOnsiZGF0YSI6NDA5NzEzOTIsInB1ciI6ImJsb2JfaWQifX0=--c7d29d6bd84a786661947de075bf2eff11cc0762/eyJfcmFpbHMiOnsiZGF0YSI6eyJmb3JtYXQiOiJqcGVnIiwiYXV0b19vcmllbnQiOnRydWUsInN0cmlwIjp0cnVlLCJyZXNpemUiOiI4MDB4NjAwIn0sInB1ciI6InZhcmlhdGlvbiJ9fQ==--a24cd3b9f26082c533845b9cc150d8421a819967/f1e6b7a1-c542-4f37-a3c0-51e199b39f50_2026-05-11T21-31-46-04-00.jpeg,https://seeclickfix.com/issues/21688008,2026-05-13T08:04:05.000,2026-05-13 15:01:50,-0.1531,1.7282523148148148
21677704,Cambridge,Rodent Sighting,Rodent Sighting,Archived,"Rodent in produce section of star market, witness around 10:20 pm on 5/10",2026-05-10 23:22:44,2026-05-14T12:48:19.000,699 Mt. Auburn Street,42.37547432190638,-71.148767733393,"{'latitude': '42.37547432190638', 'longitude': '-71.148767733393', 'human_address': '{""address"": """", ""city"": """", ""state"": """", ""zip"": """"}'}",,https://seeclickfix.com/issues/21677704,2026-05-11T08:11:02.000,2026-05-14 12:48:19,0.0,3.55943287037037
21677253,Cambridge,Rodent Sighting,Rodent Sighting,Archived,Small rat running across driveway next to 14 Dudley into back of 6-8 Dudley Street,2026-05-10 20:55:18,2026-05-13T15:25:35.000,"14 Dudley St Cambridge, MA, 02140, USA",42.396218712626,-71.129767024484,"{'latitude': '42.396218712626', 'longitude': '-71.129767024484', 'human_address': '{""address"": """", ""city"": """", ""state"": """", ""zip"": """"}'}",,https://seeclickfix.com/issues/21677253,2026-05-11T08:10:36.000,2026-05-13 15:25:35,0.0,2.771030092592593
21669594,Cambridge,Rodent Sighting,Rodent Sighting,Archived,"Daily daytime rat activity, colony of huge adults and juveniles, responding to daily feedings by resident",2026-05-09 07:00:30,2026-05-14T12:44:32.000,"25 Roberts Rd Cambridge, Massachusetts, 02138",42.37653675464668,-71.1087881266646,"{'latitude': '42.37653675464668', 'longitude': '-71.1087881266646', 'human_address': '{""address"": """", ""city"": """", ""state"": """", ""zip"": """"}'}",,https://seeclickfix.com/issues/21669594,2026-05-11T08:04:52.000,2026-05-14 12:44:31,0.3182,5.238900462962963
21666725,Cambridge,Rodent Sighting,Rodent Sighting,Archived,"Rodent tunnel at back of Star Market building, on Watertown-Cambridge Greenway, close to Belmont St overpass.",2026-05-08 16:20:10,2026-05-13T14:46:58.000,"705 Mount Auburn St CAMBRIDGE, Massachusetts, 02138",42.3751699,-71.1497564,"{'latitude': '42.3751699', 'longitude': '-71.1497564', 'human_address': '{""address"": """", ""city"": """", ""state"": """", ""zip"": """"}'}",https://seeclickfix.com/rails/active_storage/representations/redirect/eyJfcmFpbHMiOnsiZGF0YSI6NDA5MDY4NTksInB1ciI6ImJsb2JfaWQifX0=--96ea5474269aa40213be78799ee79cdbcb56e3ee/eyJfcmFpbHMiOnsiZGF0YSI6eyJmb3JtYXQiOiJqcGciLCJhdXRvX29yaWVudCI6dHJ1ZSwic3RyaXAiOnRydWUsInJlc2l6ZSI6IjgwMHg2MDAifSwicHVyIjoidmFyaWF0aW9uIn19--242b3e94addeeae50b5fd8df8a0a8fbcf02bf33c/6e519bf0-47d7-4fca-b75d-809835a3963c_2026-05-08T16-16-44-04-00.png,https://seeclickfix.com/issues/21666725,2026-05-11T08:09:52.000,2026-05-13 14:46:58,0.0,4.935277777777777
21665665,Cambridge,Rodent Sighting,Rodent Sighting,Archived,We see numerous rats under our house and in the yard next door on Florence str.,2026-05-08 14:50:49,2026-05-14T12:40:37.000,"151 Magazine St Cambridge, Massachusetts, 02139",42.358119408341715,-71.11253500502208,"{'latitude': '42.358119408341715', 'longitude': '-71.11253500502208', 'human_address': '{""address"": """", ""city"": """", ""state"": """", ""zip"": """"}'}",https://seeclickfix.com/rails/active_storage/representations/redirect/eyJfcmFpbHMiOnsiZGF0YSI6NDA5MDM5NDAsInB1ciI6ImJsb2JfaWQifX0=--28c9c54729578dc9c11e5b7abf7c57594b586ddb/eyJfcmFpbHMiOnsiZGF0YSI6eyJmb3JtYXQiOiJqcGVnIiwiYXV0b19vcmllbnQiOnRydWUsInN0cmlwIjp0cnVlLCJyZXNpemUiOiI4MDB4NjAwIn0sInB1ciI6InZhcmlhdGlvbiJ9fQ==--a24cd3b9f26082c533845b9cc150d8421a819967/1f0c570c-f1e7-48b0-96be-e7fa194c64e9_2026-05-08T14-46-06-04-00.jpeg,https://seeclickfix.com/issues/21665665,2026-05-11T08:09:12.000,2026-05-14 12:40:37,0.0,5.909583333333333
21661634,Cambridge,Rodent Sighting,Rodent Sighting,Archived,I don’t have a photo but the rats are out of control right now. With construction all around us our pest control contract can’t keep up. Rats are bold and no longer scatter. Counted 17 yesterday in just a short amount of time.,2026-05-08 09:08:06,2026-05-13T12:22:52.000,"231 Putnam Ave CAMBRIDGE, MA, 02139, USA",42.36385301293789,-71.11425841759241,"{'latitude': '42.36385301293789', 'longitude': '-71.11425841759241', 'human_address': '{""address"": """", ""city"": """", ""state"": """", ""zip"": """"}'}",,https://seeclickfix.com/issues/21661634,2026-05-08T11:48:15.000,2026-05-13 12:22:52,0.1531,5.13525462962963
21661514,Cambridge,Rodent Sighting,Rodent Sighting,Archived,"Rats nesting at Eversource has been years long problem, but seems that the Construction on Putnam and River has escalated problem to new level. Over a dozen rats visible, babies, even during the day, and they don’t fear people at all.",2026-05-08 08:54:52,2026-05-13T12:23:15.000,"231 Putnam Ave Cambridge, Massachusetts, 02139",42.3638467937213,-71.11388146655065,"{'latitude': '42.3638467937213', 'longitude': '-71.11388146655065', 'human_address': '{""address"": """", ""city"": """", ""state"": """", ""zip"": """"}'}",,https://seeclickfix.com/issues/21661514,2026-05-08T10:42:08.000,2026-05-13 12:23:15,-0.8658,5.144710648148148
21660391,Cambridge,Rodent Sighting,Rodent Sighting,Archived,About a dozen rats around 10pm on may 7,2026-05-08 01:18:20,2026-05-08T11:48:49.000,Alden & Harlow,42.3735060079612,-71.121447,"{'latitude': '42.3735060079612', 'longitude': '-71.121447', 'human_address': '{""address"": """", ""city"": """", ""state"": """", ""zip"": """"}'}",,https://seeclickfix.com/issues/21660391,2026-05-08T07:58:40.000,2026-05-08 11:48:49,0.0,0.4378356481481481
21659942,Cambridge,Rodent Sighting,Rodent Sighting,Archived,Saw a mouse in seating area of Althea around 9pm on May 6. Notified staff.,2026-05-07 21:55:08,2026-05-13T08:12:17.000,"897 Main St CAMBRIDGE, MA, 02139, USA",42.3636593808756,-71.09957574253772,"{'latitude': '42.3636593808756', 'longitude': '-71.09957574253772', 'human_address': '{""address"": """", ""city"": """", ""state"": """", ""zip"": """"}'}",,https://seeclickfix.com/issues/21659942,2026-05-08T07:58:04.000,2026-05-13 08:12:17,0.0,5.428576388888889
21654004,Cambridge,Rodent Sighting,Rodent Sighting,Archived,There was a rodent in the middle of this shop when I walked in that then scurried underneath all where all the pastries are. This is extremely unsanitary.,2026-05-07 11:21:33,2026-05-13T08:10:39.000,Royal Pastry Shop,42.371924007960715,-71.08921399999997,"{'latitude': '42.371924007960715', 'longitude': '-71.08921399999997', 'human_address': '{""address"": """", ""city"": """", ""state"": """", ""zip"": """"}'}",,https://seeclickfix.com/issues/21654004,2026-05-07T13:15:06.000,2026-05-13 08:10:39,0.0,5.867430555555556
21649549,Cambridge,Rodent Sighting,Rodent Sighting,Archived,Large rat colony,2026-05-06 18:46:08,2026-05-11T08:07:08.000,"25 Roberts Rd CAMBRIDGE, MA, 02138, USA",42.37651025740679,-71.10869187964593,"{'latitude': '42.37651025740679', 'longitude': '-71.10869187964593', 'human_address': '{""address"": """", ""city"": """", ""state"": """", ""zip"": """"}'}",,https://seeclickfix.com/issues/21649549,2026-05-07T08:26:47.000,,0.0,
21644263,Cambridge,Rodent Sighting,Rodent Sighting,Archived,"As has been the case during previous years, there are rodent burrows at the traffic Island where Harvard Street meets Mass. Ave.",2026-05-06 11:06:49,2026-05-11T08:03:14.000,"458-498 Harvard St Cambridge, Massachusetts, 02138",42.3724,-71.1157,"{'latitude': '42.3724', 'longitude': '-71.1157', 'human_address': '{""address"": """", ""city"": """", ""state"": """", ""zip"": """"}'}",https://seeclickfix.com/rails/active_storage/representations/redirect/eyJfcmFpbHMiOnsiZGF0YSI6NDA4MjczMDIsInB1ciI6ImJsb2JfaWQifX0=--f426c342627f356ff3630ca449b4813c6ac2689b/eyJfcmFpbHMiOnsiZGF0YSI6eyJmb3JtYXQiOiJqcGciLCJhdXRvX29yaWVudCI6dHJ1ZSwic3RyaXAiOnRydWUsInJlc2l6ZSI6IjgwMHg2MDAifSwicHVyIjoidmFyaWF0aW9uIn19--242b3e94addeeae50b5fd8df8a0a8fbcf02bf33c/d5f03b28-2c7c-42ab-b76d-b0d7ebf31fe1_2026-05-06T11-03-22-04-00.jpg,https://seeclickfix.com/issues/21644263,2026-05-06T13:49:03.000,2026-05-11 08:03:14,0.0,4.872511574074074
21631921,Cambridge,Rodent Sighting,Rodent Sighting,Archived,A rat ran right in front of me and ran under the construction fence while walking my dog,2026-05-05 07:04:23,2026-05-07T14:13:46.000,"78 Bolton St Cambridge 02140, United States",42.38988238360555,-71.13141666666665,"{'latitude': '42.38988238360555', 'longitude': '-71.13141666666665', 'human_address': '{""address"": """", ""city"": """", ""state"": """", ""zip"": """"}'}",https://seeclickfix.com/rails/active_storage/representations/redirect/eyJfcmFpbHMiOnsiZGF0YSI6NDA3NzU5NjcsInB1ciI6ImJsb2JfaWQifX0=--8dd220cb76e66fe101843b4d782dddd3b84e5011/eyJfcmFpbHMiOnsiZGF0YSI6eyJmb3JtYXQiOiJqcGciLCJhdXRvX29yaWVudCI6dHJ1ZSwic3RyaXAiOnRydWUsInJlc2l6ZSI6IjgwMHg2MDAifSwicHVyIjoidmFyaWF0aW9uIn19--242b3e94addeeae50b5fd8df8a0a8fbcf02bf33c/e7203451-ece8-4e0f-ad06-14cb6a79d8eb_2026-05-05T07-03-16-04-00.jpg,https://seeclickfix.com/issues/21631921,2026-05-05T07:16:11.000,2026-05-07 14:13:46,0.0,2.29818287037037
21631125,Cambridge,Rodent Sighting,Rodent Sighting,Archived,"in walls, ceilings of 6 Linwood Place: rodents!",2026-05-04 22:54:54,2026-05-08T11:22:15.000,"1 Linwood Pl CAMBRIDGE, MA, 02139, USA",42.367894696955666,-71.09634796181027,"{'latitude': '42.367894696955666', 'longitude': '-71.09634796181027', 'human_address': '{""address"": """", ""city"": """", ""state"": """", ""zip"": """"}'}",,https://seeclickfix.com/issues/21631125,2026-05-05T07:26:00.000,2026-05-08 11:22:15,0.0,3.5189930555555557
21630863,Cambridge,Rodent Sighting,Rodent Sighting,Archived,There are many rats around the Walden Square Road Apartments. Mainly near the basketball court where children play and around the nearby parking spots. The rats are also in the bushes and grass around the apartments.,2026-05-04 21:37:35,2026-05-06T14:30:30.000,"Walden Square Rd Cambridge, Massachusetts, 02140",42.38957769679632,-71.13149629492848,"{'latitude': '42.38957769679632', 'longitude': '-71.13149629492848', 'human_address': '{""address"": """", ""city"": """", ""state"": """", ""zip"": """"}'}",,https://seeclickfix.com/issues/21630863,2026-05-05T07:15:00.000,2026-05-06 14:30:30,0.34,1.7034143518518519
21619219,Cambridge,Rodent Sighting,Rodent Sighting,Archived,"About a dozen rats under the bins, and lifted concrete slap next to the gate.",2026-05-03 19:50:56,2026-05-04T13:45:26.000,"256 Brookline St CAMBRIDGE, MA, 02139, USA",42.35773235063304,-71.10755834578154,"{'latitude': '42.35773235063304', 'longitude': '-71.10755834578154', 'human_address': '{""address"": """", ""city"": """", ""state"": """", ""zip"": """"}'}",https://seeclickfix.com/rails/active_storage/representations/redirect/eyJfcmFpbHMiOnsiZGF0YSI6NDA3MjM0ODQsInB1ciI6ImJsb2JfaWQifX0=--17fcc4736cda58bf5612e9c9c253af4062adf94d/eyJfcmFpbHMiOnsiZGF0YSI6eyJmb3JtYXQiOiJqcGciLCJhdXRvX29yaWVudCI6dHJ1ZSwic3RyaXAiOnRydWUsInJlc2l6ZSI6IjgwMHg2MDAifSwicHVyIjoidmFyaWF0aW9uIn19--242b3e94addeeae50b5fd8df8a0a8fbcf02bf33c/90972776-0d0d-467b-8afd-16be700f14de_2026-05-03T19-49-09-04-00.jpg,https://seeclickfix.com/issues/21619219,2026-05-04T08:43:46.000,2026-05-04 13:45:25,0.1531,0.7461689814814815
21615936,Cambridge,Rodent Sighting,Rodent Sighting,Archived,"Rats climbing fence to get at food left out for them at 26-28 Camp street.

The urban animal feeding continues unabated at this address. Rats (and squirrels) have a habit of climbing the fence to get to food left on shelves lining the fence itself. Rats are huge this season, easily the size of small rabbits.",2026-05-03 06:38:36,2026-05-06T14:21:02.000,"28 Camp St Cambridge, Massachusetts, 02140",42.398754741251,-71.129672728074,"{'latitude': '42.398754741251', 'longitude': '-71.129672728074', 'human_address': '{""address"": """", ""city"": """", ""state"": """", ""zip"": """"}'}",,https://seeclickfix.com/issues/21615936,2026-05-04T08:40:07.000,2026-05-06 14:21:02,0.5719,3.321134259259259
21614644,Cambridge,Rodent Sighting,Rodent Sighting,Archived,Rodent running through aisle near bakery section,2026-05-02 20:02:50,2026-05-06T08:56:05.000,Star Market,42.38999800796578,-71.11829199999994,"{'latitude': '42.38999800796578', 'longitude': '-71.11829199999994', 'human_address': '{""address"": """", ""city"": """", ""state"": """", ""zip"": """"}'}",,https://seeclickfix.com/issues/21614644,2026-05-04T08:37:40.000,2026-05-06 08:56:05,0.0,3.536979166666667
21612656,Cambridge,Rodent Sighting,Rodent Sighting,Archived,Rats have burrowed beneath this dumpster and are feeding on the food waste inside.,2026-05-02 12:47:42,2026-05-04T16:49:40.000,"Saint Johns Rd Cambridge, MA, 02138, USA",42.37712876798837,-71.12410931742889,"{'latitude': '42.37712876798837', 'longitude': '-71.12410931742889', 'human_address': '{""address"": """", ""city"": """", ""state"": """", ""zip"": """"}'}",https://seeclickfix.com/rails/active_storage/representations/redirect/eyJfcmFpbHMiOnsiZGF0YSI6NDA2OTMwNzEsInB1ciI6ImJsb2JfaWQifX0=--d98ae815c156bb3f5818b230bf8fc84ee40ef0f4/eyJfcmFpbHMiOnsiZGF0YSI6eyJmb3JtYXQiOiJqcGVnIiwiYXV0b19vcmllbnQiOnRydWUsInN0cmlwIjp0cnVlLCJyZXNpemUiOiI4MDB4NjAwIn0sInB1ciI6InZhcmlhdGlvbiJ9fQ==--a24cd3b9f26082c533845b9cc150d8421a819967/05ff3e21-7467-42b7-9f7b-9863ac59b8f2_2026-05-02T12-46-03-04-00.jpeg,https://seeclickfix.com/issues/21612656,2026-05-04T08:37:08.000,2026-05-04 16:49:40,-0.5499,2.1680324074074075
21612637,Cambridge,Rodent Sighting,Rodent Sighting,Archived,55 Langdon street apartment buildings continue to mismanage trash despite rat infestation,2026-05-02 12:43:04,2026-05-05T15:28:43.000,"55 Langdon St CAMBRIDGE, MA, 02138, USA",42.38055072725262,-71.1220395834754,"{'latitude': '42.38055072725262', 'longitude': '-71.1220395834754', 'human_address': '{""address"": """", ""city"": """", ""state"": """", ""zip"": """"}'}",https://seeclickfix.com/rails/active_storage/representations/redirect/eyJfcmFpbHMiOnsiZGF0YSI6NDA2OTI5NzcsInB1ciI6ImJsb2JfaWQifX0=--9a398fa14b43c35fcf8a6331cf2f8e6a007d7d33/eyJfcmFpbHMiOnsiZGF0YSI6eyJmb3JtYXQiOiJqcGVnIiwiYXV0b19vcmllbnQiOnRydWUsInN0cmlwIjp0cnVlLCJyZXNpemUiOiI4MDB4NjAwIn0sInB1ciI6InZhcmlhdGlvbiJ9fQ==--a24cd3b9f26082c533845b9cc150d8421a819967/3edc9268-2346-47e6-a706-5de3cd70dbe8_2026-05-02T12-42-05-04-00.jpeg,https://seeclickfix.com/issues/21612637,2026-05-04T08:36:31.000,2026-05-05 15:28:42,0.0,3.1150231481481483
21590822,Cambridge,Rodent Sighting,Rodent Sighting,Archived,Rodent sighting at whole foods,2026-04-29 16:42:22,2026-04-30T15:14:08.000,"340 River St Cambridge, Massachusetts, 02139",42.360995197412514,-71.11391986306475,"{'latitude': '42.360995197412514', 'longitude': '-71.11391986306475', 'human_address': '{""address"": """", ""city"": """", ""state"": """", ""zip"": """"}'}",,https://seeclickfix.com/issues/21590822,2026-04-30T08:33:23.000,2026-04-30 15:14:08,0.0,0.9387268518518519
21588583,Cambridge,Rodent Sighting,Rodent Sighting,Archived,"Was just shopping at Star Market on Mt Auburn St when I noticed a movement 0n the floor across the aisle. Saw the tail of a rodent (appeared to be a rat).
Please inspect this store.",2026-04-29 13:49:36,2026-04-30T15:15:27.000,Star Market,42.375612007961756,-71.14896699999997,"{'latitude': '42.375612007961756', 'longitude': '-71.14896699999997', 'human_address': '{""address"": """", ""city"": """", ""state"": """", ""zip"": """"}'}",,https://seeclickfix.com/issues/21588583,2026-04-30T08:32:45.000,2026-04-30 15:15:27,0.3182,1.0596180555555557
21584932,Cambridge,Rodent Sighting,Rodent Sighting,Archived,Trash & recycling bins have multiple holes & have not been replaced for months. Rats have been seen going in & out of these barrels. Property is part of Webster Ave but the bins are on Hamlin Street between the 2 garages. Trash & recycling bins are not put out on the curb on a weekly basis & is overflowing.,2026-04-29 09:00:26,2026-04-29T12:40:07.000,"1-99 Hamlin St Cambridge, MA, 02141, USA",42.369566988743344,-71.09265360720748,"{'latitude': '42.369566988743344', 'longitude': '-71.09265360720748', 'human_address': '{""address"": """", ""city"": """", ""state"": """", ""zip"": """"}'}",,https://seeclickfix.com/issues/21584932,2026-04-29T11:17:29.000,2026-04-29 12:39:35,0.0,0.1521875
21574866,Cambridge,Rodent Sighting,Rodent Sighting,Archived,Apartment complex continues to mismanage waste disposal during active rat infestation despite notification of property manager. Resolving this could help curb the rat population at this residence and in the surrounding area.,2026-04-28 08:42:11,2026-04-30T13:59:45.000,"55 Langdon St Cambridge, Massachusetts, 02138",42.38049230048483,-71.12208693806178,"{'latitude': '42.38049230048483', 'longitude': '-71.12208693806178', 'human_address': '{""address"": """", ""city"": """", ""state"": """", ""zip"": """"}'}",https://seeclickfix.com/rails/active_storage/representations/redirect/eyJfcmFpbHMiOnsiZGF0YSI6NDA1MjkxMTUsInB1ciI6ImJsb2JfaWQifX0=--5b948dc4e95d05269843f4fa1b2c14cb8dcc2da4/eyJfcmFpbHMiOnsiZGF0YSI6eyJmb3JtYXQiOiJqcGVnIiwiYXV0b19vcmllbnQiOnRydWUsInN0cmlwIjp0cnVlLCJyZXNpemUiOiI4MDB4NjAwIn0sInB1ciI6InZhcmlhdGlvbiJ9fQ==--a24cd3b9f26082c533845b9cc150d8421a819967/f9f5ae28-3cd7-4f78-afc7-2fae57c2e074_2026-04-28T08-36-10-04-00.jpeg,https://seeclickfix.com/issues/21574866,2026-04-28T08:54:31.000,2026-04-30 13:59:44,0.6369,2.2205208333333335
21574143,Cambridge,Rodent Sighting,Rodent Sighting,Archived,Rat holes at Peabody School playground.,2026-04-28 05:50:39,2026-04-30T08:37:32.000,"6-60 Yerxa Rd Cambridge, Massachusetts, 02140",42.39158833333333,-71.12886116666667,"{'latitude': '42.39158833333333', 'longitude': '-71.12886116666667', 'human_address': '{""address"": """", ""city"": """", ""state"": """", ""zip"": """"}'}",https://seeclickfix.com/rails/active_storage/representations/redirect/eyJfcmFpbHMiOnsiZGF0YSI6NDA1MjYwNTYsInB1ciI6ImJsb2JfaWQifX0=--0cf9a635691427ee2a24948a5f6b56c65b364ae2/eyJfcmFpbHMiOnsiZGF0YSI6eyJmb3JtYXQiOiJqcGciLCJhdXRvX29yaWVudCI6dHJ1ZSwic3RyaXAiOnRydWUsInJlc2l6ZSI6IjgwMHg2MDAifSwicHVyIjoidmFyaWF0aW9uIn19--242b3e94addeeae50b5fd8df8a0a8fbcf02bf33c/aca21e63-a328-4827-999e-c0cef5b8b8f6_2026-04-28T05-49-42-04-00.jpg,https://seeclickfix.com/issues/21574143,2026-04-28T07:30:16.000,2026-04-30 08:37:32,0.0,2.1158912037037036
21571950,Cambridge,Rodent Sighting,Rodent Sighting,Archived,Have been seeing this raccoon lately but now it has babies.,2026-04-27 18:12:30,2026-04-28T15:25:01.000,"42 Middlesex St Cambridge, Massachusetts, 02140",42.392211115475625,-71.1306145111951,"{'latitude': '42.392211115475625', 'longitude': '-71.1306145111951', 'human_address': '{""address"": """", ""city"": """", ""state"": """", ""zip"": """"}'}",https://seeclickfix.com/rails/active_storage/representations/redirect/eyJfcmFpbHMiOnsiZGF0YSI6NDA1MTYwMDAsInB1ciI6ImJsb2JfaWQifX0=--d93f082bb40bb1fb46cb965f3c59635f989046c1/eyJfcmFpbHMiOnsiZGF0YSI6eyJmb3JtYXQiOiJqcGciLCJhdXRvX29yaWVudCI6dHJ1ZSwic3RyaXAiOnRydWUsInJlc2l6ZSI6IjgwMHg2MDAifSwicHVyIjoidmFyaWF0aW9uIn19--242b3e94addeeae50b5fd8df8a0a8fbcf02bf33c/4861bc98-f604-4644-87a3-354d8baf7b9e_2026-04-27T18-11-29-04-00.jpg,https://seeclickfix.com/issues/21571950,,2026-04-28 07:34:07,0.0,0.5566782407407408
21566421,Cambridge,Rodent Sighting,Rodent Sighting,Archived,Probable rat burrow in the back yard of 5 Wood St,2026-04-27 11:26:23,2026-04-28T14:58:04.000,"5 Wood St Cambridge, Massachusetts, 02140",42.387304558599,-71.129208538276,"{'latitude': '42.387304558599', 'longitude': '-71.129208538276', 'human_address': '{""address"": """", ""city"": """", ""state"": """", ""zip"": """"}'}",https://seeclickfix.com/rails/active_storage/representations/redirect/eyJfcmFpbHMiOnsiZGF0YSI6NDA0OTE3NzksInB1ciI6ImJsb2JfaWQifX0=--852a9ae0217c00247b573727fde998e68a3e1caa/eyJfcmFpbHMiOnsiZGF0YSI6eyJmb3JtYXQiOiJqcGciLCJhdXRvX29yaWVudCI6dHJ1ZSwic3RyaXAiOnRydWUsInJlc2l6ZSI6IjgwMHg2MDAifSwicHVyIjoidmFyaWF0aW9uIn19--242b3e94addeeae50b5fd8df8a0a8fbcf02bf33c/9ee6a941-8b06-4ebd-bd0e-3cda63c9bf47_2026-04-27T11-25-28-04-00.png,https://seeclickfix.com/issues/21566421,2026-04-28T07:35:37.000,2026-04-28 14:58:04,0.0,1.1470023148148147
21562748,Cambridge,Rodent Sighting,Rodent Sighting,Archived,rat went up the stairs towards the right patio,2026-04-26 21:14:03,2026-04-30T08:35:51.000,"45 Magazine St Cambridge, Massachusetts, 02139",42.362792185677,-71.107330010788,"{'latitude': '42.362792185677', 'longitude': '-71.107330010788', 'human_address': '{""address"": """", ""city"": """", ""state"": """", ""zip"": """"}'}",https://seeclickfix.com/rails/active_storage/representations/redirect/eyJfcmFpbHMiOnsiZGF0YSI6NDA0NzU1NjEsInB1ciI6ImJsb2JfaWQifX0=--f53053cfd3a00abe3aa0f49b0726b043218cd95d/eyJfcmFpbHMiOnsiZGF0YSI6eyJmb3JtYXQiOiJqcGciLCJhdXRvX29yaWVudCI6dHJ1ZSwic3RyaXAiOnRydWUsInJlc2l6ZSI6IjgwMHg2MDAifSwicHVyIjoidmFyaWF0aW9uIn19--242b3e94addeeae50b5fd8df8a0a8fbcf02bf33c/8f7cb2ea-2bd3-4b9e-a35a-756436b1ceab_2026-04-26T21-12-28-04-00.png,https://seeclickfix.com/issues/21562748,2026-04-27T08:13:07.000,2026-04-30 08:35:51,0.0,3.473472222222222
21562552,Cambridge,Rodent Sighting,Rodent Sighting,Archived,There are 3-4 rats consistently in my back garden and in the communal area. There are young children playing around here and I think it is an issue that needs to be addressed.,2026-04-26 20:22:27,2026-04-30T08:35:22.000,"54 Trowbridge St #G, Cambridge, Massachusetts, 02138",42.37245313106851,-71.11085516828726,"{'latitude': '42.37245313106851', 'longitude': '-71.11085516828726', 'human_address': '{""address"": """", ""city"": """", ""state"": """", ""zip"": """"}'}",https://seeclickfix.com/rails/active_storage/representations/redirect/eyJfcmFpbHMiOnsiZGF0YSI6NDA0NzQ1MDksInB1ciI6ImJsb2JfaWQifX0=--e3ca18521f2ddafcdc1bd2b6f1d288489b6d10e9/eyJfcmFpbHMiOnsiZGF0YSI6eyJmb3JtYXQiOiJqcGVnIiwiYXV0b19vcmllbnQiOnRydWUsInN0cmlwIjp0cnVlLCJyZXNpemUiOiI4MDB4NjAwIn0sInB1ciI6InZhcmlhdGlvbiJ9fQ==--a24cd3b9f26082c533845b9cc150d8421a819967/7a443c06-513d-4a58-b0e8-5f11d3df8132_2026-04-26T20-21-04-04-00.jpeg,https://seeclickfix.com/issues/21562552,2026-04-27T08:12:28.000,2026-04-30 08:35:22,0.2023,3.5089699074074074
21561558,Cambridge,Rodent Sighting,Rodent Sighting,Archived,I saw a rat running across the front stoop of 60 Porter Rd this morning.,2026-04-26 16:45:13,2026-04-28T14:27:32.000,"42-60 Porter Rd Cambridge, MA, 02140, USA",42.38933770029428,-71.12158948683329,"{'latitude': '42.38933770029428', 'longitude': '-71.12158948683329', 'human_address': '{""address"": """", ""city"": """", ""state"": """", ""zip"": """"}'}",,https://seeclickfix.com/issues/21561558,2026-04-27T08:09:34.000,2026-04-28 14:27:31,0.0,1.904375
21544357,Cambridge,Rodent Sighting,Rodent Sighting,Archived,,2026-04-23 16:43:37,2026-04-30T07:36:44.000,"345 Columbia St Cambridge, Massachusetts, 02141",42.371544389394025,-71.0955086801194,"{'latitude': '42.371544389394025', 'longitude': '-71.0955086801194', 'human_address': '{""address"": """", ""city"": """", ""state"": """", ""zip"": """"}'}",https://seeclickfix.com/rails/active_storage/representations/redirect/eyJfcmFpbHMiOnsiZGF0YSI6NDAzODk3NDQsInB1ciI6ImJsb2JfaWQifX0=--ffbbaa1c8c9b410c8b278c93d48cc90d9c22bc73/eyJfcmFpbHMiOnsiZGF0YSI6eyJmb3JtYXQiOiJqcGciLCJhdXRvX29yaWVudCI6dHJ1ZSwic3RyaXAiOnRydWUsInJlc2l6ZSI6IjgwMHg2MDAifSwicHVyIjoidmFyaWF0aW9uIn19--242b3e94addeeae50b5fd8df8a0a8fbcf02bf33c/7092285a-7cfc-499f-86e2-22e4e527789d_2026-04-23T16-42-14-04-00.jpg,https://seeclickfix.com/issues/21544357,2026-04-24T07:33:51.000,2026-04-30 07:36:44,0.0,6.6202199074074075
21528181,Cambridge,Rodent Sighting,Rodent Sighting,Archived,"I don’t have an image of the rat because it already ran across the street, but I regularly see rats early morning in this location (usually just one each time). They run from a driveway, possibly from the trash that’s right next to the driveway, to the power station. It’s 5:45 AM and that’s commonly around when I see them.",2026-04-22 05:52:01,2026-04-27T08:14:02.000,"379 Putnam Ave Cambridge, MA, 02139, USA",42.3604173448692,-71.11323187645237,"{'latitude': '42.3604173448692', 'longitude': '-71.11323187645237', 'human_address': '{""address"": """", ""city"": """", ""state"": """", ""zip"": """"}'}",https://seeclickfix.com/rails/active_storage/representations/redirect/eyJfcmFpbHMiOnsiZGF0YSI6NDAzMjI3NzUsInB1ciI6ImJsb2JfaWQifX0=--d26e0789c906b60b157873f7219ff30b40555cd8/eyJfcmFpbHMiOnsiZGF0YSI6eyJmb3JtYXQiOiJqcGVnIiwiYXV0b19vcmllbnQiOnRydWUsInN0cmlwIjp0cnVlLCJyZXNpemUiOiI4MDB4NjAwIn0sInB1ciI6InZhcmlhdGlvbiJ9fQ==--a24cd3b9f26082c533845b9cc150d8421a819967/41972423-ece8-476f-84f8-37f56dbe6251_2026-04-22T05-49-57-04-00.jpeg,https://seeclickfix.com/issues/21528181,2026-04-23T08:07:18.000,2026-04-27 08:14:02,0.0,5.098622685185185
21519779,Cambridge,Rodent Sighting,Rodent Sighting,Archived,"Apartment complex not managing waste appropriately. This is an ongoing issue that may be contributing to rodents in the surrounding buildings. Rats have been found during the day and at night in the vicinity, and despite pest control efforts, the issue persists.",2026-04-21 09:46:40,2026-04-24T10:37:33.000,"55 Langdon St CAMBRIDGE, MA, 02138, USA",42.38048599514544,-71.12205483669462,"{'latitude': '42.38048599514544', 'longitude': '-71.12205483669462', 'human_address': '{""address"": """", ""city"": """", ""state"": """", ""zip"": """"}'}",https://seeclickfix.com/rails/active_storage/representations/redirect/eyJfcmFpbHMiOnsiZGF0YSI6NDAyODYxNzUsInB1ciI6ImJsb2JfaWQifX0=--05321292a24c419a3c505a21ad34fda278791823/eyJfcmFpbHMiOnsiZGF0YSI6eyJmb3JtYXQiOiJqcGVnIiwiYXV0b19vcmllbnQiOnRydWUsInN0cmlwIjp0cnVlLCJyZXNpemUiOiI4MDB4NjAwIn0sInB1ciI6InZhcmlhdGlvbiJ9fQ==--a24cd3b9f26082c533845b9cc150d8421a819967/5cb40b58-4427-461c-891f-7497ee5de7fa_2026-04-21T09-37-47-04-00.jpeg,https://seeclickfix.com/issues/21519779,2026-04-23T08:08:03.000,2026-04-24 10:37:33,0.3252,3.035335648148148
21516882,Cambridge,Rodent Sighting,Rodent Sighting,Archived,"Just watched a rat dash across Clinton from the 847 Mass Ave. construction sight to the trash bins at 859 Mass Ave.
He or she declined to pose for portraiture, as is so often the case.
A healthy-looking 8 inch specimen.

Sorry for the oddly rotated image.",2026-04-20 19:49:42,2026-04-24T11:40:44.000,"859 Massachusetts Ave Cambridge, Massachusetts, 02139",42.36774373070339,-71.10680169943136,"{'latitude': '42.36774373070339', 'longitude': '-71.10680169943136', 'human_address': '{""address"": """", ""city"": """", ""state"": """", ""zip"": """"}'}",https://seeclickfix.com/rails/active_storage/representations/redirect/eyJfcmFpbHMiOnsiZGF0YSI6NDAyNzQwNDAsInB1ciI6ImJsb2JfaWQifX0=--b259d10263b97f6a021890e841dbdb2afc3307ce/eyJfcmFpbHMiOnsiZGF0YSI6eyJmb3JtYXQiOiJqcGciLCJhdXRvX29yaWVudCI6dHJ1ZSwic3RyaXAiOnRydWUsInJlc2l6ZSI6IjgwMHg2MDAifSwicHVyIjoidmFyaWF0aW9uIn19--242b3e94addeeae50b5fd8df8a0a8fbcf02bf33c/ad2ec58c-b92c-4f75-98d0-2ec440065864_2026-04-20T19-48-22-04-00.jpg,https://seeclickfix.com/issues/21516882,2026-04-21T07:46:05.000,2026-04-24 11:40:43,-0.0772,3.6604282407407407
21508840,Cambridge,Rodent Sighting,Rodent Sighting,Archived,Rodent concerns due to the extensive construction. Please address immediately.,2026-04-20 09:15:49,2026-04-22T10:56:46.000,"269 Elm St Cambridge, Massachusetts, 02139",42.37279331286846,-71.09563272963075,"{'latitude': '42.37279331286846', 'longitude': '-71.09563272963075', 'human_address': '{""address"": """", ""city"": """", ""state"": """", ""zip"": """"}'}",,https://seeclickfix.com/issues/21508840,2026-04-21T07:43:59.000,2026-04-22 10:56:46,0.3182,2.070104166666667
21508772,Cambridge,Rodent Sighting,Rodent Sighting,Archived,Please address the rodent concern in this area as soon as possible.,2026-04-20 09:10:43,2026-04-22T10:55:57.000,"259 Elm St Cambridge, Massachusetts, 02139",42.372661130255345,-71.09575225557002,"{'latitude': '42.372661130255345', 'longitude': '-71.09575225557002', 'human_address': '{""address"": """", ""city"": """", ""state"": """", ""zip"": """"}'}",,https://seeclickfix.com/issues/21508772,2026-04-21T07:43:30.000,2026-04-22 10:55:56,0.3182,2.0730671296296297
21502956,Cambridge,Rodent Sighting,Rodent Sighting,Archived,Raccoons and rodents seen crawling around residents’ porch areas near where the dumpsters are overflowing.,2026-04-18 21:22:42,2026-04-21T13:05:14.000,"71 Fulkerson St CAMBRIDGE, MA, 02141, USA",42.369958004557034,-71.08775802322714,"{'latitude': '42.369958004557034', 'longitude': '-71.08775802322714', 'human_address': '{""address"": """", ""city"": """", ""state"": """", ""zip"": """"}'}",,https://seeclickfix.com/issues/21502956,2026-04-21T07:42:44.000,2026-04-21 13:05:14,-0.25,2.654537037037037
21500469,Cambridge,Rodent Sighting,Rodent Sighting,Archived,Whole Foods has mice running around the aisles. Seen it the last two times I’ve shopped there.,2026-04-18 12:18:00,2026-04-21T08:04:55.000,Whole Foods Market,42.360963007957636,-71.11392999999998,"{'latitude': '42.360963007957636', 'longitude': '-71.11392999999998', 'human_address': '{""address"": """", ""city"": """", ""state"": """", ""zip"": """"}'}",,https://seeclickfix.com/issues/21500469,2026-04-21T07:41:30.000,2026-04-21 08:04:55,0.0,2.824247685185185
21497039,Cambridge,Rodent Sighting,Rodent Sighting,Archived,saw a rat go into this hole in the garage,2026-04-17 17:09:42,2026-04-21T13:10:35.000,"1-99 Hamlin St Cambridge, Massachusetts, 02141",42.3695,-71.0927,"{'latitude': '42.3695', 'longitude': '-71.0927', 'human_address': '{""address"": """", ""city"": """", ""state"": """", ""zip"": """"}'}",https://seeclickfix.com/rails/active_storage/representations/redirect/eyJfcmFpbHMiOnsiZGF0YSI6NDAxODY0NjAsInB1ciI6ImJsb2JfaWQifX0=--83366c69a71c9025adf9decaaff49c05a5fa567c/eyJfcmFpbHMiOnsiZGF0YSI6eyJmb3JtYXQiOiJqcGciLCJhdXRvX29yaWVudCI6dHJ1ZSwic3RyaXAiOnRydWUsInJlc2l6ZSI6IjgwMHg2MDAifSwicHVyIjoidmFyaWF0aW9uIn19--242b3e94addeeae50b5fd8df8a0a8fbcf02bf33c/68577967-b126-4bad-9b0c-2396a43939b6_2026-04-17T17-08-38-04-00.jpg,https://seeclickfix.com/issues/21497039,2026-04-21T07:39:51.000,2026-04-21 13:10:34,0.0,3.8339351851851853
21492275,Cambridge,Rodent Sighting,Rodent Sighting,Archived,Location is the parking lot behind the 860 Massachusetts Ave Condo complex facing Green Street. The parking lot has a big tree with burrowed holes at the root for rats to enter their tunnel network. This problem was addressed several years back with dried ice but not recently and the rat problem has returned.,2026-04-17 10:23:54,2026-04-24T07:04:17.000,"860 Massachusetts Ave Cambridge, Massachusetts, 02139",42.367101149532175,-71.10791045758283,"{'latitude': '42.367101149532175', 'longitude': '-71.10791045758283', 'human_address': '{""address"": """", ""city"": """", ""state"": """", ""zip"": """"}'}",,https://seeclickfix.com/issues/21492275,2026-04-17T10:38:50.000,2026-04-24 07:04:16,-0.6597,6.861365740740741
21484288,Cambridge,Rodent Sighting,Rodent Sighting,Archived,"Unfortunately, rats have returned to my front yard. This time, the source seems to be another dumpster, behind 17 Berkeley Street.  There  is an entry under the fence behind #17. The residents of 17 Berkeley St. passed away (or were ill before they did). The house has been sold and there is construction starting there now. I do not know how to reach the new owner
Wendy Weiss 19 A Berkeley St",2026-04-16 12:15:55,2026-04-22T14:24:11.000,"19a Berkeley St Cambridge, Massachusetts, 02138",42.37867284076202,-71.12573625106631,"{'latitude': '42.37867284076202', 'longitude': '-71.12573625106631', 'human_address': '{""address"": """", ""city"": """", ""state"": """", ""zip"": """"}'}",,https://seeclickfix.com/issues/21484288,2026-04-17T10:39:59.000,2026-04-22 14:24:11,-0.6908,6.089074074074074
21468304,Cambridge,Rodent Sighting,Rodent Sighting,Archived,droppings and holes in every trash can,2026-04-14 16:56:40,2026-04-15T14:36:48.000,"1-99 Hamlin St Cambridge, Massachusetts, 02141",42.3695,-71.0927,"{'latitude': '42.3695', 'longitude': '-71.0927', 'human_address': '{""address"": """", ""city"": """", ""state"": """", ""zip"": """"}'}",,https://seeclickfix.com/issues/21468304,2026-04-15T07:39:50.000,2026-04-15 14:09:27,0.0,0.8838773148148148
21454356,Cambridge,Rodent Sighting,Rodent Sighting,Archived,"Observed approximately 4–5 mice running in the dining area during service on April 12th, around 4 pm at Althea restaurant. They were running on the floor as well as on top of the booth/sitting area. Staff acknowledged issue. Photos and videos only captured 2 of them at a time.",2026-04-13 12:10:47,2026-04-17T11:36:43.000,"907 Main St Cambridge, Massachusetts, 02139",42.363590318455365,-71.09949896628945,"{'latitude': '42.363590318455365', 'longitude': '-71.09949896628945', 'human_address': '{""address"": """", ""city"": """", ""state"": """", ""zip"": """"}'}",https://seeclickfix.com/rails/active_storage/representations/redirect/eyJfcmFpbHMiOnsiZGF0YSI6NDAwMDg4ODAsInB1ciI6ImJsb2JfaWQifX0=--f93cbd9e26456146e98330d06779b4642beb71eb/eyJfcmFpbHMiOnsiZGF0YSI6eyJmb3JtYXQiOiJqcGVnIiwiYXV0b19vcmllbnQiOnRydWUsInN0cmlwIjp0cnVlLCJyZXNpemUiOiI4MDB4NjAwIn0sInB1ciI6InZhcmlhdGlvbiJ9fQ==--a24cd3b9f26082c533845b9cc150d8421a819967/79403fff-10d5-4db9-b94c-64ede8d552da_2026-04-13T12-08-49-04-00.jpeg,https://seeclickfix.com/issues/21454356,2026-04-15T14:40:01.000,2026-04-17 11:36:43,0.4404,3.9763425925925926
21448637,Cambridge,Rodent Sighting,Rodent Sighting,Archived,Food left out for animals,2026-04-12 16:49:43,2026-04-15T14:40:51.000,"25 Roberts Rd Cambridge, Massachusetts, 02138",42.37653675464668,-71.1087881266646,"{'latitude': '42.37653675464668', 'longitude': '-71.1087881266646', 'human_address': '{""address"": """", ""city"": """", ""state"": """", ""zip"": """"}'}",,https://seeclickfix.com/issues/21448637,2026-04-13T07:26:36.000,2026-04-15 14:40:50,0.0,2.9104976851851854
21447588,Cambridge,Rodent Sighting,Rodent Sighting,Archived,Rodents sighted in this side yard. Trash left out of bins on more than one occasion.,2026-04-12 12:58:33,2026-04-15T16:09:24.000,"35 Willard St Cambridge, Massachusetts, 02138",42.37492139426626,-71.12853857275498,"{'latitude': '42.37492139426626', 'longitude': '-71.12853857275498', 'human_address': '{""address"": """", ""city"": """", ""state"": """", ""zip"": """"}'}",https://seeclickfix.com/rails/active_storage/representations/redirect/eyJfcmFpbHMiOnsiZGF0YSI6Mzk5ODAxNDYsInB1ciI6ImJsb2JfaWQifX0=--7b32c5c612860c22cd341d866fc5a02d7a40a2eb/eyJfcmFpbHMiOnsiZGF0YSI6eyJmb3JtYXQiOiJqcGVnIiwiYXV0b19vcmllbnQiOnRydWUsInN0cmlwIjp0cnVlLCJyZXNpemUiOiI4MDB4NjAwIn0sInB1ciI6InZhcmlhdGlvbiJ9fQ==--a24cd3b9f26082c533845b9cc150d8421a819967/74a7f15b-7a8a-4e80-80a2-50e54ca3a395_2026-04-12T12-56-58-04-00.jpeg,https://seeclickfix.com/issues/21447588,2026-04-13T07:24:19.000,2026-04-15 15:23:12,0.0,3.1004513888888887
21423690,Cambridge,Rodent Sighting,Rodent Sighting,Archived,Rodents around the dumpsters at Fuse. Bait box was damaged over the winter. Many large rats around the dumpsters and cross into the parking garage.,2026-04-08 21:36:36,2026-04-10T11:29:46.000,"169-195 Cambridgepark Dr Cambridge, MA, 02140, USA",42.39534462817196,-71.14667353190532,"{'latitude': '42.39534462817196', 'longitude': '-71.14667353190532', 'human_address': '{""address"": """", ""city"": """", ""state"": """", ""zip"": """"}'}",,https://seeclickfix.com/issues/21423690,2026-04-09T14:30:54.000,2026-04-10 11:29:45,-0.7096,1.5785763888888888
21396127,Cambridge,Rodent Sighting,Rodent Sighting,Archived,"This is a place I regularly see rats, especially when I’m going very early in the morning or sometimes in the winter coming home in the evening when it’s dark. Rats run from the driveway of 69 Chestnut (Pika) to the long driveway or trash pile on trash day across the street. This morning at 5:30am a rat was just sitting in the middle of the street there and then moved as I started coming closer.",2026-04-06 07:20:09,2026-04-06T12:43:17.000,"42-84 Chestnut St Cambridge, MA, 02139, USA",42.356415003345994,-71.10846180497757,"{'latitude': '42.356415003345994', 'longitude': '-71.10846180497757', 'human_address': '{""address"": """", ""city"": """", ""state"": """", ""zip"": """"}'}",,https://seeclickfix.com/issues/21396127,2026-04-06T07:48:41.000,2026-04-06 12:43:17,0.0,0.22439814814814815
21393623,Cambridge,Rodent Sighting,Rodent Sighting,Archived,,2026-04-05 15:29:08,2026-04-06T12:10:54.000,"137-139 Charles St CAMBRIDGE, MA, 02141, USA",42.367982614590915,-71.08211691970838,"{'latitude': '42.367982614590915', 'longitude': '-71.08211691970838', 'human_address': '{""address"": """", ""city"": """", ""state"": """", ""zip"": """"}'}",https://seeclickfix.com/rails/active_storage/representations/redirect/eyJfcmFpbHMiOnsiZGF0YSI6Mzk3NTQ4OTYsInB1ciI6ImJsb2JfaWQifX0=--1644967d4758d8ca652144a560ba61600497a380/eyJfcmFpbHMiOnsiZGF0YSI6eyJmb3JtYXQiOiJqcGVnIiwiYXV0b19vcmllbnQiOnRydWUsInN0cmlwIjp0cnVlLCJyZXNpemUiOiI4MDB4NjAwIn0sInB1ciI6InZhcmlhdGlvbiJ9fQ==--a24cd3b9f26082c533845b9cc150d8421a819967/35ca74e0-3602-40cb-abce-a92dd85733d6_2026-04-05T15-28-01-04-00.jpeg,https://seeclickfix.com/issues/21393623,2026-04-06T07:11:38.000,2026-04-06 12:10:53,0.0,0.8623263888888889
21369216,Cambridge,Rodent Sighting,Rodent Sighting,Archived,"Prior report was closed without action  

Once again this is happening  

Please address",2026-04-01 17:13:05,2026-04-03T07:59:19.000,"140 Otis St Cambridge MA 02141, United States",42.37078202597505,-71.08479318710256,"{'latitude': '42.37078202597505', 'longitude': '-71.08479318710256', 'human_address': '{""address"": """", ""city"": """", ""state"": """", ""zip"": """"}'}",https://seeclickfix.com/rails/active_storage/representations/redirect/eyJfcmFpbHMiOnsiZGF0YSI6Mzk2NTQzNDksInB1ciI6ImJsb2JfaWQifX0=--f6f82e04af5d2de04f0b9d091359fceb23f52b46/eyJfcmFpbHMiOnsiZGF0YSI6eyJmb3JtYXQiOiJqcGciLCJhdXRvX29yaWVudCI6dHJ1ZSwic3RyaXAiOnRydWUsInJlc2l6ZSI6IjgwMHg2MDAifSwicHVyIjoidmFyaWF0aW9uIn19--242b3e94addeeae50b5fd8df8a0a8fbcf02bf33c/8022f237-975f-40cf-b7c7-b0603e4f7a93_2026-04-01T17-11-48-04-00.jpg,https://seeclickfix.com/issues/21369216,2026-04-02T07:32:06.000,2026-04-03 07:59:18,0.3182,1.6154282407407408
21353476,Cambridge,Rodent Sighting,Rodent Sighting,Archived,This house is empty but somehow was delivered a big bag of McDonald’s that rat(s) have gotten into up on the porch…we don’t want to trespass!,2026-03-31 08:36:26,2026-04-01T07:36:52.000,"109 Belmont St Cambridge, Massachusetts, 02138",42.375366473324995,-71.15440579650664,"{'latitude': '42.375366473324995', 'longitude': '-71.15440579650664', 'human_address': '{""address"": """", ""city"": """", ""state"": """", ""zip"": """"}'}",https://seeclickfix.com/rails/active_storage/representations/redirect/eyJfcmFpbHMiOnsiZGF0YSI6Mzk1OTA4NDUsInB1ciI6ImJsb2JfaWQifX0=--77a41f54670d75ff337402e3699e9e2918048bf4/eyJfcmFpbHMiOnsiZGF0YSI6eyJmb3JtYXQiOiJqcGVnIiwiYXV0b19vcmllbnQiOnRydWUsInN0cmlwIjp0cnVlLCJyZXNpemUiOiI4MDB4NjAwIn0sInB1ciI6InZhcmlhdGlvbiJ9fQ==--a24cd3b9f26082c533845b9cc150d8421a819967/ca8a9cd7-0acd-440c-8e53-d28071988dd7_2026-03-31T08-31-44-04-00.jpeg,https://seeclickfix.com/issues/21353476,2026-03-31T13:04:13.000,2026-04-01 07:36:52,0.088,0.9586342592592593
21349680,Cambridge,Rodent Sighting,Rodent Sighting,Archived,"Hello - we have had some issues with rats over the past year.  We've been working with secured environments and have bait boxes around our house.  However, when they did an assessment, they mentioned the following ""21 A there is sewer grate and a sidewalk that is crumbling down, this area is likely susceptible to the rats using it as a highway, then finding harborage at your front stairs. Have you called the city and asked them to review this area?""  Could someone please come out and check the grate and sidewalk?",2026-03-30 16:33:35,2026-04-02T07:37:52.000,"21 Lancaster St Cambridge, Massachusetts, 02140",42.38578392168952,-71.12111019488478,"{'latitude': '42.38578392168952', 'longitude': '-71.12111019488478', 'human_address': '{""address"": """", ""city"": """", ""state"": """", ""zip"": """"}'}",,https://seeclickfix.com/issues/21349680,2026-03-30T16:50:07.000,2026-04-02 07:37:52,0.6553,2.627974537037037
21341920,Cambridge,Rodent Sighting,Rodent Sighting,Archived,"Rat running across the street, not even dark out!",2026-03-29 21:19:39,2026-04-02T11:25:47.000,"18 Sacramento Pl Cambridge, Massachusetts, 02138",42.383162341365434,-71.11670585105065,"{'latitude': '42.383162341365434', 'longitude': '-71.11670585105065', 'human_address': '{""address"": """", ""city"": """", ""state"": """", ""zip"": """"}'}",,https://seeclickfix.com/issues/21341920,2026-03-30T07:56:02.000,2026-04-02 11:25:47,0.0,3.5875925925925927
21327735,Cambridge,Rodent Sighting,Rodent Sighting,Archived,Loose trash constantly left next to barrels  Rodent activity,2026-03-27 09:43:06,2026-04-01T07:37:48.000,"140 Otis St Cambridge MA 02141, United States",42.37088213394737,-71.08477947761504,"{'latitude': '42.37088213394737', 'longitude': '-71.08477947761504', 'human_address': '{""address"": """", ""city"": """", ""state"": """", ""zip"": """"}'}",https://seeclickfix.com/rails/active_storage/representations/redirect/eyJfcmFpbHMiOnsiZGF0YSI6Mzk0NzYwNTYsInB1ciI6ImJsb2JfaWQifX0=--0f8d17c1095348ed476bdd1b40db52de393c30fa/eyJfcmFpbHMiOnsiZGF0YSI6eyJmb3JtYXQiOiJqcGciLCJhdXRvX29yaWVudCI6dHJ1ZSwic3RyaXAiOnRydWUsInJlc2l6ZSI6IjgwMHg2MDAifSwicHVyIjoidmFyaWF0aW9uIn19--242b3e94addeeae50b5fd8df8a0a8fbcf02bf33c/1c799781-2fa4-44eb-856d-8eb331ad026b_2026-03-27T09-42-20-04-00.jpg,https://seeclickfix.com/issues/21327735,2026-03-27T11:14:23.000,2026-04-01 07:37:48,-0.3182,4.9129861111111115
21326070,Cambridge,Rodent Sighting,Rodent Sighting,Archived,"Rats inside the Kendall Landmark Theater!!!! Gross and disgusting, will not come back",2026-03-26 22:10:28,2026-03-30T08:19:30.000,"389 Binney St Cambridge, MA, 02142, USA",42.367925744189634,-71.08982694781332,"{'latitude': '42.367925744189634', 'longitude': '-71.08982694781332', 'human_address': '{""address"": """", ""city"": """", ""state"": """", ""zip"": """"}'}",,https://seeclickfix.com/issues/21326070,2026-03-27T11:11:00.000,2026-03-30 08:19:30,-0.811,3.4229398148148147
21325719,Cambridge,Rodent Sighting,Rodent Sighting,Archived,Spotted two rats running around Reed,2026-03-26 20:39:52,2026-04-01T10:39:56.000,"20 Reed St Cambridge, MA, 02140, USA",42.39407304877674,-71.13230395383479,"{'latitude': '42.39407304877674', 'longitude': '-71.13230395383479', 'human_address': '{""address"": """", ""city"": """", ""state"": """", ""zip"": """"}'}",,https://seeclickfix.com/issues/21325719,2026-03-27T11:10:26.000,2026-04-01 10:39:55,0.0,5.583368055555556
21316532,Cambridge,Rodent Sighting,Rodent Sighting,Archived,Multiple overflowing dumpsters at Walden sq with rats everywhere,2026-03-25 19:51:38,2026-03-26T14:19:14.000,"85 Bolton St Cambridge 02140, United States",42.389693570936245,-71.13065621184006,"{'latitude': '42.389693570936245', 'longitude': '-71.13065621184006', 'human_address': '{""address"": """", ""city"": """", ""state"": """", ""zip"": """"}'}",https://seeclickfix.com/rails/active_storage/representations/redirect/eyJfcmFpbHMiOnsiZGF0YSI6Mzk0MjU0MjEsInB1ciI6ImJsb2JfaWQifX0=--8b8f2a6e293543d5a26d2b72a1b12b5f6b947f93/eyJfcmFpbHMiOnsiZGF0YSI6eyJmb3JtYXQiOiJqcGciLCJhdXRvX29yaWVudCI6dHJ1ZSwic3RyaXAiOnRydWUsInJlc2l6ZSI6IjgwMHg2MDAifSwicHVyIjoidmFyaWF0aW9uIn19--242b3e94addeeae50b5fd8df8a0a8fbcf02bf33c/e1f86062-a611-4d09-9d93-7e7796119cd9_2026-03-25T19-50-09-04-00.jpg,https://seeclickfix.com/issues/21316532,2026-03-26T07:51:48.000,2026-03-26 14:19:13,-0.25,0.7691550925925926
21308262,Cambridge,Rodent Sighting,Rodent Sighting,Archived,"I reported this property a number of weeks ago and you all followed up very quickly! The dumpster got emptied but the alley is still a mess and there is evidence of rodent activity. 

I don’t know how long you give an owner to clean up a property after an initial warning, but just wanted to report it’s still a mess unfortunately",2026-03-24 22:17:14,2026-03-25T07:14:56.000,"9 Upland Rd Cambridge, MA, 02140, USA",42.388173184798205,-71.1200214420507,"{'latitude': '42.388173184798205', 'longitude': '-71.1200214420507', 'human_address': '{""address"": """", ""city"": """", ""state"": """", ""zip"": """"}'}",https://seeclickfix.com/rails/active_storage/representations/redirect/eyJfcmFpbHMiOnsiZGF0YSI6MzkzODg1NDYsInB1ciI6ImJsb2JfaWQifX0=--39da68d6e3f33002ee301d14ae59524283674029/eyJfcmFpbHMiOnsiZGF0YSI6eyJmb3JtYXQiOiJqcGVnIiwiYXV0b19vcmllbnQiOnRydWUsInN0cmlwIjp0cnVlLCJyZXNpemUiOiI4MDB4NjAwIn0sInB1ciI6InZhcmlhdGlvbiJ9fQ==--a24cd3b9f26082c533845b9cc150d8421a819967/9039b5cc-c083-4478-8789-0a9ae4ec4326_2026-03-24T22-14-38-04-00.jpeg,https://seeclickfix.com/issues/21308262,,,-0.8771,
21308261,Cambridge,Rodent Sighting,Rodent Sighting,Archived,"I reported this property a number of weeks ago and you all followed up very quickly! The dumpster got emptied but the alley is still a mess and there is evidence of rodent activity. 

I don’t know how long you give an owner to clean up a property after an initial warning, but just wanted to report it’s still a mess unfortunately",2026-03-24 22:17:10,2026-03-25T07:21:55.000,"9 Upland Rd Cambridge, MA, 02140, USA",42.388173184798205,-71.1200214420507,"{'latitude': '42.388173184798205', 'longitude': '-71.1200214420507', 'human_address': '{""address"": """", ""city"": """", ""state"": """", ""zip"": """"}'}",https://seeclickfix.com/rails/active_storage/representations/redirect/eyJfcmFpbHMiOnsiZGF0YSI6MzkzODg1NDAsInB1ciI6ImJsb2JfaWQifX0=--8dc342e03e8f62f84e483aff09a6a0149f8cd92c/eyJfcmFpbHMiOnsiZGF0YSI6eyJmb3JtYXQiOiJqcGVnIiwiYXV0b19vcmllbnQiOnRydWUsInN0cmlwIjp0cnVlLCJyZXNpemUiOiI4MDB4NjAwIn0sInB1ciI6InZhcmlhdGlvbiJ9fQ==--a24cd3b9f26082c533845b9cc150d8421a819967/9039b5cc-c083-4478-8789-0a9ae4ec4326_2026-03-24T22-14-38-04-00.jpeg,https://seeclickfix.com/issues/21308261,2026-03-25T07:15:16.000,2026-03-25 07:21:55,-0.8771,0.3782986111111111
21286714,Cambridge,Rodent Sighting,Rodent Sighting,Archived,Rats taking apart multiple trash bags on ground,2026-03-22 15:32:10,2026-03-23T11:22:38.000,"235 Cardinal Medeiros Ave Cambridge, MA, 02141, USA",42.36786401439385,-71.09113438256183,"{'latitude': '42.36786401439385', 'longitude': '-71.09113438256183', 'human_address': '{""address"": """", ""city"": """", ""state"": """", ""zip"": """"}'}",,https://seeclickfix.com/issues/21286714,2026-03-23T08:13:54.000,2026-03-23 11:22:38,0.0,0.8267129629629629
21281280,Cambridge,Rodent Sighting,Rodent Sighting,Archived,"There are so many rats on this street coming out of the yards of houses, alleys, etc. I walk by at least 1-2 times a week and always see multiple (last time 4 different ones running out towards the road). Please help <3",2026-03-21 11:58:01,2026-03-30T08:02:10.000,"17-19 Essex St Cambridge, MA, 02139, USA",42.3659874521309,-71.10224332199752,"{'latitude': '42.3659874521309', 'longitude': '-71.10224332199752', 'human_address': '{""address"": """", ""city"": """", ""state"": """", ""zip"": """"}'}",,https://seeclickfix.com/issues/21281280,2026-03-23T08:10:14.000,2026-03-30 08:02:10,0.7845,8.836215277777777
21261074,Cambridge,Rodent Sighting,Rodent Sighting,Archived,rats seen scurrying around the shed at the back of this house on Magnolia. It's the last house on the right side near the Roberts intersection. Seen just before 6 pm while it was still bright outside,2026-03-18 18:29:17,2026-03-24T07:48:47.000,"Magnolia Ave Cambridge, Massachusetts, 02138",42.37709248373008,-71.10787510265028,"{'latitude': '42.37709248373008', 'longitude': '-71.10787510265028', 'human_address': '{""address"": """", ""city"": """", ""state"": """", ""zip"": """"}'}",,https://seeclickfix.com/issues/21261074,2026-03-19T07:16:15.000,2026-03-24 07:48:47,0.4404,5.555208333333334
21258396,Cambridge,Rodent Sighting,Rodent Sighting,Archived,Rat seen walking around these trash barrels in middle of day,2026-03-18 14:15:42,2026-03-19T15:47:55.000,"326 Morgan Ave Cambridge, MA, 02141, USA",42.371771725118634,-71.07432406403473,"{'latitude': '42.371771725118634', 'longitude': '-71.07432406403473', 'human_address': '{""address"": """", ""city"": """", ""state"": """", ""zip"": """"}'}",,https://seeclickfix.com/issues/21258396,2026-03-18T14:35:51.000,2026-03-19 15:47:54,0.0,1.0640277777777778
21250909,Cambridge,Rodent Sighting,Rodent Sighting,Archived,"Garbage containers in the alley behind the Mulan restaurant are always overflowing with most lids open. Every night scores of rats come there for dinner, for years. The rats conveniently nest in the park right next to the garbage. Sometimes at night one can hear rats loudly screaming apparently fighting for tasty Mulan food leftovers. 

This must be stopped.",2026-03-17 15:58:32,2026-03-24T07:39:59.000,"1-21 Dickinson St Cambridge, MA, 02139, USA",42.36623625950527,-71.09425953940904,"{'latitude': '42.36623625950527', 'longitude': '-71.09425953940904', 'human_address': '{""address"": """", ""city"": """", ""state"": """", ""zip"": """"}'}",,https://seeclickfix.com/issues/21250909,2026-03-18T07:44:11.000,2026-03-24 07:39:59,-0.7184,6.653784722222222
21242480,Cambridge,Rodent Sighting,Rodent Sighting,Archived,"Continuous rodent sightings at StarMarket, Greenway, and Holworthy Place. The issue keeps getting worse and worse.",2026-03-16 17:05:56,2026-03-19T07:23:10.000,"1-99 Holworthy Pl Cambridge, MA, 02138, USA",42.376428933905,-71.14922381486559,"{'latitude': '42.376428933905', 'longitude': '-71.14922381486559', 'human_address': '{""address"": """", ""city"": """", ""state"": """", ""zip"": """"}'}",,https://seeclickfix.com/issues/21242480,2026-03-17T07:31:51.000,2026-03-19 07:23:09,-0.7351,2.595289351851852
21236987,Cambridge,Rodent Sighting,Rodent Sighting,Archived,,2026-03-16 10:09:37,2026-03-17T09:37:02.000,"106 Dudley St Cambridge, Massachusetts, 02140",42.395617067583494,-71.13331835304076,"{'latitude': '42.395617067583494', 'longitude': '-71.13331835304076', 'human_address': '{""address"": """", ""city"": """", ""state"": """", ""zip"": """"}'}",,https://seeclickfix.com/issues/21236987,2026-03-16T10:29:11.000,2026-03-17 09:37:02,0.0,0.9773726851851852
21225510,Cambridge,Rodent Sighting,Rodent Sighting,Archived,"Saw a mouse dash from underneath two games.
Later saw it dash into the bar area",2026-03-13 21:04:07,2026-03-18T14:38:53.000,Roxy'S Grilled Cheese,42.36185560542298,-71.09843656736574,"{'latitude': '42.36185560542298', 'longitude': '-71.09843656736574', 'human_address': '{""address"": """", ""city"": """", ""state"": """", ""zip"": """"}'}",,https://seeclickfix.com/issues/21225510,2026-03-16T07:09:20.000,2026-03-18 14:38:53,0.0,4.732476851851852
21213995,Cambridge,Rodent Sighting,Rodent Sighting,Archived,There is a rat living under my neighbor’s porch (108 Dudley). The first picture is where he goes in.  I live at 106 Dudley and we have adjoining backyards.  The rat runs through and around my yard which my 4 young grandchildren use everyday.  We have discussed ways of managing the rodent problem and will welcome your advice.,2026-03-12 15:22:15,2026-03-13T10:29:09.000,"108 Dudley St Cambridge, Massachusetts, 02140",42.39561346336513,-71.13342471939205,"{'latitude': '42.39561346336513', 'longitude': '-71.13342471939205', 'human_address': '{""address"": """", ""city"": """", ""state"": """", ""zip"": """"}'}",https://seeclickfix.com/rails/active_storage/representations/redirect/eyJfcmFpbHMiOnsiZGF0YSI6Mzg5ODM1NjMsInB1ciI6ImJsb2JfaWQifX0=--7aa84d6ae2180ad4e6c7959d75d48a3d85518597/eyJfcmFpbHMiOnsiZGF0YSI6eyJmb3JtYXQiOiJqcGciLCJhdXRvX29yaWVudCI6dHJ1ZSwic3RyaXAiOnRydWUsInJlc2l6ZSI6IjgwMHg2MDAifSwicHVyIjoidmFyaWF0aW9uIn19--242b3e94addeeae50b5fd8df8a0a8fbcf02bf33c/fc0249c9-e38f-42b4-9f3d-cc0b730cf18c_2026-03-12T15-15-14-04-00.jpg,https://seeclickfix.com/issues/21213995,2026-03-13T09:02:03.000,2026-03-13 10:29:09,0.0772,0.7964583333333334
21207180,Cambridge,Rodent Sighting,Rodent Sighting,Archived,Saw a rat.,2026-03-11 21:43:11,2026-03-13T10:19:35.000,"31 Hadley St Cambridge 02140, United States",42.391545253071584,-71.12236935447972,"{'latitude': '42.391545253071584', 'longitude': '-71.12236935447972', 'human_address': '{""address"": """", ""city"": """", ""state"": """", ""zip"": """"}'}",https://seeclickfix.com/rails/active_storage/representations/redirect/eyJfcmFpbHMiOnsiZGF0YSI6Mzg5NTg2OTAsInB1ciI6ImJsb2JfaWQifX0=--6ab29a957cec18059e08cf7efca0d93f9b2059ab/eyJfcmFpbHMiOnsiZGF0YSI6eyJmb3JtYXQiOiJqcGciLCJhdXRvX29yaWVudCI6dHJ1ZSwic3RyaXAiOnRydWUsInJlc2l6ZSI6IjgwMHg2MDAifSwicHVyIjoidmFyaWF0aW9uIn19--242b3e94addeeae50b5fd8df8a0a8fbcf02bf33c/dbbf2245-6037-4a8c-8fe9-061c12b351bd_2026-03-11T21-40-57-04-00.jpg,https://seeclickfix.com/issues/21207180,2026-03-12T08:01:12.000,2026-03-13 10:19:35,0.0,1.5252777777777777
21198065,Cambridge,Rodent Sighting,Rodent Sighting,Archived,"Many obvious rodent holes at this building at corner of norfolk and bishop
Allen drive",2026-03-11 08:19:35,2026-03-13T09:09:39.000,"96 Bishop Allen Dr Cambridge, Massachusetts, 02139",42.36564960716417,-71.10221969697942,"{'latitude': '42.36564960716417', 'longitude': '-71.10221969697942', 'human_address': '{""address"": """", ""city"": """", ""state"": """", ""zip"": """"}'}",https://seeclickfix.com/rails/active_storage/representations/redirect/eyJfcmFpbHMiOnsiZGF0YSI6Mzg5MjA5NzIsInB1ciI6ImJsb2JfaWQifX0=--0a6a027ec4201f3454b915034d91d50ee2c6894c/eyJfcmFpbHMiOnsiZGF0YSI6eyJmb3JtYXQiOiJqcGciLCJhdXRvX29yaWVudCI6dHJ1ZSwic3RyaXAiOnRydWUsInJlc2l6ZSI6IjgwMHg2MDAifSwicHVyIjoidmFyaWF0aW9uIn19--242b3e94addeeae50b5fd8df8a0a8fbcf02bf33c/4e5d3703-ff5a-461f-8fe0-e0af240ecaf3_2026-03-11T03-18-36-09-00.jpg,https://seeclickfix.com/issues/21198065,2026-03-11T10:06:02.000,2026-03-13 09:09:38,0.0,2.0347569444444447
21186741,Cambridge,Rodent Sighting,Rodent Sighting,Archived,There have been several rat sightings over the past week on Whittier street,2026-03-09 20:44:02,2026-03-11T14:28:45.000,"17 Whittier St Cambridge, Massachusetts, 02140",42.387320240590846,-71.12654243325507,"{'latitude': '42.387320240590846', 'longitude': '-71.12654243325507', 'human_address': '{""address"": """", ""city"": """", ""state"": """", ""zip"": """"}'}",,https://seeclickfix.com/issues/21186741,2026-03-11T10:09:48.000,2026-03-11 14:28:45,0.0,1.7393865740740742
21173748,Cambridge,Rodent Sighting,Rodent Sighting,Archived,Huge number of burrows in yard along Bishop Allen Dr,2026-03-08 13:33:53,2026-03-11T10:13:29.000,51 Norfolk St. Cambridge 02139 United States,42.3654648,-71.1013013,"{'latitude': '42.3654648', 'longitude': '-71.1013013', 'human_address': '{""address"": """", ""city"": """", ""state"": """", ""zip"": """"}'}",https://seeclickfix.com/rails/active_storage/representations/redirect/eyJfcmFpbHMiOnsiZGF0YSI6Mzg4MTAzODEsInB1ciI6ImJsb2JfaWQifX0=--083789c19b32d43e4c4f1b3b3c474b0f59eb7a48/eyJfcmFpbHMiOnsiZGF0YSI6eyJmb3JtYXQiOiJqcGciLCJhdXRvX29yaWVudCI6dHJ1ZSwic3RyaXAiOnRydWUsInJlc2l6ZSI6IjgwMHg2MDAifSwicHVyIjoidmFyaWF0aW9uIn19--242b3e94addeeae50b5fd8df8a0a8fbcf02bf33c/cbe52fd9-43d1-4036-a053-24c969ddc00e_2026-03-08T13-30-06-04-00.jpg,https://seeclickfix.com/issues/21173748,2026-03-09T08:02:45.000,2026-03-11 10:13:28,0.3818,2.860821759259259
21173039,Cambridge,Rodent Sighting,Rodent Sighting,Archived,"Habitual food dropper strikes again!
Once again, possibly this morning, fresh food left here by the entrance gate of Centanni Way Park, just like reported recently.
Must put up ‘No Feeding’ ASAP.",2026-03-08 11:19:08,2026-03-09T11:49:00.000,42.37016 -71.07886,42.37015940894174,-71.07885532857313,"{'latitude': '42.37015940894174', 'longitude': '-71.07885532857313', 'human_address': '{""address"": """", ""city"": """", ""state"": """", ""zip"": """"}'}",https://seeclickfix.com/rails/active_storage/representations/redirect/eyJfcmFpbHMiOnsiZGF0YSI6Mzg4MDY4MTQsInB1ciI6ImJsb2JfaWQifX0=--689e948a858e2a213db71db932cc9b749d53efe1/eyJfcmFpbHMiOnsiZGF0YSI6eyJmb3JtYXQiOiJqcGciLCJhdXRvX29yaWVudCI6dHJ1ZSwic3RyaXAiOnRydWUsInJlc2l6ZSI6IjgwMHg2MDAifSwicHVyIjoidmFyaWF0aW9uIn19--242b3e94addeeae50b5fd8df8a0a8fbcf02bf33c/3fc40e96-d6cd-47b5-a89f-0596a92ecf74_2026-03-08T11-15-05-04-00.jpg,https://seeclickfix.com/issues/21173039,2026-03-09T08:01:14.000,2026-03-09 11:49:00,0.3802,1.0207407407407407
21171658,Cambridge,Rodent Sighting,Rodent Sighting,Archived,Rat walking around the patio at 131 Reed St.,2026-03-07 21:56:15,2026-03-11T14:28:29.000,"131 Reed St Cambridge, Massachusetts, 02140",42.39715770329708,-71.13205318857545,"{'latitude': '42.39715770329708', 'longitude': '-71.13205318857545', 'human_address': '{""address"": """", ""city"": """", ""state"": """", ""zip"": """"}'}",,https://seeclickfix.com/issues/21171658,2026-03-09T08:00:43.000,2026-03-11 14:28:29,0.0,3.689050925925926
21162899,Cambridge,Rodent Sighting,Rodent Sighting,Archived,Rats spotted around here,2026-03-06 12:43:42,2026-03-09T11:45:51.000,"600 One Kendall Square Cambridge, MA, 02141, USA",42.367066052640084,-71.09115362714984,"{'latitude': '42.367066052640084', 'longitude': '-71.09115362714984', 'human_address': '{""address"": """", ""city"": """", ""state"": """", ""zip"": """"}'}",,https://seeclickfix.com/issues/21162899,2026-03-09T08:00:17.000,2026-03-09 11:45:51,0.0,2.9598263888888887
21143732,Cambridge,Rodent Sighting,Rodent Sighting,Archived,"There is regularly garbage spilling out of the dumpster at 9 Upland rd. It always has bite marks in it from rats. I've also seen rats scurrying around this alley as well. We live on the block and are desperately trying to deter rats from our property, and it's frustrating to see neighbors on our block not doing the same.",2026-03-04 09:34:05,2026-03-05T14:57:02.000,"9 Upland Rd Cambridge, Massachusetts, 02140",42.38824279489623,-71.11998467292635,"{'latitude': '42.38824279489623', 'longitude': '-71.11998467292635', 'human_address': '{""address"": """", ""city"": """", ""state"": """", ""zip"": """"}'}",https://seeclickfix.com/rails/active_storage/representations/redirect/eyJfcmFpbHMiOnsiZGF0YSI6Mzg2MzE5ODUsInB1ciI6ImJsb2JfaWQifX0=--f3dc403c6b3b4b3f9245bf6dac3c5f14fdec78e0/eyJfcmFpbHMiOnsiZGF0YSI6eyJmb3JtYXQiOiJqcGVnIiwiYXV0b19vcmllbnQiOnRydWUsInN0cmlwIjp0cnVlLCJyZXNpemUiOiI4MDB4NjAwIn0sInB1ciI6InZhcmlhdGlvbiJ9fQ==--a24cd3b9f26082c533845b9cc150d8421a819967/d25c3740-b960-48be-aa1f-cbdc11f3f2ce_2026-03-04T09-32-22-05-00.jpeg,https://seeclickfix.com/issues/21143732,2026-03-04T09:35:38.000,2026-03-05 14:57:01,-0.8689,1.2242592592592592
21137147,Cambridge,Rodent Sighting,Rodent Sighting,Archived,"HUNDREDS OF RAT SIGHTINGS AND HOLES  on the corner of Bishop Allen and Norfolk Street 

Please help the neighbourhood.",2026-03-03 12:30:02,2026-03-05T11:02:04.000,"77 Bishop Richard Allen Dr Cambridge, MA, 02139, USA",42.36542308167988,-71.10147403604576,"{'latitude': '42.36542308167988', 'longitude': '-71.10147403604576', 'human_address': '{""address"": """", ""city"": """", ""state"": """", ""zip"": """"}'}",,https://seeclickfix.com/issues/21137147,2026-03-03T14:12:36.000,2026-03-05 11:02:04,0.6124,1.938912037037037
21121569,Cambridge,Rodent Sighting,Rodent Sighting,Archived,On trash pickup some garbage was left on the street and a large rat was scurrying about. Couldn't get picture of the Rat but it was huge.,2026-03-01 13:37:58,2026-03-05T14:39:31.000,"Henry St Cambridge, Massachusetts, 02139",42.35498931232852,-71.1067757155312,"{'latitude': '42.35498931232852', 'longitude': '-71.1067757155312', 'human_address': '{""address"": """", ""city"": """", ""state"": """", ""zip"": """"}'}",https://seeclickfix.com/rails/active_storage/representations/redirect/eyJfcmFpbHMiOnsiZGF0YSI6Mzg1NDEzMDEsInB1ciI6ImJsb2JfaWQifX0=--ee030047938cf5c2a245b560e724a484f4fe5d72/eyJfcmFpbHMiOnsiZGF0YSI6eyJmb3JtYXQiOiJqcGciLCJhdXRvX29yaWVudCI6dHJ1ZSwic3RyaXAiOnRydWUsInJlc2l6ZSI6IjgwMHg2MDAifSwicHVyIjoidmFyaWF0aW9uIn19--242b3e94addeeae50b5fd8df8a0a8fbcf02bf33c/72ab8405-d8f0-4225-840c-681e13bb26ab_2026-03-01T13-33-44-05-00.jpg,https://seeclickfix.com/issues/21121569,2026-03-02T08:46:21.000,2026-03-05 14:39:31,0.4497,4.0427430555555555
21099741,Cambridge,Rodent Sighting,Rodent Sighting,Archived,The Lamont Cafe inside the library has a lot of mice/rats inside. Food is served in this establishment. They usually come out in the early morning hours or evening. And they scurry fast under vending machines or the food area.,2026-02-26 09:33:59,2026-03-02T15:41:14.000,"11 Quincy St Cambridge, MA, 02138, USA",42.37279087705337,-71.11545877977679,"{'latitude': '42.37279087705337', 'longitude': '-71.11545877977679', 'human_address': '{""address"": """", ""city"": """", ""state"": """", ""zip"": """"}'}",,https://seeclickfix.com/issues/21099741,2026-02-26T10:41:43.000,2026-03-02 15:41:14,0.0,4.255034722222222
21076089,Cambridge,Rodent Sighting,Rodent Sighting,Archived,There have been mice issues in multiple units in the building over the last few months. The building management has been really slow to bring out pest control. Tenants have been finding mice droppings around their units or having to dispose of mice that have been caught in traps. This has been an ongoing issue with limited updates and assistance from the building.,2026-02-24 07:30:26,2026-02-26T15:29:35.000,"12 Inman St Cambridge, Massachusetts, 02139",42.367089637303536,-71.10485969628432,"{'latitude': '42.367089637303536', 'longitude': '-71.10485969628432', 'human_address': '{""address"": """", ""city"": """", ""state"": """", ""zip"": """"}'}",,https://seeclickfix.com/issues/21076089,2026-02-24T07:41:04.000,2026-02-26 15:29:35,-0.2263,2.3327430555555555
21048413,Cambridge,Rodent Sighting,Rodent Sighting,Archived,,2026-02-19 16:09:40,2026-02-20T10:58:45.000,"205 Appleton St Cambridge, Massachusetts, 02138",42.38315271655347,-71.13334115181739,"{'latitude': '42.38315271655347', 'longitude': '-71.13334115181739', 'human_address': '{""address"": """", ""city"": """", ""state"": """", ""zip"": """"}'}",,https://seeclickfix.com/issues/21048413,2026-02-20T08:30:03.000,2026-02-20 10:58:45,0.0,0.7840856481481482
21048232,Cambridge,Rodent Sighting,Rodent Sighting,Archived,Dead rat in the middle of the street outside 1 Foster Street.,2026-02-19 15:52:15,2026-02-19T17:15:46.000,"1 Foster St Cambridge, Massachusetts, 02138",42.3757626858882,-71.12834956083836,"{'latitude': '42.3757626858882', 'longitude': '-71.12834956083836', 'human_address': '{""address"": """", ""city"": """", ""state"": """", ""zip"": """"}'}",,https://seeclickfix.com/issues/21048232,,2026-02-19 17:15:46,-0.6486,0.05799768518518519
21026127,Cambridge,Rodent Sighting,Rodent Sighting,Archived,"Habitual food dropper in the neighborhood, calling for rats.
Two spreading of corn etc  near the tree by the gate of Centanni way and 2nd St.
Please put up a No Animal Feeding sign here.
Thanks.",2026-02-17 08:02:13,2026-02-17T12:48:57.000,42.37018 -71.07887,42.370176191168326,-71.07886892572196,"{'latitude': '42.370176191168326', 'longitude': '-71.07886892572196', 'human_address': '{""address"": """", ""city"": """", ""state"": """", ""zip"": """"}'}",https://seeclickfix.com/rails/active_storage/representations/redirect/eyJfcmFpbHMiOnsiZGF0YSI6MzgxNTkyMzgsInB1ciI6ImJsb2JfaWQifX0=--8c5a3b05546cce7ff7d1288ecace6dcff09fb935/eyJfcmFpbHMiOnsiZGF0YSI6eyJmb3JtYXQiOiJqcGciLCJhdXRvX29yaWVudCI6dHJ1ZSwic3RyaXAiOnRydWUsInJlc2l6ZSI6IjgwMHg2MDAifSwicHVyIjoidmFyaWF0aW9uIn19--242b3e94addeeae50b5fd8df8a0a8fbcf02bf33c/ddf4e6a5-e172-4299-a740-be632bfb294a_2026-02-17T07-58-05-05-00.jpg,https://seeclickfix.com/issues/21026127,2026-02-17T08:10:26.000,2026-02-17 12:48:57,0.4588,0.19912037037037036
21018344,Cambridge,Rodent Sighting,Rodent Sighting,Archived,"Went on a movie date and we saw three tiny mice running around the theater. I didn't know it could get worse than uncomfortable seats. Terrible theater, would not go back!",2026-02-15 21:20:05,2026-02-17T12:51:07.000,"355 Binney St Cambridge, Massachusetts, 02141",42.367695777215616,-71.08975797191363,"{'latitude': '42.367695777215616', 'longitude': '-71.08975797191363', 'human_address': '{""address"": """", ""city"": """", ""state"": """", ""zip"": """"}'}",,https://seeclickfix.com/issues/21018344,2026-02-17T08:09:36.000,2026-02-17 12:51:07,-0.8439,1.646550925925926
20995591,Cambridge,Rodent Sighting,Rodent Sighting,Archived,Rats around dumpster in the parking lot,2026-02-11 22:06:03,2026-02-12T13:53:36.000,"1127 Cambridge St Cambridge, MA, 02139, USA",42.373211002295825,-71.09596179994236,"{'latitude': '42.373211002295825', 'longitude': '-71.09596179994236', 'human_address': '{""address"": """", ""city"": """", ""state"": """", ""zip"": """"}'}",,https://seeclickfix.com/issues/20995591,2026-02-12T07:22:33.000,2026-02-12 13:53:36,-0.1531,0.6580208333333334
20974287,Cambridge,Rodent Sighting,Rodent Sighting,Archived,,2026-02-09 12:11:36,2026-02-11T08:25:12.000,"147 Hamilton St Cambridge, MA, 02139, USA",42.35930893999144,-71.1073208773718,"{'latitude': '42.35930893999144', 'longitude': '-71.1073208773718', 'human_address': '{""address"": """", ""city"": """", ""state"": """", ""zip"": """"}'}",,https://seeclickfix.com/issues/20974287,2026-02-09T16:33:26.000,2026-02-11 08:25:12,0.0,1.8427777777777778
20970714,Cambridge,Rodent Sighting,Rodent Sighting,Archived,"Rodent activity reported at a residential building/unit. Multiple sightings over the past week+ (1/30, 2/4, 2/6, 2/8), including kitchen and bedroom areas. Suspected access points include gaps/openings around kitchen appliances (dishwasher/refrigerator area), baseboards/cabinet gaps, a door bottom gap, and an opening near a radiator/pipe penetration. Request inspection and guidance, and that the property owner seal entry points and deploy appropriate traps/monitoring. Photos/videos available upon request.",2026-02-08 20:54:32,2026-02-12T13:55:03.000,"65 Langdon St Cambridge, Massachusetts, 02138",42.38019478483152,-71.12189398665069,"{'latitude': '42.38019478483152', 'longitude': '-71.12189398665069', 'human_address': '{""address"": """", ""city"": """", ""state"": """", ""zip"": """"}'}",https://seeclickfix.com/rails/active_storage/representations/redirect/eyJfcmFpbHMiOnsiZGF0YSI6Mzc5NDgyOTIsInB1ciI6ImJsb2JfaWQifX0=--4f79690dd13ffa798ed1dd45e13f06a7dfd48c5b/eyJfcmFpbHMiOnsiZGF0YSI6eyJmb3JtYXQiOiJqcGciLCJhdXRvX29yaWVudCI6dHJ1ZSwic3RyaXAiOnRydWUsInJlc2l6ZSI6IjgwMHg2MDAifSwicHVyIjoidmFyaWF0aW9uIn19--242b3e94addeeae50b5fd8df8a0a8fbcf02bf33c/6754d7ef-7842-4106-8a50-88dc3062c0de_2026-02-08T20-50-04-05-00.jpg,https://seeclickfix.com/issues/20970714,2026-02-09T09:54:43.000,2026-02-10 07:57:30,-0.2263,1.4603935185185186
20953671,Cambridge,Rodent Sighting,Rodent Sighting,Archived,The trash cans overflow here regularly. Trash day is Monday so all weekend the trash is exposed but inspections don’t happen on the weekend. This is Thursday and it is starting 3 days after trash collection. There are rats here frequently.,2026-02-05 15:34:05,2026-02-10T14:17:18.000,"44 Clay St Cambridge 02140, United States",42.39488378387559,-71.13437027000073,"{'latitude': '42.39488378387559', 'longitude': '-71.13437027000073', 'human_address': '{""address"": """", ""city"": """", ""state"": """", ""zip"": """"}'}",https://seeclickfix.com/rails/active_storage/representations/redirect/eyJfcmFpbHMiOnsiZGF0YSI6Mzc4ODA5MTksInB1ciI6ImJsb2JfaWQifX0=--a5293a49acb17e094c45a90ef7439f6a5ab5964d/eyJfcmFpbHMiOnsiZGF0YSI6eyJmb3JtYXQiOiJqcGciLCJhdXRvX29yaWVudCI6dHJ1ZSwic3RyaXAiOnRydWUsInJlc2l6ZSI6IjgwMHg2MDAifSwicHVyIjoidmFyaWF0aW9uIn19--242b3e94addeeae50b5fd8df8a0a8fbcf02bf33c/b20e5bb8-f452-4b59-80d3-fe99ca472259_2026-02-05T15-30-42-05-00.jpg,https://seeclickfix.com/issues/20953671,2026-02-09T08:48:56.000,2026-02-10 14:17:18,-0.0387,4.946678240740741
20950531,Cambridge,Rodent Sighting,Rodent Sighting,Archived,"I came to roll the trash bins out, and when I opened the one that has ""3"" for unit 3 -- there were like 5 rats jumped out. They run in different directions. Inspecting the bin, there is a massive hole in the plastic that was made by the rats.

The bins are at the back of the house. One need to walk on the driveway between Building 8 and 18 to get to the back.",2026-02-05 10:39:34,2026-02-09T17:08:26.000,"8 Amory St Cambridge, Massachusetts, 02139",42.36991723043107,-71.1015738226015,"{'latitude': '42.36991723043107', 'longitude': '-71.1015738226015', 'human_address': '{""address"": """", ""city"": """", ""state"": """", ""zip"": """"}'}",,https://seeclickfix.com/issues/20950531,2026-02-05T13:55:53.000,2026-02-09 17:08:26,0.3612,4.270046296296297
20924415,Cambridge,Rodent Sighting,Rodent Sighting,Archived,Mice running around the Landmark Kendall theater. And rat traps underneath chairs? The theater knows they have a rat infestation and are trying to fix it with small traps?,2026-02-02 10:12:36,2026-02-03T13:05:32.000,"355 Binney St Cambridge, Massachusetts, 02141",42.36749760580462,-71.0899296332906,"{'latitude': '42.36749760580462', 'longitude': '-71.0899296332906', 'human_address': '{""address"": """", ""city"": """", ""state"": """", ""zip"": """"}'}",,https://seeclickfix.com/issues/20924415,2026-02-02T12:52:40.000,2026-02-03 13:05:32,0.168,1.1200925925925926
20915798,Cambridge,Rodent Sighting,Rodent Sighting,Archived,A lot of trash on ground and this rat wandering in trash bin area.,2026-01-31 11:10:52,2026-02-05T15:41:25.000,"147 Columbia St Cambridge, MA, 02139, USA",42.366774134509,-71.098130536777,"{'latitude': '42.366774134509', 'longitude': '-71.098130536777', 'human_address': '{""address"": """", ""city"": """", ""state"": """", ""zip"": """"}'}",https://seeclickfix.com/rails/active_storage/representations/redirect/eyJfcmFpbHMiOnsiZGF0YSI6Mzc3MzI4NjksInB1ciI6ImJsb2JfaWQifX0=--7ea8d79cbdcdc42dad51b969228186f8b29b7601/eyJfcmFpbHMiOnsiZGF0YSI6eyJmb3JtYXQiOiJqcGciLCJhdXRvX29yaWVudCI6dHJ1ZSwic3RyaXAiOnRydWUsInJlc2l6ZSI6IjgwMHg2MDAifSwicHVyIjoidmFyaWF0aW9uIn19--242b3e94addeeae50b5fd8df8a0a8fbcf02bf33c/d52fbeaf-7f2b-4965-9cd7-85c740fa1ab1_2026-01-31T06-09-56-10-00.jpg,https://seeclickfix.com/issues/20915798,2026-02-02T08:24:05.000,2026-02-05 13:55:19,0.0,5.114201388888889
20885123,Cambridge,Rodent Sighting,Rodent Sighting,Archived,Rat coming out of the crevices of the Verizon building. Unsafe since people are trapped inside the sidewalk by the snow and cannot get away from them.,2026-01-27 18:17:04,2026-02-02T12:53:47.000,"71-89 Fulkerson St Cambridge, MA, 02141, USA",42.36934368338107,-71.08753279042467,"{'latitude': '42.36934368338107', 'longitude': '-71.08753279042467', 'human_address': '{""address"": """", ""city"": """", ""state"": """", ""zip"": """"}'}",,https://seeclickfix.com/issues/20885123,2026-01-28T07:43:23.000,2026-02-02 12:53:46,-0.5267,5.775486111111111
20881083,Cambridge,Rodent Sighting,Rodent Sighting,Archived,"There seems to be quite a lot of rat activity in this area — between the Harvard campus and the road, crossing the sidewalk. Last week when I went by there was a large dead rat on the sidewalk. Today, the rat in the image (small blob in circle) was crossing the sidewalk going along trails that other rats had already created.",2026-01-27 13:40:06,2026-01-30T11:13:47.000,"493–527 Broadway Cambridge 02138, United States",42.375112074068575,-71.11497923051671,"{'latitude': '42.375112074068575', 'longitude': '-71.11497923051671', 'human_address': '{""address"": """", ""city"": """", ""state"": """", ""zip"": """"}'}",https://seeclickfix.com/rails/active_storage/representations/redirect/eyJfcmFpbHMiOnsiZGF0YSI6Mzc2MDI1MTIsInB1ciI6ImJsb2JfaWQifX0=--5dfdb8d36dd9fee054250c106690116137eb8cc9/eyJfcmFpbHMiOnsiZGF0YSI6eyJmb3JtYXQiOiJqcGciLCJhdXRvX29yaWVudCI6dHJ1ZSwic3RyaXAiOnRydWUsInJlc2l6ZSI6IjgwMHg2MDAifSwicHVyIjoidmFyaWF0aW9uIn19--242b3e94addeeae50b5fd8df8a0a8fbcf02bf33c/d02a6580-f2f9-4cdc-8bf7-147f8535c984_2026-01-27T13-36-16-05-00.jpg,https://seeclickfix.com/issues/20881083,2026-01-27T14:04:06.000,2026-01-30 11:13:47,-0.5106,2.898391203703704
20879671,Cambridge,Rodent Sighting,Rodent Sighting,Archived,"Rats crossing street, sighted yesterday and last weekend. It's happening frequently, and even during the day.",2026-01-27 12:04:48,2026-01-30T11:38:36.000,"19 Sacramento St Cambridge, Massachusetts, 02138",42.38274288339759,-71.11792859207742,"{'latitude': '42.38274288339759', 'longitude': '-71.11792859207742', 'human_address': '{""address"": """", ""city"": """", ""state"": """", ""zip"": """"}'}",,https://seeclickfix.com/issues/20879671,2026-01-27T12:36:48.000,2026-01-30 11:38:35,0.0,2.9817939814814816
20846692,Cambridge,Rodent Sighting,Rodent Sighting,Archived,Rats active in daytime outside CHA (burrows behind & to right of sidewalk bench),2026-01-22 12:43:01,2026-01-27T12:44:39.000,"1481 Cambridge St Cambridge 02139, United States",42.37423468482529,-71.10400524701713,"{'latitude': '42.37423468482529', 'longitude': '-71.10400524701713', 'human_address': '{""address"": """", ""city"": """", ""state"": """", ""zip"": """"}'}",https://seeclickfix.com/rails/active_storage/representations/redirect/eyJfcmFpbHMiOnsiZGF0YSI6Mzc0NjE5MTgsInB1ciI6ImJsb2JfaWQifX0=--e74713d4ae0fedbe9191628dad977f9695dbd0fc/eyJfcmFpbHMiOnsiZGF0YSI6eyJmb3JtYXQiOiJqcGciLCJhdXRvX29yaWVudCI6dHJ1ZSwic3RyaXAiOnRydWUsInJlc2l6ZSI6IjgwMHg2MDAifSwicHVyIjoidmFyaWF0aW9uIn19--242b3e94addeeae50b5fd8df8a0a8fbcf02bf33c/fd986f16-0c09-4355-9985-5cbff59cb402_2026-01-22T12-40-41-05-00.jpg,https://seeclickfix.com/issues/20846692,2026-01-23T08:56:45.000,2026-01-27 12:44:39,0.4019,5.001134259259259
20835966,Cambridge,Rodent Sighting,Rodent Sighting,Archived,Saw a large rat jump out of my trash can on Friday 1/16/26. There is also a hole nearby the trash cans where a possible nest could be.,2026-01-21 08:40:11,2026-01-27T12:43:21.000,"50 Inman St Cambridge, MA, 02139, USA",42.36956199107475,-71.10316865157475,"{'latitude': '42.36956199107475', 'longitude': '-71.10316865157475', 'human_address': '{""address"": """", ""city"": """", ""state"": """", ""zip"": """"}'}",https://seeclickfix.com/rails/active_storage/representations/redirect/eyJfcmFpbHMiOnsiZGF0YSI6Mzc0MjE5MzcsInB1ciI6ImJsb2JfaWQifX0=--a81465fb638c2535371a95bb95ccca828553f0d8/eyJfcmFpbHMiOnsiZGF0YSI6eyJmb3JtYXQiOiJqcGVnIiwiYXV0b19vcmllbnQiOnRydWUsInN0cmlwIjp0cnVlLCJyZXNpemUiOiI4MDB4NjAwIn0sInB1ciI6InZhcmlhdGlvbiJ9fQ==--a24cd3b9f26082c533845b9cc150d8421a819967/c2cb5abd-71f2-4355-9026-acc74b4e22cf_2026-01-21T08-35-47-05-00.jpeg,https://seeclickfix.com/issues/20835966,2026-01-21T14:55:16.000,2026-01-27 12:42:23,0.0,6.1681944444444445
20828509,Cambridge,Rodent Sighting,Rodent Sighting,Archived,,2026-01-20 10:34:04,2026-01-21T15:21:25.000,"81 Fayerweather St Cambridge, MA, 02138, USA",42.38157982405357,-71.13766076561889,"{'latitude': '42.38157982405357', 'longitude': '-71.13766076561889', 'human_address': '{""address"": """", ""city"": """", ""state"": """", ""zip"": """"}'}",,https://seeclickfix.com/issues/20828509,2026-01-20T13:58:56.000,2026-01-21 15:21:25,0.0,1.199548611111111
20828487,Cambridge,Rodent Sighting,Rodent Sighting,Archived,Rats are nesting in 52 Chilton Street which is unoccupied,2026-01-20 10:32:46,2026-01-20T13:55:06.000,"81 Fayerweather St Cambridge, MA, 02138, USA",42.38157982405357,-71.13766076561889,"{'latitude': '42.38157982405357', 'longitude': '-71.13766076561889', 'human_address': '{""address"": """", ""city"": """", ""state"": """", ""zip"": """"}'}",,https://seeclickfix.com/issues/20828487,2026-01-20T13:53:52.000,,0.0,
20826254,Cambridge,Rodent Sighting,Rodent Sighting,Archived,The trash is consistently overflowing here and there have been rats the past few weeks. 2 trash cans are not enough for a triple decker.,2026-01-19 22:38:46,2026-01-21T15:21:38.000,44 Clay St Cambridge 02140 United States,42.3948609,-71.1343985,"{'latitude': '42.3948609', 'longitude': '-71.1343985', 'human_address': '{""address"": """", ""city"": """", ""state"": """", ""zip"": """"}'}",https://seeclickfix.com/rails/active_storage/representations/redirect/eyJfcmFpbHMiOnsiZGF0YSI6MzczODYwMzAsInB1ciI6ImJsb2JfaWQifX0=--781124e1f808e7bdcf55bf5a840167e766b4cb19/eyJfcmFpbHMiOnsiZGF0YSI6eyJmb3JtYXQiOiJqcGciLCJhdXRvX29yaWVudCI6dHJ1ZSwic3RyaXAiOnRydWUsInJlc2l6ZSI6IjgwMHg2MDAifSwicHVyIjoidmFyaWF0aW9uIn19--242b3e94addeeae50b5fd8df8a0a8fbcf02bf33c/adfa7904-2783-4db4-82b3-2525f07ae08c_2026-01-19T22-34-18-05-00.jpg,https://seeclickfix.com/issues/20826254,2026-01-20T09:45:06.000,2026-01-21 15:21:38,0.0,1.696435185185185
20826202,Cambridge,Rodent Sighting,Rodent Sighting,Archived,Spotted a rat today in the yard of 77 Harvey Street eating all the dropped bird seed. Please please make this woman get rid of this bird feeder,2026-01-19 22:08:51,2026-01-21T15:42:14.000,"77 Harvey St Cambridge, Massachusetts, 02140",42.39749369188598,-71.13283379521819,"{'latitude': '42.39749369188598', 'longitude': '-71.13283379521819', 'human_address': '{""address"": """", ""city"": """", ""state"": """", ""zip"": """"}'}",,https://seeclickfix.com/issues/20826202,2026-01-20T09:43:57.000,2026-01-21 15:22:05,0.5574,1.717523148148148
20825482,Cambridge,Rodent Sighting,Rodent Sighting,Archived,,2026-01-19 18:30:24,2026-01-21T15:22:36.000,"52 Chilton St Cambridge, Massachusetts, 02138",42.38253875282772,-71.13777878281556,"{'latitude': '42.38253875282772', 'longitude': '-71.13777878281556', 'human_address': '{""address"": """", ""city"": """", ""state"": """", ""zip"": """"}'}",,https://seeclickfix.com/issues/20825482,2026-01-20T09:43:38.000,2026-01-21 15:22:36,0.0,1.8695833333333334
20819207,Cambridge,Rodent Sighting,Rodent Sighting,Archived,Rat seen crossing Pemberton from Bergin Park to the shrubs in McMath Park.,2026-01-18 12:57:54,2026-01-21T15:22:59.000,"108 Pemberton St Cambridge, Massachusetts, 02140",42.390494987458446,-71.12736429040295,"{'latitude': '42.390494987458446', 'longitude': '-71.12736429040295', 'human_address': '{""address"": """", ""city"": """", ""state"": """", ""zip"": """"}'}",,https://seeclickfix.com/issues/20819207,2026-01-20T09:41:54.000,2026-01-21 15:22:59,0.0,3.1007523148148146
20814917,Cambridge,Rodent Sighting,Rodent Sighting,Archived,We have spotted a rat in our yard a number of times,2026-01-17 10:15:16,2026-01-21T15:23:22.000,"73 Chilton St Cambridge, Massachusetts, 02138",42.38337043648849,-71.13803769980466,"{'latitude': '42.38337043648849', 'longitude': '-71.13803769980466', 'human_address': '{""address"": """", ""city"": """", ""state"": """", ""zip"": """"}'}",,https://seeclickfix.com/issues/20814917,2026-01-20T07:51:14.000,2026-01-21 15:23:22,0.0772,4.213958333333333
20800912,Cambridge,Rodent Sighting,Rodent Sighting,Archived,Trash and rats everywhere per usual. Been like this for a week.,2026-01-15 08:23:28,2026-01-15T15:10:02.000,"77 Trowbridge St Cambridge, MA, 02138, USA",42.375364872802,-71.110268957499,"{'latitude': '42.375364872802', 'longitude': '-71.110268957499', 'human_address': '{""address"": """", ""city"": """", ""state"": """", ""zip"": """"}'}",https://seeclickfix.com/rails/active_storage/representations/redirect/eyJfcmFpbHMiOnsiZGF0YSI6MzcyNzg1MzcsInB1ciI6ImJsb2JfaWQifX0=--c2a1ea86af3da70edd4a4d55973dff3b99b9e1fe/eyJfcmFpbHMiOnsiZGF0YSI6eyJmb3JtYXQiOiJqcGciLCJhdXRvX29yaWVudCI6dHJ1ZSwic3RyaXAiOnRydWUsInJlc2l6ZSI6IjgwMHg2MDAifSwicHVyIjoidmFyaWF0aW9uIn19--242b3e94addeeae50b5fd8df8a0a8fbcf02bf33c/4c48b459-09f9-4844-b095-19dc67f761e6_2026-01-15T08-22-20-05-00.jpg,https://seeclickfix.com/issues/20800912,2026-01-15T08:40:02.000,2026-01-15 15:10:02,0.3612,0.282337962962963
20798788,Cambridge,Rodent Sighting,Rodent Sighting,Archived,"The dumpster belonging to 17 Elm Street, it is located behind the building and has visible rat entries through it's plastic lid.",2026-01-14 17:36:52,2026-01-15T15:14:41.000,"17 Elm St Cambridge, Massachusetts, 02139",42.36773001470634,-71.09868843625239,"{'latitude': '42.36773001470634', 'longitude': '-71.09868843625239', 'human_address': '{""address"": """", ""city"": """", ""state"": """", ""zip"": """"}'}",https://seeclickfix.com/rails/active_storage/representations/redirect/eyJfcmFpbHMiOnsiZGF0YSI6MzcyNjQyMDIsInB1ciI6ImJsb2JfaWQifX0=--581aeb0f51acdbd4feb68bcf8f116a2f012f6025/eyJfcmFpbHMiOnsiZGF0YSI6eyJmb3JtYXQiOiJqcGciLCJhdXRvX29yaWVudCI6dHJ1ZSwic3RyaXAiOnRydWUsInJlc2l6ZSI6IjgwMHg2MDAifSwicHVyIjoidmFyaWF0aW9uIn19--242b3e94addeeae50b5fd8df8a0a8fbcf02bf33c/736097c6-baef-4052-b633-a1ba574a1240_2026-01-14T17-34-40-05-00.jpg,https://seeclickfix.com/issues/20798788,2026-01-15T07:10:44.000,2026-01-15 15:12:59,-0.1531,0.9000810185185185
20798786,Cambridge,Rodent Sighting,Rodent Sighting,Archived,"The dumpster belonging to 17 Elm Street, it is located behind the building and has visible rat entries through it's plastic lid.",2026-01-14 17:36:47,2026-01-15T07:10:33.000,"17 Elm St Cambridge, Massachusetts, 02139",42.36773001470634,-71.09868843625239,"{'latitude': '42.36773001470634', 'longitude': '-71.09868843625239', 'human_address': '{""address"": """", ""city"": """", ""state"": """", ""zip"": """"}'}",https://seeclickfix.com/rails/active_storage/representations/redirect/eyJfcmFpbHMiOnsiZGF0YSI6MzcyNjQxODYsInB1ciI6ImJsb2JfaWQifX0=--78a8e9d12f58c64243812313e1cb82fc857da3e8/eyJfcmFpbHMiOnsiZGF0YSI6eyJmb3JtYXQiOiJqcGciLCJhdXRvX29yaWVudCI6dHJ1ZSwic3RyaXAiOnRydWUsInJlc2l6ZSI6IjgwMHg2MDAifSwicHVyIjoidmFyaWF0aW9uIn19--242b3e94addeeae50b5fd8df8a0a8fbcf02bf33c/736097c6-baef-4052-b633-a1ba574a1240_2026-01-14T17-34-40-05-00.jpg,https://seeclickfix.com/issues/20798786,2026-01-15T07:08:03.000,,-0.1531,
20779903,Cambridge,Rodent Sighting,Rodent Sighting,Archived,Lots of critters noises in the front bushes area. Have moved out to neighbors,2026-01-12 13:46:05,2026-01-13T14:29:00.000,"358 Windsor St Cambridge, Massachusetts, 02141",42.36988420573253,-71.09416120270926,"{'latitude': '42.36988420573253', 'longitude': '-71.09416120270926', 'human_address': '{""address"": """", ""city"": """", ""state"": """", ""zip"": """"}'}",,https://seeclickfix.com/issues/20779903,2026-01-12T14:59:29.000,2026-01-13 14:29:00,0.0,1.0298032407407407
20772392,Cambridge,Rodent Sighting,Rodent Sighting,Archived,Rat continually going in and out of the open garbage in the yard of 29 Granite,2026-01-11 09:09:52,2026-01-13T09:50:59.000,"29 Granite St Cambridge, Massachusetts, 02139",42.35624364889172,-71.11221981376622,"{'latitude': '42.35624364889172', 'longitude': '-71.11221981376622', 'human_address': '{""address"": """", ""city"": """", ""state"": """", ""zip"": """"}'}",https://seeclickfix.com/rails/active_storage/representations/redirect/eyJfcmFpbHMiOnsiZGF0YSI6MzcxMzA5MjksInB1ciI6ImJsb2JfaWQifX0=--8a6c86acc0af0fade857615891c14c4893abbbfe/eyJfcmFpbHMiOnsiZGF0YSI6eyJmb3JtYXQiOiJqcGciLCJhdXRvX29yaWVudCI6dHJ1ZSwic3RyaXAiOnRydWUsInJlc2l6ZSI6IjgwMHg2MDAifSwicHVyIjoidmFyaWF0aW9uIn19--242b3e94addeeae50b5fd8df8a0a8fbcf02bf33c/77214789-4868-40dd-bd03-dff95a515101_2026-01-11T09-08-18-05-00.jpg,https://seeclickfix.com/issues/20772392,2026-01-12T07:15:40.000,2026-01-13 09:50:59,0.0,2.0285532407407407
20769890,Cambridge,Rodent Sighting,Rodent Sighting,Archived,The woman at 77 Harvey leaves food out in her yard.  Attracts lots of rats. The rats run everywhere and are living in the wheels of the white truck parked in front of her house.  I personally saw them crawl up into the wheels and bed of the truck.  I live next door at 69 Harvey.  It is a public health and neighborhood crisis.,2026-01-10 14:56:24,2026-01-14T15:12:28.000,"77 Harvey St Cambridge, Massachusetts, 02140",42.39749369188597,-71.13283379521819,"{'latitude': '42.39749369188597', 'longitude': '-71.13283379521819', 'human_address': '{""address"": """", ""city"": """", ""state"": """", ""zip"": """"}'}",https://seeclickfix.com/rails/active_storage/representations/redirect/eyJfcmFpbHMiOnsiZGF0YSI6MzcxMDYzNzgsInB1ciI6ImJsb2JfaWQifX0=--7a1606c8f66e595d6b92bf866f993bfc2e28df8a/eyJfcmFpbHMiOnsiZGF0YSI6eyJmb3JtYXQiOiJqcGVnIiwiYXV0b19vcmllbnQiOnRydWUsInN0cmlwIjp0cnVlLCJyZXNpemUiOiI4MDB4NjAwIn0sInB1ciI6InZhcmlhdGlvbiJ9fQ==--a24cd3b9f26082c533845b9cc150d8421a819967/21b7bfad-b55c-45fa-a57a-b7ac83b04cf6_2026-01-10T14-48-04-05-00.jpeg,https://seeclickfix.com/issues/20769890,2026-01-12T07:12:35.000,2026-01-14 15:12:28,-0.34,4.011157407407407
20751833,Cambridge,Rodent Sighting,Rodent Sighting,Archived,"Hi, we are the residents of 108 Gore St #4, and our backyard overlooks 397 Cambridge St. Every morning we see the lady who lives in the upstairs unit of 397 Cambridge throw out many large chunks of bread into the open backyard. As a result, we have been having unremitting issues with rats. We have tried everything to get rid of them but we cannot control them while they have this constant food source. We have left the lady two letters and she has not changed this irresponsible and disgusting behavior. Please please provide an education intervention for our neighborhood’s sake.",2026-01-08 07:17:38,2026-01-08T15:23:11.000,"397 Cambridge St Cambridge, MA, 02141, USA",42.371506198328035,-71.08269062092866,"{'latitude': '42.371506198328035', 'longitude': '-71.08269062092866', 'human_address': '{""address"": """", ""city"": """", ""state"": """", ""zip"": """"}'}",,https://seeclickfix.com/issues/20751833,2026-01-08T07:55:48.000,2026-01-08 15:23:11,-0.6443,0.3371875
20744590,Cambridge,Rodent Sighting,Rodent Sighting,Archived,Mice actively running around in the restaurant space while we were eating. We could see them coming into the seating area from behind the bar. We saw 3 while sitting there for about 10 minutes.,2026-01-07 10:35:02,2026-01-07T14:35:30.000,"635 Cambridge St Cambridge, Massachusetts, 02141",42.3721287117655,-71.08687129387954,"{'latitude': '42.3721287117655', 'longitude': '-71.08687129387954', 'human_address': '{""address"": """", ""city"": """", ""state"": """", ""zip"": """"}'}",,https://seeclickfix.com/issues/20744590,2026-01-07T11:38:27.000,2026-01-07 14:35:30,0.3182,0.16699074074074075
20743311,Cambridge,Rodent Sighting,Rodent Sighting,Archived,My husband noticed a quaint domestic scene last night. He stopped at the dumpsters behind Little Luna off of 2nd st because he saw two small rats looking up at one of the dumpsters. Moments later a partial sandwich flew out of the dumpster followed by a large rat. The three of them then pushed the sandwich across the sidewalk to the hole in the grass and stuffed it down the hole.,2026-01-07 08:48:29,2026-01-07T14:25:14.000,"2nd St Cambridge, Massachusetts, 02142",42.365798852725895,-71.07988610430363,"{'latitude': '42.365798852725895', 'longitude': '-71.07988610430363', 'human_address': '{""address"": """", ""city"": """", ""state"": """", ""zip"": """"}'}",https://seeclickfix.com/rails/active_storage/representations/redirect/eyJfcmFpbHMiOnsiZGF0YSI6MzY5NzE4NjcsInB1ciI6ImJsb2JfaWQifX0=--88a1fdb86b2437ceb00c7ef426af019fdb68f2ce/eyJfcmFpbHMiOnsiZGF0YSI6eyJmb3JtYXQiOiJqcGciLCJhdXRvX29yaWVudCI6dHJ1ZSwic3RyaXAiOnRydWUsInJlc2l6ZSI6IjgwMHg2MDAifSwicHVyIjoidmFyaWF0aW9uIn19--242b3e94addeeae50b5fd8df8a0a8fbcf02bf33c/55a7ed39-8fd2-4c7a-b52e-81aece2e9d0b_2026-01-07T08-44-15-05-00.jpg,https://seeclickfix.com/issues/20743311,2026-01-07T10:13:24.000,2026-01-07 14:25:14,-0.6705,0.23385416666666667
20728983,Cambridge,Rodent Sighting,Rodent Sighting,Archived,Several rats seen multiple times (often in groups of 3 or 4) in building courtyards and sidewalks and pathways immediately surrounding building,2026-01-05 14:13:00,2026-01-06T12:28:31.000,"100 Memorial Dr Cambridge, MA, 02142, USA",42.36032823646212,-71.085694941077,"{'latitude': '42.36032823646212', 'longitude': '-71.085694941077', 'human_address': '{""address"": """", ""city"": """", ""state"": """", ""zip"": """"}'}",,https://seeclickfix.com/issues/20728983,2026-01-05T14:52:49.000,2026-01-06 12:28:31,0.0,0.9274421296296296
20719523,Cambridge,Rodent Sighting,Rodent Sighting,Archived,"Rat burrow, left side of alley after the wall ends",2026-01-03 23:16:50,2026-01-07T11:39:36.000,"279 Broadway Cambridge, MA, 02139, USA",42.368355136904604,-71.09782494306452,"{'latitude': '42.368355136904604', 'longitude': '-71.09782494306452', 'human_address': '{""address"": """", ""city"": """", ""state"": """", ""zip"": """"}'}",,https://seeclickfix.com/issues/20719523,2026-01-05T11:34:11.000,2026-01-07 11:39:36,0.0,3.515810185185185
20716407,Cambridge,Rodent Sighting,Rodent Sighting,Archived,Spot small rat entering the utility cabinet this morning.,2026-01-03 08:12:50,2026-01-07T07:13:14.000,"160-194 Cambridgepark Dr Cambridge, MA, 02140, USA",42.39470002462524,-71.14666360564063,"{'latitude': '42.39470002462524', 'longitude': '-71.14666360564063', 'human_address': '{""address"": """", ""city"": """", ""state"": """", ""zip"": """"}'}",https://seeclickfix.com/rails/active_storage/representations/redirect/eyJfcmFpbHMiOnsiZGF0YSI6MzY4NTkwMzIsInB1ciI6ImJsb2JfaWQifX0=--2844868662189b8ccc617c4a1ab2059c813c97c1/eyJfcmFpbHMiOnsiZGF0YSI6eyJmb3JtYXQiOiJqcGciLCJhdXRvX29yaWVudCI6dHJ1ZSwic3RyaXAiOnRydWUsInJlc2l6ZSI6IjgwMHg2MDAifSwicHVyIjoidmFyaWF0aW9uIn19--242b3e94addeeae50b5fd8df8a0a8fbcf02bf33c/64323eab-3d9c-4df5-9489-07d5bf053218_2026-01-03T08-12-18-05-00.jpg,https://seeclickfix.com/issues/20716407,2026-01-05T11:33:14.000,2026-01-07 07:13:14,0.0,3.9586111111111113
20716293,Cambridge,Rodent Sighting,Rodent Sighting,Archived,We live in Washington elms at 100 Harvard street #2 and we are having mice problems and housing hasn’t been in contact with us since the last few months here are some photos of what’s happened,2026-01-03 05:49:09,2026-01-05T16:05:23.000,"131 Washington St Cambridge 02139, United States",42.364645659332226,-71.09462005681138,"{'latitude': '42.364645659332226', 'longitude': '-71.09462005681138', 'human_address': '{""address"": """", ""city"": """", ""state"": """", ""zip"": """"}'}",https://seeclickfix.com/rails/active_storage/representations/redirect/eyJfcmFpbHMiOnsiZGF0YSI6MzY4NTgzMjAsInB1ciI6ImJsb2JfaWQifX0=--5c95e11aa6153ac8689460815ebac9292dbcca8f/eyJfcmFpbHMiOnsiZGF0YSI6eyJmb3JtYXQiOiJqcGciLCJhdXRvX29yaWVudCI6dHJ1ZSwic3RyaXAiOnRydWUsInJlc2l6ZSI6IjgwMHg2MDAifSwicHVyIjoidmFyaWF0aW9uIn19--242b3e94addeeae50b5fd8df8a0a8fbcf02bf33c/2c9f5419-e986-448f-b50a-1dc48131b421_2026-01-03T05-48-47-05-00.jpg,https://seeclickfix.com/issues/20716293,2026-01-05T11:31:19.000,2026-01-05 16:05:22,-0.4019,2.4279282407407408
20662208,Cambridge,Rodent Sighting,Rodent Sighting,Archived,We see mice in the house.,2025-12-23 15:22:08,2025-12-30T09:09:19.000,"12 Walker St Cambridge, Massachusetts, 02138",42.37994504602635,-71.12428802583567,"{'latitude': '42.37994504602635', 'longitude': '-71.12428802583567', 'human_address': '{""address"": """", ""city"": """", ""state"": """", ""zip"": """"}'}",,https://seeclickfix.com/issues/20662208,2025-12-26T08:10:33.000,2025-12-30 09:09:19,0.0,6.741099537037037
20648666,Cambridge,Rodent Sighting,Rodent Sighting,Archived,,2025-12-21 13:18:33,2025-12-26T10:47:46.000,"59 Granite St Cambridge, Massachusetts, 02139",42.356816057868244,-71.11302594684098,"{'latitude': '42.356816057868244', 'longitude': '-71.11302594684098', 'human_address': '{""address"": """", ""city"": """", ""state"": """", ""zip"": """"}'}",https://seeclickfix.com/rails/active_storage/representations/redirect/eyJfcmFpbHMiOnsiZGF0YSI6MzY1Njg2MzUsInB1ciI6ImJsb2JfaWQifX0=--1c4056390a584e76cb582fc3100dd878eb1f63a1/eyJfcmFpbHMiOnsiZGF0YSI6eyJmb3JtYXQiOiJqcGciLCJhdXRvX29yaWVudCI6dHJ1ZSwic3RyaXAiOnRydWUsInJlc2l6ZSI6IjgwMHg2MDAifSwicHVyIjoidmFyaWF0aW9uIn19--242b3e94addeeae50b5fd8df8a0a8fbcf02bf33c/85f6133d-c025-466e-9a59-079280b89c2e_2025-12-21T13-18-12-05-00.jpg,https://seeclickfix.com/issues/20648666,2025-12-22T10:31:21.000,2025-12-26 10:47:45,0.0,4.895277777777777
20625217,Cambridge,Rodent Sighting,Rodent Sighting,Archived,"I am seeing an increase in rat activity in the backyard, especially. I have noticed them coming in from under the fence.",2025-12-17 11:51:34,2025-12-22T15:59:10.000,"186 Richdale Ave Cambridge, Massachusetts, 02140",42.38924759878818,-71.12803960144728,"{'latitude': '42.38924759878818', 'longitude': '-71.12803960144728', 'human_address': '{""address"": """", ""city"": """", ""state"": """", ""zip"": """"}'}",https://seeclickfix.com/rails/active_storage/representations/redirect/eyJfcmFpbHMiOnsiZGF0YSI6MzY0ODk1OTQsInB1ciI6ImJsb2JfaWQifX0=--c6e1e1df6aa5a28aeb0d7adf8986aa2371d609b3/eyJfcmFpbHMiOnsiZGF0YSI6eyJmb3JtYXQiOiJqcGciLCJhdXRvX29yaWVudCI6dHJ1ZSwic3RyaXAiOnRydWUsInJlc2l6ZSI6IjgwMHg2MDAifSwicHVyIjoidmFyaWF0aW9uIn19--242b3e94addeeae50b5fd8df8a0a8fbcf02bf33c/8f2bde0a-4fa6-413a-ba25-ec48c64ba0b2_2025-12-17T11-48-30-05-00.jpg,https://seeclickfix.com/issues/20625217,2025-12-17T12:28:23.000,2025-12-22 15:19:30,0.3182,5.144398148148148
20620503,Cambridge,Rodent Sighting,Rodent Sighting,Archived,Was trying to park my car in the garage behind the house (which is falling over and I don’t think is structurally sound) and saw a huge rodent running along the back wall. This whole place needs an inspection as it does not fit the standards of Harvard Square,2025-12-16 16:50:48,2025-12-17T15:04:34.000,"17 Putnam Ave Cambridge, MA, 02139, USA",42.369562500329,-71.113688103442,"{'latitude': '42.369562500329', 'longitude': '-71.113688103442', 'human_address': '{""address"": """", ""city"": """", ""state"": """", ""zip"": """"}'}",,https://seeclickfix.com/issues/20620503,2025-12-17T08:10:45.000,2025-12-17 15:04:34,-0.1053,0.9262268518518518
20617468,Cambridge,Rodent Sighting,Roadkill / Dead Animal,Archived,Dead rat outside on street near pole,2025-12-16 11:49:48,2025-12-22T08:42:24.000,"126 Spring St Cambridge, Massachusetts, 02141",42.369427784604184,-71.0841054334697,"{'latitude': '42.369427784604184', 'longitude': '-71.0841054334697', 'human_address': '{""address"": """", ""city"": """", ""state"": """", ""zip"": """"}'}",,https://seeclickfix.com/issues/20617468,2025-12-17T10:21:32.000,2025-12-22 08:42:23,-0.6486,5.869849537037037
20614377,Cambridge,Rodent Sighting,Rodent Sighting,Archived,,2025-12-16 00:14:57,2025-12-17T14:52:42.000,"1105 Massachusetts Ave Cambridge, Massachusetts, 02138",42.37072813765399,-71.11340479511462,"{'latitude': '42.37072813765399', 'longitude': '-71.11340479511462', 'human_address': '{""address"": """", ""city"": """", ""state"": """", ""zip"": """"}'}",,https://seeclickfix.com/issues/20614377,2025-12-16T14:35:58.000,2025-12-17 14:52:42,0.0,1.609548611111111
20601650,Cambridge,Rodent Sighting,Roadkill / Dead Animal,Archived,"I would like to report dead vermin. There was 1 dead rat wedged in between the trashcan lid and the base of the trashcan. Then, as I was trying to go to another trashcan to throw my trash away, there were 3 dead rats next to the trashcan.",2025-12-13 23:02:58,2025-12-22T10:04:08.000,"360 Washington St Cambridge, MA, 02139, USA",42.365493337794,-71.099543222738,"{'latitude': '42.365493337794', 'longitude': '-71.099543222738', 'human_address': '{""address"": """", ""city"": """", ""state"": """", ""zip"": """"}'}",,https://seeclickfix.com/issues/20601650,2025-12-15T07:21:56.000,2025-12-22 10:04:08,-0.9081,8.459143518518518
20582578,Cambridge,Rodent Sighting,Rodent Sighting,Archived,Rat approaching humans to the point where I had to jump over the rat to avoid making contact. Please continue to clean up the garbage in this area by the school.,2025-12-10 20:20:37,2025-12-11T14:56:12.000,"Charles St Cambridge, MA, 02141, USA",42.3683135806433,-71.08608521485887,"{'latitude': '42.3683135806433', 'longitude': '-71.08608521485887', 'human_address': '{""address"": """", ""city"": """", ""state"": """", ""zip"": """"}'}",,https://seeclickfix.com/issues/20582578,2025-12-11T07:16:14.000,2025-12-11 14:56:12,0.4215,0.7747106481481482
20558510,Cambridge,Rodent Sighting,Rodent Sighting,Archived,I was visiting somebody at 77 Bishop Allen Dr. and I volunteer to take their garbage out when I was leaving and there were rats teaming all over the area where they placed their garbage,2025-12-07 19:51:32,2025-12-09T11:41:53.000,"59 Norfolk St Cambridge, MA, 02139, USA",42.3656564280306,-71.10133708549652,"{'latitude': '42.3656564280306', 'longitude': '-71.10133708549652', 'human_address': '{""address"": """", ""city"": """", ""state"": """", ""zip"": """"}'}",,https://seeclickfix.com/issues/20558510,2025-12-08T10:17:16.000,2025-12-09 11:41:53,0.0,1.6599652777777778
20557167,Cambridge,Rodent Sighting,Rodent Sighting,Archived,,2025-12-07 13:58:58,2025-12-10T12:36:53.000,"29 Granite St Cambridge, Massachusetts, 02139",42.35627874711206,-71.11217394989723,"{'latitude': '42.35627874711206', 'longitude': '-71.11217394989723', 'human_address': '{""address"": """", ""city"": """", ""state"": """", ""zip"": """"}'}",https://seeclickfix.com/rails/active_storage/representations/redirect/eyJfcmFpbHMiOnsiZGF0YSI6MzYyNjMwODEsInB1ciI6ImJsb2JfaWQifX0=--0c97c4ac90db09be03e78517632be9ea65f6ccef/eyJfcmFpbHMiOnsiZGF0YSI6eyJmb3JtYXQiOiJqcGciLCJhdXRvX29yaWVudCI6dHJ1ZSwic3RyaXAiOnRydWUsInJlc2l6ZSI6IjgwMHg2MDAifSwicHVyIjoidmFyaWF0aW9uIn19--242b3e94addeeae50b5fd8df8a0a8fbcf02bf33c/5db82d23-ca82-4754-9721-551f31dc2400_2025-12-07T13-58-19-05-00.jpg,https://seeclickfix.com/issues/20557167,2025-12-08T10:15:36.000,2025-12-10 11:59:40,0.0,2.917152777777778
20556428,Cambridge,Rodent Sighting,Rodent Sighting,Archived,"As was reported in springtime, there are still multiple rat holes at the two plots in front of the Central Square Church. There is also a dead rat in the middle of the larger plot.",2025-12-07 10:46:51,2025-12-09T11:38:48.000,"5 Magazine St Cambridge, Massachusetts, 02139",42.36477173975,-71.105168737054,"{'latitude': '42.36477173975', 'longitude': '-71.105168737054', 'human_address': '{""address"": """", ""city"": """", ""state"": """", ""zip"": """"}'}",https://seeclickfix.com/rails/active_storage/representations/redirect/eyJfcmFpbHMiOnsiZGF0YSI6MzYyNjAzMzMsInB1ciI6ImJsb2JfaWQifX0=--e914a25b677a33ee75faebaf584e004c86e89a3a/eyJfcmFpbHMiOnsiZGF0YSI6eyJmb3JtYXQiOiJqcGciLCJhdXRvX29yaWVudCI6dHJ1ZSwic3RyaXAiOnRydWUsInJlc2l6ZSI6IjgwMHg2MDAifSwicHVyIjoidmFyaWF0aW9uIn19--242b3e94addeeae50b5fd8df8a0a8fbcf02bf33c/d8359547-9d1b-4eb6-ac76-4bac04a5ad5a_2025-12-07T10-44-20-05-00.jpg,https://seeclickfix.com/issues/20556428,2025-12-08T10:15:00.000,2025-12-09 11:38:48,-0.6486,2.036076388888889
20546547,Cambridge,Rodent Sighting,Rodent Sighting,Archived,Building using recycling bins as trash bins which republic won’t empty so they’re now active rats nests. This is constant.,2025-12-05 11:23:58,2025-12-08T15:42:41.000,"77 Trowbridge St Cambridge, MA, 02138, USA",42.375364872802,-71.110268957499,"{'latitude': '42.375364872802', 'longitude': '-71.110268957499', 'human_address': '{""address"": """", ""city"": """", ""state"": """", ""zip"": """"}'}",https://seeclickfix.com/rails/active_storage/representations/redirect/eyJfcmFpbHMiOnsiZGF0YSI6MzYyMzExMzQsInB1ciI6ImJsb2JfaWQifX0=--ede6e5ec9ac31cf146b604497dc5d663958f2fe1/eyJfcmFpbHMiOnsiZGF0YSI6eyJmb3JtYXQiOiJqcGciLCJhdXRvX29yaWVudCI6dHJ1ZSwic3RyaXAiOnRydWUsInJlc2l6ZSI6IjgwMHg2MDAifSwicHVyIjoidmFyaWF0aW9uIn19--242b3e94addeeae50b5fd8df8a0a8fbcf02bf33c/66f80dd4-8328-4e95-964b-1420f85a28f6_2025-12-05T11-22-27-05-00.jpg,https://seeclickfix.com/issues/20546547,2025-12-05T11:24:40.000,2025-12-08 15:42:41,0.2878,3.179664351851852
20540252,Cambridge,Rodent Sighting,Rodent Sighting,Archived,"Rat ran across Chestnut Street 12/4/25 in early morning - was not in any residential yard, but in the street itself.",2025-12-04 13:52:48,2025-12-10T11:54:13.000,"65 Chestnut St Cambridge, MA, 02139, USA",42.35632844052588,-71.10821664228243,"{'latitude': '42.35632844052588', 'longitude': '-71.10821664228243', 'human_address': '{""address"": """", ""city"": """", ""state"": """", ""zip"": """"}'}",,https://seeclickfix.com/issues/20540252,2025-12-05T08:34:34.000,2025-12-10 11:54:13,0.0,5.917650462962963
20516916,Cambridge,Rodent Sighting,Rodent Sighting,Archived,"Mouse sighted scurrying on lower level. There are rodent traps down there, so it’s apparently a known problem.",2025-12-01 20:34:43,2025-12-02T15:19:07.000,Mamalehs,42.367317007959464,-71.09013699999997,"{'latitude': '42.367317007959464', 'longitude': '-71.09013699999997', 'human_address': '{""address"": """", ""city"": """", ""state"": """", ""zip"": """"}'}",,https://seeclickfix.com/issues/20516916,2025-12-02T07:18:31.000,2025-12-02 15:19:07,-0.5994,0.7808333333333334
20514511,Cambridge,Rodent Sighting,Roadkill / Dead Animal,Archived,rat in gutter needs to be removed,2025-12-01 15:47:08,2026-01-12T11:20:20.000,"74 Sacramento St Cambridge, Massachusetts, 02138",42.38270826613745,-71.1128346580606,"{'latitude': '42.38270826613745', 'longitude': '-71.1128346580606', 'human_address': '{""address"": """", ""city"": """", ""state"": """", ""zip"": """"}'}",,https://seeclickfix.com/issues/20514511,2025-12-04T09:43:06.000,2026-01-12 11:20:19,0.0,41.81471064814815
20504391,Cambridge,Rodent Sighting,Rodent Sighting,Archived,Heavy rat activity/burrowing in front of 30 Inman street. Burrow exiting under trash cans near sidewalk between 30 and 28 Inman.,2025-11-30 09:33:03,2025-12-03T09:33:34.000,"30 Inman Street Cambridge, Massachusetts, 02139",42.37009164516048,-71.10423920111914,"{'latitude': '42.37009164516048', 'longitude': '-71.10423920111914', 'human_address': '{""address"": """", ""city"": """", ""state"": """", ""zip"": """"}'}",https://seeclickfix.com/rails/active_storage/representations/redirect/eyJfcmFpbHMiOnsiZGF0YSI6MzYxMDY0MDQsInB1ciI6ImJsb2JfaWQifX0=--a7a310d1ebd04fdb5a6640edf21f96e1e2d974e6/eyJfcmFpbHMiOnsiZGF0YSI6eyJmb3JtYXQiOiJqcGVnIiwiYXV0b19vcmllbnQiOnRydWUsInN0cmlwIjp0cnVlLCJyZXNpemUiOiI4MDB4NjAwIn0sInB1ciI6InZhcmlhdGlvbiJ9fQ==--a24cd3b9f26082c533845b9cc150d8421a819967/800d435f-436e-4f8e-8e65-3e6349b4f160_2025-11-30T09-30-30-05-00.jpeg,https://seeclickfix.com/issues/20504391,2025-12-01T10:38:57.000,2025-12-03 09:33:34,0.0,3.0003587962962963
20504237,Cambridge,Rodent Sighting,Rodent Sighting,Archived,Huge burrow underneath the wood deck! Must treat ASAP!,2025-11-30 08:14:34,2025-12-02T15:18:25.000,"1a Rogers St Cambridge, Massachusetts, 02141",42.36621550381736,-71.07718776162629,"{'latitude': '42.36621550381736', 'longitude': '-71.07718776162629', 'human_address': '{""address"": """", ""city"": """", ""state"": """", ""zip"": """"}'}",https://seeclickfix.com/rails/active_storage/representations/redirect/eyJfcmFpbHMiOnsiZGF0YSI6MzYxMDU4MjIsInB1ciI6ImJsb2JfaWQifX0=--cc53c2a623ffa1b28f5804a3d84520fb60aff9e1/eyJfcmFpbHMiOnsiZGF0YSI6eyJmb3JtYXQiOiJqcGciLCJhdXRvX29yaWVudCI6dHJ1ZSwic3RyaXAiOnRydWUsInJlc2l6ZSI6IjgwMHg2MDAifSwicHVyIjoidmFyaWF0aW9uIn19--242b3e94addeeae50b5fd8df8a0a8fbcf02bf33c/7e4a5ffe-1f64-4b29-b7eb-aa21cc96496a_2025-11-30T08-12-53-05-00.jpg,https://seeclickfix.com/issues/20504237,2025-12-01T10:38:07.000,2025-12-02 15:18:25,0.6792,2.2943402777777777
20500655,Cambridge,Rodent Sighting,Rodent Sighting,Archived,Rat ran from under the truck outside 39 Magazine into the side yard at this address,2025-11-28 21:14:21,2025-12-03T08:39:28.000,"39 Magazine St Cambridge, Massachusetts, 02139",42.36308699047315,-71.1070252323813,"{'latitude': '42.36308699047315', 'longitude': '-71.1070252323813', 'human_address': '{""address"": """", ""city"": """", ""state"": """", ""zip"": """"}'}",https://seeclickfix.com/rails/active_storage/representations/redirect/eyJfcmFpbHMiOnsiZGF0YSI6MzYwOTI5NzMsInB1ciI6ImJsb2JfaWQifX0=--b59bfe7be195b70e45cd42f51fae991cc9b4778d/eyJfcmFpbHMiOnsiZGF0YSI6eyJmb3JtYXQiOiJqcGciLCJhdXRvX29yaWVudCI6dHJ1ZSwic3RyaXAiOnRydWUsInJlc2l6ZSI6IjgwMHg2MDAifSwicHVyIjoidmFyaWF0aW9uIn19--242b3e94addeeae50b5fd8df8a0a8fbcf02bf33c/ab49e809-d8c8-425a-aee4-8fb113e001f9_2025-11-28T21-12-24-05-00.jpg,https://seeclickfix.com/issues/20500655,2025-12-01T10:32:53.000,2025-12-03 08:39:27,0.0,4.475763888888889
20497290,Cambridge,Rodent Sighting,Rodent Sighting,Archived,"Multiple active burrows behind the Whole Foods parking lot.

There’s already a bait station there, so it must not be working.",2025-11-27 17:35:17,2025-12-03T08:57:34.000,"15 Saint Paul St Cambridge, MA, 02139, USA",42.3680543819756,-71.10289474067984,"{'latitude': '42.3680543819756', 'longitude': '-71.10289474067984', 'human_address': '{""address"": """", ""city"": """", ""state"": """", ""zip"": """"}'}",https://seeclickfix.com/rails/active_storage/representations/redirect/eyJfcmFpbHMiOnsiZGF0YSI6MzYwODA1MDMsInB1ciI6ImJsb2JfaWQifX0=--49e50d5b90c05222e40454552243e023747757ef/eyJfcmFpbHMiOnsiZGF0YSI6eyJmb3JtYXQiOiJqcGVnIiwiYXV0b19vcmllbnQiOnRydWUsInN0cmlwIjp0cnVlLCJyZXNpemUiOiI4MDB4NjAwIn0sInB1ciI6InZhcmlhdGlvbiJ9fQ==--a24cd3b9f26082c533845b9cc150d8421a819967/70539f43-dbcf-46f6-a9b6-c394135aadc7_2025-11-27T17-34-24-05-00.jpeg,https://seeclickfix.com/issues/20497290,2025-12-01T10:22:40.000,2025-12-03 08:57:33,0.4019,5.640462962962963
20496572,Cambridge,Rodent Sighting,Rodent Sighting,Archived,Saw a rat mid day in front of 72 Harvey. Probably attracted by disgusting bird feeder at 77 Harvey,2025-11-27 11:30:37,2025-12-03T11:44:27.000,"72 Harvey St Cambridge, Massachusetts, 02140",42.397244616584835,-71.13275540052187,"{'latitude': '42.397244616584835', 'longitude': '-71.13275540052187', 'human_address': '{""address"": """", ""city"": """", ""state"": """", ""zip"": """"}'}",,https://seeclickfix.com/issues/20496572,2025-12-01T10:22:19.000,2025-12-03 11:44:27,-0.1531,6.009606481481481
20494300,Cambridge,Rodent Sighting,Rodent Sighting,Archived,Rats crossing from 5 Phillips Place to Lesley University. Multiple burrows behind stone wall at 5 Phillips place.,2025-11-26 15:44:21,2025-12-03T09:14:59.000,"5 Phillips Pl Cambridge, Massachusetts, 02138",42.37671666666667,-71.1237945,"{'latitude': '42.37671666666667', 'longitude': '-71.1237945', 'human_address': '{""address"": """", ""city"": """", ""state"": """", ""zip"": """"}'}",https://seeclickfix.com/rails/active_storage/representations/redirect/eyJfcmFpbHMiOnsiZGF0YSI6MzYwNjk2MDUsInB1ciI6ImJsb2JfaWQifX0=--e0c6677927e6796ff364b5e78ddec43e924f9a90/eyJfcmFpbHMiOnsiZGF0YSI6eyJmb3JtYXQiOiJqcGciLCJhdXRvX29yaWVudCI6dHJ1ZSwic3RyaXAiOnRydWUsInJlc2l6ZSI6IjgwMHg2MDAifSwicHVyIjoidmFyaWF0aW9uIn19--242b3e94addeeae50b5fd8df8a0a8fbcf02bf33c/1a652407-9d86-4c4f-9532-fa12dec0c9b1_2025-11-26T15-43-49-05-00.jpg,https://seeclickfix.com/issues/20494300,2025-11-27T10:03:09.000,2025-12-03 09:14:59,0.0,6.729606481481482
20492340,Cambridge,Rodent Sighting,Rodent Sighting,Archived,"Large rodents sighted around this apartment building's trash and the trash next door on the other side of the fence, during both day and night. Trash is not being properly placed in bins. Bins are not being closed all the way and are sometimes toppled over on the ground.",2025-11-26 12:13:47,2025-12-03T09:12:06.000,"102 Trowbridge St Cambridge, MA, 02138, USA",42.37629753477646,-71.1096188508635,"{'latitude': '42.37629753477646', 'longitude': '-71.1096188508635', 'human_address': '{""address"": """", ""city"": """", ""state"": """", ""zip"": """"}'}",,https://seeclickfix.com/issues/20492340,2025-11-27T10:02:54.000,2025-12-03 09:12:06,0.0,6.873831018518518
20489635,Cambridge,Rodent Sighting,Rodent Sighting,Archived,Trash on ground eating bags left on ground week after week,2025-11-26 06:00:18,2025-12-02T16:01:31.000,"147 Columbia St Cambridge, MA, 02139, USA",42.366774134509,-71.098130536777,"{'latitude': '42.366774134509', 'longitude': '-71.098130536777', 'human_address': '{""address"": """", ""city"": """", ""state"": """", ""zip"": """"}'}",https://seeclickfix.com/rails/active_storage/representations/redirect/eyJfcmFpbHMiOnsiZGF0YSI6MzYwNTU3NjksInB1ciI6ImJsb2JfaWQifX0=--3b06356fdc4667e8b72973676c20ec39082b9abf/eyJfcmFpbHMiOnsiZGF0YSI6eyJmb3JtYXQiOiJqcGciLCJhdXRvX29yaWVudCI6dHJ1ZSwic3RyaXAiOnRydWUsInJlc2l6ZSI6IjgwMHg2MDAifSwicHVyIjoidmFyaWF0aW9uIn19--242b3e94addeeae50b5fd8df8a0a8fbcf02bf33c/64348715-625c-4ff5-b03a-174b544da4c7_2025-11-26T00-59-06-10-00.jpg,https://seeclickfix.com/issues/20489635,2025-11-26T09:06:04.000,2025-12-02 16:01:31,0.0,6.417511574074074
20477114,Cambridge,Rodent Sighting,Rodent Sighting,Archived,Dumpster in this parking area is never covered and frequently overflowing — we constantly see rats running around this area.,2025-11-24 12:40:18,2025-12-01T10:21:10.000,"87-117 Line St Cambridge, Massachusetts, 02139",42.37528558241476,-71.10439627441517,"{'latitude': '42.37528558241476', 'longitude': '-71.10439627441517', 'human_address': '{""address"": """", ""city"": """", ""state"": """", ""zip"": """"}'}",,https://seeclickfix.com/issues/20477114,2025-11-24T15:31:49.000,2025-12-01 10:21:10,-0.1531,6.9033796296296295
20474887,Cambridge,Rodent Sighting,Rodent Sighting,Archived,Trash bags on the ground and the rats abound. The rats in the area are getting much worse and it’s certainly related to the endless trash issues. We now have rats out during the day which is real escalation.,2025-11-24 09:44:00,2025-11-25T10:10:22.000,"77 Trowbridge St Cambridge, MA, 02138, USA",42.375364872802,-71.110268957499,"{'latitude': '42.375364872802', 'longitude': '-71.110268957499', 'human_address': '{""address"": """", ""city"": """", ""state"": """", ""zip"": """"}'}",,https://seeclickfix.com/issues/20474887,2025-11-24T10:26:43.000,2025-11-25 10:10:22,-0.1779,1.0183101851851852
20473369,Cambridge,Rodent Sighting,Rodent Sighting,Archived,Saw a rat scurry across the street originating from in front of Morse School,2025-11-23 21:47:30,2025-11-25T12:54:23.000,"40 Granite St Cambridge, Massachusetts, 02139",42.3562172873246,-71.11267809894507,"{'latitude': '42.3562172873246', 'longitude': '-71.11267809894507', 'human_address': '{""address"": """", ""city"": """", ""state"": """", ""zip"": """"}'}",,https://seeclickfix.com/issues/20473369,2025-11-24T08:49:38.000,2025-11-25 10:23:33,0.0,1.5250347222222222
20470866,Cambridge,Rodent Sighting,Rodent Sighting,Archived,Many rodents outside loop lab building. Some look dead.,2025-11-23 09:32:23,2025-11-24T15:59:22.000,"353-399 Binney St Cambridge, MA, 02142, USA",42.36653692073382,-71.08800558466926,"{'latitude': '42.36653692073382', 'longitude': '-71.08800558466926', 'human_address': '{""address"": """", ""city"": """", ""state"": """", ""zip"": """"}'}",https://seeclickfix.com/rails/active_storage/representations/redirect/eyJfcmFpbHMiOnsiZGF0YSI6MzU5OTE3MzAsInB1ciI6ImJsb2JfaWQifX0=--d95ea4b1836c1ed3b8ee52b89358005605da04c8/eyJfcmFpbHMiOnsiZGF0YSI6eyJmb3JtYXQiOiJqcGVnIiwiYXV0b19vcmllbnQiOnRydWUsInN0cmlwIjp0cnVlLCJyZXNpemUiOiI4MDB4NjAwIn0sInB1ciI6InZhcmlhdGlvbiJ9fQ==--a24cd3b9f26082c533845b9cc150d8421a819967/3a7d9e05-7803-481a-b376-aca4cb3acbb9_2025-11-23T09-31-23-05-00.jpeg,https://seeclickfix.com/issues/20470866,2025-11-24T08:23:25.000,2025-11-24 15:59:22,-0.6486,1.268738425925926
