id,full_address,mbl,business_name,code_number,code_description,case_open_date,case_closed_date,status,street,viewpoint_id,latitude,longitude,inpector_comments,coordinates,applicant_submit_date,issue_date,permit_type,unique_identifier,date_corrected,sentiment_score
1476106,"100 Cambridgeside Pl, Cambridge, MA 02141",8-89,Sapporo Ramen,3-501.17,"Ready-To-Eat Time/Temperature Control for Safety Food, Date Marking (Pf)",2026-08-06T00:00:00.000,2026-08-06T00:00:00.000,Complete,Cambridgeside Pl,1476106,42.367154,-71.076382,No date marking observed in walk-in cooler.,"{'type': 'Point', 'coordinates': [-71.076382, 42.367154]}",2026-08-06T00:00:00.000,2026-08-06T00:00:00.000,Sanitary Inspection,14761063-501.172026-08-062026-08-06No date marking observed in walk-in cooler.,,-0.296
1476060,"100 Cambridgeside Pl, Cambridge, MA 02141",8-89,Lala's Neapolitan-ish Pizza,3-304.14,"Wiping Cloths, Use Limitation (C)",2026-08-06T00:00:00.000,2026-08-06T00:00:00.000,Complete,Cambridgeside Pl,1476060,42.367154,-71.076382,Wet wiping cloth stored on shelf. Store dry or in a sanitizer solution.,"{'type': 'Point', 'coordinates': [-71.076382, 42.367154]}",2026-08-06T00:00:00.000,2026-08-06T00:00:00.000,Sanitary Inspection,14760603-304.14 2026-08-062026-08-06Wet wiping cloth stored on shelf. Store dry or in a sanitizer solution.,2026-08-06T00:00:00.000,0.3182
1476106,"100 Cambridgeside Pl, Cambridge, MA 02141",8-89,Sapporo Ramen,"6-301.11-.12,.20","Handwashing Cleanser, Availability; Hand Drying Provision; Disposable Towels, Waste Receptacle (Pf)",2026-08-06T00:00:00.000,2026-08-06T00:00:00.000,Complete,Cambridgeside Pl,1476106,42.367154,-71.076382,Paper towels needed at BOH handwashing sink.,"{'type': 'Point', 'coordinates': [-71.076382, 42.367154]}",2026-08-06T00:00:00.000,2026-08-06T00:00:00.000,Sanitary Inspection,"14761066-301.11-.12,.20 2026-08-062026-08-06Paper towels needed at BOH handwashing sink.",,0.0
1476106,"100 Cambridgeside Pl, Cambridge, MA 02141",8-89,Sapporo Ramen,3-304.14,"Wiping Cloths, Use Limitation (C)",2026-08-06T00:00:00.000,2026-08-06T00:00:00.000,Complete,Cambridgeside Pl,1476106,42.367154,-71.076382,Wet wiping cloth stored on shelf. Store dry or in a sanitizer solution.,"{'type': 'Point', 'coordinates': [-71.076382, 42.367154]}",2026-08-06T00:00:00.000,2026-08-06T00:00:00.000,Sanitary Inspection,14761063-304.14 2026-08-062026-08-06Wet wiping cloth stored on shelf. Store dry or in a sanitizer solution.,2026-08-06T00:00:00.000,0.3182
1476217,"100 Cambridgeside Pl, Cambridge, MA 02141",8-89,Juicygreens,,,2026-08-06T00:00:00.000,2026-08-07T00:00:00.000,Complete,Cambridgeside Pl,1476217,42.367154,-71.076382,,"{'type': 'Point', 'coordinates': [-71.076382, 42.367154]}",2026-08-07T00:00:00.000,2026-08-07T00:00:00.000,Sanitary Inspection,1476217nan2026-08-062026-08-07nan,,0.0
1476212,"100 Cambridgeside Pl, Cambridge, MA 02141",8-89,Beard Papa's & Teazzi,,,2026-08-06T00:00:00.000,2026-08-07T00:00:00.000,Complete,Cambridgeside Pl,1476212,42.367154,-71.076382,,"{'type': 'Point', 'coordinates': [-71.076382, 42.367154]}",2026-08-07T00:00:00.000,2026-08-07T00:00:00.000,Sanitary Inspection,1476212nan2026-08-062026-08-07nan,,0.0
1476106,"100 Cambridgeside Pl, Cambridge, MA 02141",8-89,Sapporo Ramen,8-103.12,"Conformance with Approved Procedures (P, Pf)",2026-08-06T00:00:00.000,2026-08-06T00:00:00.000,Complete,Cambridgeside Pl,1476106,42.367154,-71.076382,Sushi rice HACCP logs not observed up to date. Follow approved measures.,"{'type': 'Point', 'coordinates': [-71.076382, 42.367154]}",2026-08-06T00:00:00.000,2026-08-06T00:00:00.000,Sanitary Inspection,14761068-103.12 2026-08-062026-08-06Sushi rice HACCP logs not observed up to date. Follow approved measures.,,0.4215
1476106,"100 Cambridgeside Pl, Cambridge, MA 02141",8-89,Sapporo Ramen,6-301.13,"Handwashing Aids and Devices, Use Restrictions (C)",2026-08-06T00:00:00.000,2026-08-06T00:00:00.000,Complete,Cambridgeside Pl,1476106,42.367154,-71.076382,Handwashing sink was observed to be obstructed. Handwashing sink must only be used for handwashing.,"{'type': 'Point', 'coordinates': [-71.076382, 42.367154]}",2026-08-06T00:00:00.000,2026-08-06T00:00:00.000,Sanitary Inspection,14761066-301.13 2026-08-062026-08-06Handwashing sink was observed to be obstructed. Handwashing sink must only be used for handwashing.,2026-08-06T00:00:00.000,0.0
1476132,"100 Cambridgeside Pl, Cambridge, MA 02141",8-89,DalMoros Fresh Pasta To Go,,,2026-08-06T00:00:00.000,2026-08-06T00:00:00.000,Complete,Cambridgeside Pl,1476132,42.367154,-71.076382,,"{'type': 'Point', 'coordinates': [-71.076382, 42.367154]}",2026-08-06T00:00:00.000,2026-08-06T00:00:00.000,Sanitary Inspection,1476132nan2026-08-062026-08-06nan,,0.0
1476106,"100 Cambridgeside Pl, Cambridge, MA 02141",8-89,Sapporo Ramen,3-305.11,Food Storage-Preventing Contamination from the Premises (C),2026-08-06T00:00:00.000,2026-08-06T00:00:00.000,Complete,Cambridgeside Pl,1476106,42.367154,-71.076382,"Miso soup observed in BOH uncovered. Food should be in a clean, dry location where it is not exposed to any contamination. Items observed uncovered in the walk-in freezer. Cover items.","{'type': 'Point', 'coordinates': [-71.076382, 42.367154]}",2026-08-06T00:00:00.000,2026-08-06T00:00:00.000,Sanitary Inspection,"14761063-305.112026-08-062026-08-06Miso soup observed in BOH uncovered. Food should be in a clean, dry location where it is not exposed to any contamination. Items observed uncovered in the walk-in freezer. Cover items.",2026-08-06T00:00:00.000,0.4445
1475503,"100 Cambridgeside Pl, Cambridge, MA 02141",8-89,Chilacates Mexican restaurant,3-501.16 (A)(2) and (B),"Time/Temperature Control for Safety Food, Hot and Cold Holding (P)",2026-08-04T00:00:00.000,2026-08-04T00:00:00.000,Complete,Cambridgeside Pl,1475503,42.367154,-71.076382,Cheese observed left out of refrigeration. TCS food must be stored at 41F or below.,"{'type': 'Point', 'coordinates': [-71.076382, 42.367154]}",2026-08-04T00:00:00.000,2026-08-04T00:00:00.000,Sanitary Inspection,14755033-501.16 (A)(2) and (B)2026-08-042026-08-04Cheese observed left out of refrigeration. TCS food must be stored at 41F or below.,2026-08-04T00:00:00.000,0.0
1475490,"100 Cambridgeside Pl, Cambridge, MA 02141",8-89,"anoush'ella, NuBurger, Inchu",3-501.16 (A)(2) and (B),"Time/Temperature Control for Safety Food, Hot and Cold Holding (P)",2026-08-04T00:00:00.000,2026-08-04T00:00:00.000,Complete,Cambridgeside Pl,1475490,42.367154,-71.076382,Temperatures in the flip-top unit at Anoushella were reading high. PIC was advised to lower the temperature of the refrigeration unit and/or to hold less items in that particular refrigeration unit. PIC to monitor.,"{'type': 'Point', 'coordinates': [-71.076382, 42.367154]}",2026-08-04T00:00:00.000,2026-08-04T00:00:00.000,Sanitary Inspection,14754903-501.16 (A)(2) and (B)2026-08-042026-08-04Temperatures in the flip-top unit at Anoushella were reading high. PIC was advised to lower the temperature of the refrigeration unit and/or to hold less items in that particular refrigeration unit. PIC to monitor.,2026-08-04T00:00:00.000,-0.296
1476120,"463 Massachusetts Ave, Cambridge, MA 02139",91-191,McDonald's,,,2026-08-04T00:00:00.000,2026-08-06T00:00:00.000,Complete,Massachusetts Ave,1476120,42.363921,-71.100893,,"{'type': 'Point', 'coordinates': [-71.100893, 42.363921]}",2026-08-06T00:00:00.000,2026-08-06T00:00:00.000,Sanitary Inspection,1476120nan2026-08-042026-08-06nan,,0.0
1475503,"100 Cambridgeside Pl, Cambridge, MA 02141",8-89,Chilacates Mexican restaurant,8-301.11,Prerequisite for Operation,2026-08-04T00:00:00.000,2026-08-04T00:00:00.000,Complete,Cambridgeside Pl,1475503,42.367154,-71.076382,Food Permit must be renewed. It has expired 6/30/2026.,"{'type': 'Point', 'coordinates': [-71.076382, 42.367154]}",2026-08-04T00:00:00.000,2026-08-04T00:00:00.000,Sanitary Inspection,14755038-301.112026-08-042026-08-04Food Permit must be renewed. It has expired 6/30/2026.,,0.0
1476116,"99 Sherman St, Cambridge, MA 02138",264-102,Challenger Sports Cambridge,,,2026-08-04T00:00:00.000,2026-08-06T00:00:00.000,Complete,Sherman St,1476116,42.38872,-71.13318,,"{'type': 'Point', 'coordinates': [-71.13318, 42.38872]}",2026-08-06T00:00:00.000,2026-08-06T00:00:00.000,Sanitary Inspection,1476116nan2026-08-042026-08-06nan,,0.0
1475491,"10 ROGERS ST, Unit 1001, Cambridge, MA 02142",11-43-1001,River Court Condos,,,2026-08-04T00:00:00.000,2026-08-05T00:00:00.000,Complete,ROGERS ST,1475491,42.365658,-71.077439,,"{'type': 'Point', 'coordinates': [-71.077439, 42.365658]}",2026-08-04T00:00:00.000,2026-08-05T00:00:00.000,Sanitary Inspection,1475491nan2026-08-042026-08-05nan,,0.0
1475490,"100 Cambridgeside Pl, Cambridge, MA 02141",8-89,"anoush'ella, NuBurger, Inchu",3-302.12,Food Storage Containers Identified with Common Name of Food (C),2026-08-04T00:00:00.000,2026-08-04T00:00:00.000,Complete,Cambridgeside Pl,1475490,42.367154,-71.076382,Label bulk bins in the BOH kitchen and ensure the scoops are stored above the food line.,"{'type': 'Point', 'coordinates': [-71.076382, 42.367154]}",2026-08-04T00:00:00.000,2026-08-04T00:00:00.000,Sanitary Inspection,14754903-302.12 2026-08-042026-08-04Label bulk bins in the BOH kitchen and ensure the scoops are stored above the food line.,,0.3818
1475189,"39 Jfk St, Cambridge, MA 02138",160-72,Sweetgreen,,,2026-08-03T00:00:00.000,2026-08-03T00:00:00.000,Complete,Jfk St,1475189,42.372683,-71.120208,,"{'type': 'Point', 'coordinates': [-71.120208, 42.372683]}",2026-08-03T00:00:00.000,2026-08-03T00:00:00.000,Sanitary Inspection,1475189nan2026-08-032026-08-03nan,,0.0
1473390,"166 Prospect St, Cambridge, MA 02139",87-153,Rock and Roll Daycare,,,2026-07-30T00:00:00.000,2026-07-31T00:00:00.000,Complete,Prospect St,1473390,42.369461,-71.100653,,"{'type': 'Point', 'coordinates': [-71.100653, 42.369461]}",2026-07-30T00:00:00.000,2026-07-31T00:00:00.000,Sanitary Inspection,1473390nan2026-07-302026-07-31nan,,0.0
1469591,"1920 Massachusetts Ave, Cambridge, MA 02140",178-79,McCarthy's,4-601.11 (A),"Equipment, Food-Contact Surfaces, Nonfood-Contact Surfaces, and Utensils (Pf)",2026-07-30T00:00:00.000,2026-07-24T00:00:00.000,Complete,Massachusetts Ave,1469591,42.389053,-71.119952,Soda gun caps and holder found soiled buildup. wash and sanitize daily,"{'type': 'Point', 'coordinates': [-71.119952, 42.389053]}",2026-07-24T00:00:00.000,2026-07-24T00:00:00.000,Sanitary Inspection,14695914-601.11 (A)2026-07-302026-07-24Soda gun caps and holder found soiled buildup. wash and sanitize daily,2026-07-23T00:00:00.000,-0.34
1473344,"100 Cambridgeside Pl, Cambridge, MA 02141",8-89,fresh Boston,6-301.14,Handwashing Signage (C),2026-07-30T00:00:00.000,2026-07-30T00:00:00.000,Complete,Cambridgeside Pl,1473344,42.367154,-71.076382,BOH handwashing sink was observed missing the proper signage. Get the proper handwashing signage for the sink.,"{'type': 'Point', 'coordinates': [-71.076382, 42.367154]}",2026-07-30T00:00:00.000,2026-07-30T00:00:00.000,Sanitary Inspection,14733446-301.142026-07-302026-07-30BOH handwashing sink was observed missing the proper signage. Get the proper handwashing signage for the sink.,,-0.296
1469591,"1920 Massachusetts Ave, Cambridge, MA 02140",178-79,McCarthy's,3-403.11,Reheating for Hot Holding (P),2026-07-30T00:00:00.000,2026-07-24T00:00:00.000,Complete,Massachusetts Ave,1469591,42.389053,-71.119952,Beans found at 119F. Found reheating in warmer. Properly reheat on stove top to 165F before moving it over to warmer.,"{'type': 'Point', 'coordinates': [-71.119952, 42.389053]}",2026-07-24T00:00:00.000,2026-07-24T00:00:00.000,Sanitary Inspection,14695913-403.112026-07-302026-07-24Beans found at 119F. Found reheating in warmer. Properly reheat on stove top to 165F before moving it over to warmer.,2026-07-23T00:00:00.000,0.6369
1473344,"100 Cambridgeside Pl, Cambridge, MA 02141",8-89,fresh Boston,4-501.116,"Warewashing Equipment, Determining Chemicals Sanitizer Concentration (Pf)",2026-07-30T00:00:00.000,2026-07-30T00:00:00.000,Complete,Cambridgeside Pl,1473344,42.367154,-71.076382,No sanitizer test strips provided. Get sanitizer testing strips so the sanitizing solution can be accurately determined.,"{'type': 'Point', 'coordinates': [-71.076382, 42.367154]}",2026-07-30T00:00:00.000,2026-07-30T00:00:00.000,Sanitary Inspection,14733444-501.1162026-07-302026-07-30No sanitizer test strips provided. Get sanitizer testing strips so the sanitizing solution can be accurately determined.,,0.4144
1473376,"25 Central Sq, Cambridge, MA 02139",105-82,-,,,2026-07-30T00:00:00.000,2026-07-30T00:00:00.000,Complete,Central Sq,1473376,42.365398,-71.104577,,"{'type': 'Point', 'coordinates': [-71.104577, 42.365398]}",2026-07-30T00:00:00.000,2026-07-30T00:00:00.000,Sanitary Inspection,1473376nan2026-07-302026-07-30nan,,0.0
1473337,"100 Cambridgeside Pl, Cambridge, MA 02141",8-89,CAFFE NERO 1044 CAMBRIDGESIDE,6-301.13,"Handwashing Aids and Devices, Use Restrictions (C)",2026-07-30T00:00:00.000,2026-07-30T00:00:00.000,Complete,Cambridgeside Pl,1473337,42.367154,-71.076382,BOH handwashing sink observed with gloves stored on the side of it. Handwashing sinks cannot be obstructed and only used for handwashing.,"{'type': 'Point', 'coordinates': [-71.076382, 42.367154]}",2026-07-30T00:00:00.000,2026-07-30T00:00:00.000,Sanitary Inspection,14733376-301.13 2026-07-302026-07-30BOH handwashing sink observed with gloves stored on the side of it. Handwashing sinks cannot be obstructed and only used for handwashing.,2026-07-30T00:00:00.000,0.0
1469591,"1920 Massachusetts Ave, Cambridge, MA 02140",178-79,McCarthy's,4-601.13,Nonfood Contact Surfaces (C),2026-07-30T00:00:00.000,2026-07-24T00:00:00.000,Complete,Massachusetts Ave,1469591,42.389053,-71.119952,Floor drains at the bars soiled in buildup. wash and sanitize regularly,"{'type': 'Point', 'coordinates': [-71.119952, 42.389053]}",2026-07-24T00:00:00.000,2026-07-24T00:00:00.000,Sanitary Inspection,14695914-601.132026-07-302026-07-24Floor drains at the bars soiled in buildup. wash and sanitize regularly,2026-07-23T00:00:00.000,0.0
1473391,"85 Bishop Allen Dr, Cambridge, MA 02139",90-171,St. Paul AME Food Pantry,,,2026-07-30T00:00:00.000,2026-07-31T00:00:00.000,Complete,Bishop Allen Dr,1473391,42.365627,-71.101781,,"{'type': 'Point', 'coordinates': [-71.101781, 42.365627]}",2026-07-30T00:00:00.000,2026-07-31T00:00:00.000,Sanitary Inspection,1473391nan2026-07-302026-07-31nan,,0.0
1473389,"215 Prospect St, Cambridge, MA 02139",110-90,Rock and Roll Daycare,,,2026-07-30T00:00:00.000,2026-07-31T00:00:00.000,Complete,Prospect St,1473389,42.370773,-71.100099,,"{'type': 'Point', 'coordinates': [-71.100099, 42.370773]}",2026-07-30T00:00:00.000,2026-07-31T00:00:00.000,Sanitary Inspection,1473389nan2026-07-302026-07-31nan,,0.0
1473344,"100 Cambridgeside Pl, Cambridge, MA 02141",8-89,fresh Boston,6-301.13,"Handwashing Aids and Devices, Use Restrictions (C)",2026-07-30T00:00:00.000,2026-07-30T00:00:00.000,Complete,Cambridgeside Pl,1473344,42.367154,-71.076382,FOH handwashing sink was observed obstructed with sanitizer bucket. Handwashing sinks cannot be obstructed and should only be used for handwashing.,"{'type': 'Point', 'coordinates': [-71.076382, 42.367154]}",2026-07-30T00:00:00.000,2026-07-30T00:00:00.000,Sanitary Inspection,14733446-301.13 2026-07-302026-07-30FOH handwashing sink was observed obstructed with sanitizer bucket. Handwashing sinks cannot be obstructed and should only be used for handwashing.,2026-07-30T00:00:00.000,0.0
1472007,"12 Springfield St, Cambridge, MA 02139",83-6,Pita Cambridge,6-301.13,"Handwashing Aids and Devices, Use Restrictions (C)",2026-07-29T00:00:00.000,2026-07-29T00:00:00.000,Complete,Springfield St,1472007,42.374082,-71.100536,BOH handwashing sink was observed obstructed. Handwashing sinks should not be obstructed and only used for handwashing.,"{'type': 'Point', 'coordinates': [-71.100536, 42.374082]}",2026-07-29T00:00:00.000,2026-07-29T00:00:00.000,Sanitary Inspection,14720076-301.13 2026-07-292026-07-29BOH handwashing sink was observed obstructed. Handwashing sinks should not be obstructed and only used for handwashing.,2026-07-29T00:00:00.000,0.0
1472030,"1950 Massachusetts Ave, Cambridge, MA 02140",178-118,Arsenal Catering Group LLC,4-501.116,"Warewashing Equipment, Determining Chemicals Sanitizer Concentration (Pf)",2026-07-29T00:00:00.000,2026-07-30T00:00:00.000,Complete,Massachusetts Ave,1472030,42.389567,-71.120431,Sanitizer found over 500ppm. corrected during inspection,"{'type': 'Point', 'coordinates': [-71.120431, 42.389567]}",2026-07-30T00:00:00.000,2026-07-30T00:00:00.000,Sanitary Inspection,14720304-501.1162026-07-292026-07-30Sanitizer found over 500ppm. corrected during inspection,2026-07-29T00:00:00.000,0.0
1475378,"130 Fawcett St, Cambridge, MA 02138",267.4-221,Iggy's Bread of the World,,,2026-07-28T00:00:00.000,2026-08-04T00:00:00.000,Complete,Fawcett St,1475378,42.39336,-71.148158,,"{'type': 'Point', 'coordinates': [-71.148158, 42.39336]}",2026-08-04T00:00:00.000,2026-08-04T00:00:00.000,Sanitary Inspection,1475378nan2026-07-282026-08-04nan,,0.0
1470755,,,Eurest @ Astra Zeneca,,,2026-07-28T00:00:00.000,2026-08-03T00:00:00.000,Complete,,1470755,,,,,2026-07-28T00:00:00.000,2026-08-03T00:00:00.000,Sanitary Inspection,1470755nan2026-07-282026-08-03nan,,0.0
1470276,"1680 Massachusetts Ave, Cambridge, MA 02138",174-31,Nirvana Restaurant,4-601.11 (A),"Equipment, Food-Contact Surfaces, Nonfood-Contact Surfaces, and Utensils (Pf)",2026-07-27T00:00:00.000,2026-08-03T00:00:00.000,Complete,Massachusetts Ave,1470276,42.382433,-71.119841,"Walk-in shelves, fan guards, flooring walls and ceiling soiled in buildup","{'type': 'Point', 'coordinates': [-71.119841, 42.382433]}",2026-07-27T00:00:00.000,2026-08-03T00:00:00.000,Sanitary Inspection,"14702764-601.11 (A)2026-07-272026-08-03Walk-in shelves, fan guards, flooring walls and ceiling soiled in buildup",2026-08-03T00:00:00.000,0.3182
1470276,"1680 Massachusetts Ave, Cambridge, MA 02138",174-31,Nirvana Restaurant,6-501.111,"Controlling Pests (Pf, C)",2026-07-27T00:00:00.000,2026-08-03T00:00:00.000,Complete,Massachusetts Ave,1470276,42.382433,-71.119841,"Provide 3 months of extermination report, mice activity noted in basement and prep kitchen along the wall and lower shelves Remove droppings.","{'type': 'Point', 'coordinates': [-71.119841, 42.382433]}",2026-07-27T00:00:00.000,2026-08-03T00:00:00.000,Sanitary Inspection,"14702766-501.1112026-07-272026-08-03Provide 3 months of extermination report, mice activity noted in basement and prep kitchen along the wall and lower shelves Remove droppings.",2026-08-03T00:00:00.000,-0.296
1470424,"1688 Massachusetts Ave, Cambridge, MA 02138",174-27,Barcelona Wine Bar,5-402.12,Grease Trap (C),2026-07-27T00:00:00.000,2026-08-03T00:00:00.000,Complete,Massachusetts Ave,1470424,42.382734,-71.119811,"Grease trap overflowed recently. Determine issue and resolve. Provide invoice/report on repairs. Area by grease trap and surround areas; behind ice machines, and dry storage area along the wall under storage shelves found HEAVILY soiled in grease buildup. Thoroughly remove grease buildup. Flooring was visibly greasy and sticky","{'type': 'Point', 'coordinates': [-71.119811, 42.382734]}",2026-07-28T00:00:00.000,2026-08-03T00:00:00.000,Sanitary Inspection,"14704245-402.122026-07-272026-08-03Grease trap overflowed recently. Determine issue and resolve. Provide invoice/report on repairs. Area by grease trap and surround areas; behind ice machines, and dry storage area along the wall under storage shelves found HEAVILY soiled in grease buildup. Thoroughly remove grease buildup. Flooring was visibly greasy and sticky",2026-08-03T00:00:00.000,-0.25
1470276,"1680 Massachusetts Ave, Cambridge, MA 02138",174-31,Nirvana Restaurant,3-501.17,"Ready-To-Eat Time/Temperature Control for Safety Food, Date Marking (Pf)",2026-07-27T00:00:00.000,2026-08-03T00:00:00.000,Complete,Massachusetts Ave,1470276,42.382433,-71.119841,No date marking observed on items made over 24hrs. Properly date all prepared and open containers of food.,"{'type': 'Point', 'coordinates': [-71.119841, 42.382433]}",2026-07-27T00:00:00.000,2026-08-03T00:00:00.000,Sanitary Inspection,14702763-501.172026-07-272026-08-03No date marking observed on items made over 24hrs. Properly date all prepared and open containers of food.,2026-08-03T00:00:00.000,-0.0772
1470464,"100 Cambridgeside Pl, Cambridge, MA 02141",8-89,cvs pharmacy # 1215,6-501.111,"Controlling Pests (Pf, C)",2026-07-27T00:00:00.000,2026-07-27T00:00:00.000,Complete,Cambridgeside Pl,1470464,42.367154,-71.076382,Send the latest extermination report copy to bmorrissey@cambridgema.gov.,"{'type': 'Point', 'coordinates': [-71.076382, 42.367154]}",2026-07-27T00:00:00.000,2026-07-27T00:00:00.000,Sanitary Inspection,14704646-501.1112026-07-272026-07-27Send the latest extermination report copy to bmorrissey@cambridgema.gov.,,0.0
1470424,"1688 Massachusetts Ave, Cambridge, MA 02138",174-27,Barcelona Wine Bar,2-204.11,"Eating, Drinking, or Using Tobacco (C)",2026-07-27T00:00:00.000,2026-08-03T00:00:00.000,Complete,Massachusetts Ave,1470424,42.382734,-71.119811,Employee opened canned drink found in refrigerator above prepared foods. Relocate.,"{'type': 'Point', 'coordinates': [-71.119811, 42.382734]}",2026-07-28T00:00:00.000,2026-08-03T00:00:00.000,Sanitary Inspection,14704242-204.112026-07-272026-08-03Employee opened canned drink found in refrigerator above prepared foods. Relocate.,2026-08-03T00:00:00.000,0.2263
1470276,"1680 Massachusetts Ave, Cambridge, MA 02138",174-31,Nirvana Restaurant,4-601.11 (A),"Equipment, Food-Contact Surfaces, Nonfood-Contact Surfaces, and Utensils (Pf)",2026-07-27T00:00:00.000,2026-08-03T00:00:00.000,Complete,Massachusetts Ave,1470276,42.382433,-71.119841,Interior and exterior of all refrigerators and freezer. HEAVY buildup felt on some of the undersides of the refrigerator doorknobs,"{'type': 'Point', 'coordinates': [-71.119841, 42.382433]}",2026-07-27T00:00:00.000,2026-08-03T00:00:00.000,Sanitary Inspection,14702764-601.11 (A)2026-07-272026-08-03Interior and exterior of all refrigerators and freezer. HEAVY buildup felt on some of the undersides of the refrigerator doorknobs,2026-08-03T00:00:00.000,0.0
1470381,"1695 Massachusetts Ave, Cambridge, MA 02138",155-42,City Market,,,2026-07-27T00:00:00.000,2026-07-27T00:00:00.000,Complete,Massachusetts Ave,1470381,42.382942,-71.119418,,"{'type': 'Point', 'coordinates': [-71.119418, 42.382942]}",2026-07-27T00:00:00.000,2026-07-27T00:00:00.000,Sanitary Inspection,1470381nan2026-07-272026-07-27nan,,0.0
1470276,"1680 Massachusetts Ave, Cambridge, MA 02138",174-31,Nirvana Restaurant,4-601.11 (A),"Equipment, Food-Contact Surfaces, Nonfood-Contact Surfaces, and Utensils (Pf)",2026-07-27T00:00:00.000,2026-08-03T00:00:00.000,Complete,Massachusetts Ave,1470276,42.382433,-71.119841,Soda gun nozzle and holder soiled in buildup. Wash and sanitize DAILY,"{'type': 'Point', 'coordinates': [-71.119841, 42.382433]}",2026-07-27T00:00:00.000,2026-08-03T00:00:00.000,Sanitary Inspection,14702764-601.11 (A)2026-07-272026-08-03Soda gun nozzle and holder soiled in buildup. Wash and sanitize DAILY,2026-08-03T00:00:00.000,-0.34
1470424,"1688 Massachusetts Ave, Cambridge, MA 02138",174-27,Barcelona Wine Bar,4-601.11 (A),"Equipment, Food-Contact Surfaces, Nonfood-Contact Surfaces, and Utensils (Pf)",2026-07-27T00:00:00.000,2026-08-03T00:00:00.000,Complete,Massachusetts Ave,1470424,42.382734,-71.119811,Interior of dishwasher found soiled in buildup. Wash and sanitize daily,"{'type': 'Point', 'coordinates': [-71.119811, 42.382734]}",2026-07-28T00:00:00.000,2026-08-03T00:00:00.000,Sanitary Inspection,14704244-601.11 (A)2026-07-272026-08-03Interior of dishwasher found soiled in buildup. Wash and sanitize daily,2026-08-03T00:00:00.000,0.0
1470459,"100 Cambridgeside Pl, Cambridge, MA 02141",8-89,TJ Maxx #1319,,,2026-07-27T00:00:00.000,2026-07-27T00:00:00.000,Complete,Cambridgeside Pl,1470459,42.367154,-71.076382,,"{'type': 'Point', 'coordinates': [-71.076382, 42.367154]}",2026-07-27T00:00:00.000,2026-07-27T00:00:00.000,Sanitary Inspection,1470459nan2026-07-272026-07-27nan,,0.0
1470276,"1680 Massachusetts Ave, Cambridge, MA 02138",174-31,Nirvana Restaurant,4-101.19,Nonfood-Contact Surfaces (C),2026-07-27T00:00:00.000,2026-08-03T00:00:00.000,Complete,Massachusetts Ave,1470276,42.382433,-71.119841,"Walk-in shelves and shelves in other refrigerators found damaged, peeling and rusting. Determine issue and replace","{'type': 'Point', 'coordinates': [-71.119841, 42.382433]}",2026-07-27T00:00:00.000,2026-08-03T00:00:00.000,Sanitary Inspection,"14702764-101.19 2026-07-272026-08-03Walk-in shelves and shelves in other refrigerators found damaged, peeling and rusting. Determine issue and replace",2026-08-03T00:00:00.000,-0.4404
1470424,"1688 Massachusetts Ave, Cambridge, MA 02138",174-27,Barcelona Wine Bar,6-501.111,"Controlling Pests (Pf, C)",2026-07-27T00:00:00.000,2026-08-03T00:00:00.000,Complete,Massachusetts Ave,1470424,42.382734,-71.119811,Rodent activity noted by dry storage in basement. Plastic bag of food found chewed through. Place all bagged and boxed food items into clear and covered containers.Droppings observed under the dry storage shelves and reach in freezer by dipping well. Provide 3 months of extermination reports,"{'type': 'Point', 'coordinates': [-71.119811, 42.382734]}",2026-07-28T00:00:00.000,2026-08-03T00:00:00.000,Sanitary Inspection,14704246-501.1112026-07-272026-08-03Rodent activity noted by dry storage in basement. Plastic bag of food found chewed through. Place all bagged and boxed food items into clear and covered containers.Droppings observed under the dry storage shelves and reach in freezer by dipping well. Provide 3 months of extermination reports,2026-08-03T00:00:00.000,0.5859
1470276,"1680 Massachusetts Ave, Cambridge, MA 02138",174-31,Nirvana Restaurant,6-501.12,"Cleaning, Frequency and Restrictions (C)",2026-07-27T00:00:00.000,2026-08-03T00:00:00.000,Complete,Massachusetts Ave,1470276,42.382433,-71.119841,"Flooring in basement and kitchen soiled in buildup along the walls, behind and under ALL equipment.","{'type': 'Point', 'coordinates': [-71.119841, 42.382433]}",2026-07-27T00:00:00.000,2026-08-03T00:00:00.000,Sanitary Inspection,"14702766-501.12 2026-07-272026-08-03Flooring in basement and kitchen soiled in buildup along the walls, behind and under ALL equipment.",2026-08-03T00:00:00.000,0.0
1470424,"1688 Massachusetts Ave, Cambridge, MA 02138",174-27,Barcelona Wine Bar,3-203.12,"Shellstock, Maintaining Identification (Pf)",2026-07-27T00:00:00.000,2026-08-03T00:00:00.000,Complete,Massachusetts Ave,1470424,42.382734,-71.119811,Missing last date sold on shellstock tags.,"{'type': 'Point', 'coordinates': [-71.119811, 42.382734]}",2026-07-28T00:00:00.000,2026-08-03T00:00:00.000,Sanitary Inspection,14704243-203.122026-07-272026-08-03Missing last date sold on shellstock tags.,2026-08-03T00:00:00.000,-0.296
1470276,"1680 Massachusetts Ave, Cambridge, MA 02138",174-31,Nirvana Restaurant,5-501.116,Cleaning Receptacles (C),2026-07-27T00:00:00.000,2026-08-03T00:00:00.000,Complete,Massachusetts Ave,1470276,42.382433,-71.119841,Grease barrel found HEAVILY soiled in grease buildup. Clean or replace barrel. Surrounding area covered in grease. Maintain.,"{'type': 'Point', 'coordinates': [-71.119841, 42.382433]}",2026-07-27T00:00:00.000,2026-08-03T00:00:00.000,Sanitary Inspection,14702765-501.116 2026-07-272026-08-03Grease barrel found HEAVILY soiled in grease buildup. Clean or replace barrel. Surrounding area covered in grease. Maintain.,2026-08-03T00:00:00.000,0.4019
1470424,"1688 Massachusetts Ave, Cambridge, MA 02138",174-27,Barcelona Wine Bar,4-601.11 (A),"Equipment, Food-Contact Surfaces, Nonfood-Contact Surfaces, and Utensils (Pf)",2026-07-27T00:00:00.000,2026-08-03T00:00:00.000,Complete,Massachusetts Ave,1470424,42.382734,-71.119811,Kegs in walk-in cooler found soiled in buildup. Shelving rack in keg walk-in cooler found soiled in buildup. Wash and sanitize regularly,"{'type': 'Point', 'coordinates': [-71.119811, 42.382734]}",2026-07-28T00:00:00.000,2026-08-03T00:00:00.000,Sanitary Inspection,14704244-601.11 (A)2026-07-272026-08-03Kegs in walk-in cooler found soiled in buildup. Shelving rack in keg walk-in cooler found soiled in buildup. Wash and sanitize regularly,2026-08-03T00:00:00.000,0.0
1470276,"1680 Massachusetts Ave, Cambridge, MA 02138",174-31,Nirvana Restaurant,6-201.11,"Floors, Walls and Ceilings-Cleanability (C)",2026-07-27T00:00:00.000,2026-08-03T00:00:00.000,Complete,Massachusetts Ave,1470276,42.382433,-71.119841,"Peeling paint observed by dishwashing area (3 bay, hand washing sink, dishwasher) more peeling observed by food prep stations. Determine issue and repair.","{'type': 'Point', 'coordinates': [-71.119841, 42.382433]}",2026-07-27T00:00:00.000,2026-08-03T00:00:00.000,Sanitary Inspection,"14702766-201.11 2026-07-272026-08-03Peeling paint observed by dishwashing area (3 bay, hand washing sink, dishwasher) more peeling observed by food prep stations. Determine issue and repair.",2026-08-03T00:00:00.000,0.4939
1470276,"1680 Massachusetts Ave, Cambridge, MA 02138",174-31,Nirvana Restaurant,6-202.15,"Outer Openings, Protected (C)",2026-07-27T00:00:00.000,2026-08-03T00:00:00.000,Complete,Massachusetts Ave,1470276,42.382433,-71.119841,Large gaps observed along the screen door at back entrance. Determine issue and repair. Repair pitted ground and/or add proper fitting door sweep and weather strips along the door.,"{'type': 'Point', 'coordinates': [-71.119841, 42.382433]}",2026-07-27T00:00:00.000,2026-08-03T00:00:00.000,Sanitary Inspection,14702766-202.15 2026-07-272026-08-03Large gaps observed along the screen door at back entrance. Determine issue and repair. Repair pitted ground and/or add proper fitting door sweep and weather strips along the door.,2026-08-03T00:00:00.000,0.0
1470424,"1688 Massachusetts Ave, Cambridge, MA 02138",174-27,Barcelona Wine Bar,5-501.115,Maintaining Refuse Areas and Enclosures(C),2026-07-27T00:00:00.000,2026-08-03T00:00:00.000,Complete,Massachusetts Ave,1470424,42.382734,-71.119811,Littered trash observed along the fence behind the dumpster. Remove,"{'type': 'Point', 'coordinates': [-71.119811, 42.382734]}",2026-07-28T00:00:00.000,2026-08-03T00:00:00.000,Sanitary Inspection,14704245-501.115 2026-07-272026-08-03Littered trash observed along the fence behind the dumpster. Remove,2026-08-03T00:00:00.000,-0.1531
1470276,"1680 Massachusetts Ave, Cambridge, MA 02138",174-31,Nirvana Restaurant,6-501.114,"Maintaining Premises, Unnecessary Items and Litter (C)",2026-07-27T00:00:00.000,2026-08-03T00:00:00.000,Complete,Massachusetts Ave,1470276,42.382433,-71.119841,"Cluttered areas observed in basement. Maintain area, remove any or all no longer used items off the premises","{'type': 'Point', 'coordinates': [-71.119841, 42.382433]}",2026-07-27T00:00:00.000,2026-08-03T00:00:00.000,Sanitary Inspection,"14702766-501.114 2026-07-272026-08-03Cluttered areas observed in basement. Maintain area, remove any or all no longer used items off the premises",2026-08-03T00:00:00.000,-0.296
1470276,"1680 Massachusetts Ave, Cambridge, MA 02138",174-31,Nirvana Restaurant,4-601.11 (A),"Equipment, Food-Contact Surfaces, Nonfood-Contact Surfaces, and Utensils (Pf)",2026-07-27T00:00:00.000,2026-08-03T00:00:00.000,Complete,Massachusetts Ave,1470276,42.382433,-71.119841,Interior of ice machine found soiled in buildup. Wash and sanitize FREQUENTLY,"{'type': 'Point', 'coordinates': [-71.119841, 42.382433]}",2026-07-27T00:00:00.000,2026-08-03T00:00:00.000,Sanitary Inspection,14702764-601.11 (A)2026-07-272026-08-03Interior of ice machine found soiled in buildup. Wash and sanitize FREQUENTLY,2026-08-03T00:00:00.000,0.0
1470276,"1680 Massachusetts Ave, Cambridge, MA 02138",174-31,Nirvana Restaurant,6-501.11,"Repairing-Premises, Structures, Attachments, and Fixtures-Methods (C)",2026-07-27T00:00:00.000,2026-08-03T00:00:00.000,Complete,Massachusetts Ave,1470276,42.382433,-71.119841,Remove plastic wrap lining the prep sink. Soiled in buildup unable to maintain and clean. Determine issue and repair,"{'type': 'Point', 'coordinates': [-71.119841, 42.382433]}",2026-07-27T00:00:00.000,2026-08-03T00:00:00.000,Sanitary Inspection,14702766-501.11 2026-07-272026-08-03Remove plastic wrap lining the prep sink. Soiled in buildup unable to maintain and clean. Determine issue and repair,2026-08-03T00:00:00.000,0.4019
1470276,"1680 Massachusetts Ave, Cambridge, MA 02138",174-31,Nirvana Restaurant,3-305.11,Food Storage-Preventing Contamination from the Premises (C),2026-07-27T00:00:00.000,2026-08-03T00:00:00.000,Complete,Massachusetts Ave,1470276,42.382433,-71.119841,uncovered containers of food found in all refrigerators. properly cover food when not in use. uncovered container of food in flip top refrigerator found with containers of food stored on top. Properly cover food before stacking,"{'type': 'Point', 'coordinates': [-71.119841, 42.382433]}",2026-07-27T00:00:00.000,2026-08-03T00:00:00.000,Sanitary Inspection,14702763-305.112026-07-272026-08-03uncovered containers of food found in all refrigerators. properly cover food when not in use. uncovered container of food in flip top refrigerator found with containers of food stored on top. Properly cover food before stacking,2026-08-03T00:00:00.000,0.3818
1469553,"1924 Massachusetts Ave, Cambridge, MA 02140",178-21,Margeaux Supper Parlor,4-601.11 (A),"Equipment, Food-Contact Surfaces, Nonfood-Contact Surfaces, and Utensils (Pf)",2026-07-23T00:00:00.000,2026-07-31T00:00:00.000,Complete,Massachusetts Ave,1469553,42.389356,-71.120246,Interior of dishwasher and dishrack soiled in buildup. Wash and sanitize daily.,"{'type': 'Point', 'coordinates': [-71.120246, 42.389356]}",2026-07-24T00:00:00.000,2026-07-31T00:00:00.000,Sanitary Inspection,14695534-601.11 (A)2026-07-232026-07-31Interior of dishwasher and dishrack soiled in buildup. Wash and sanitize daily.,2026-07-30T00:00:00.000,0.0
1469553,"1924 Massachusetts Ave, Cambridge, MA 02140",178-21,Margeaux Supper Parlor,6-501.11,"Repairing-Premises, Structures, Attachments, and Fixtures-Methods (C)",2026-07-23T00:00:00.000,2026-07-31T00:00:00.000,Complete,Massachusetts Ave,1469553,42.389356,-71.120246,Recaulking needed by 3 bay sink. remove rusting bate box underneath 3 bay sink,"{'type': 'Point', 'coordinates': [-71.120246, 42.389356]}",2026-07-24T00:00:00.000,2026-07-31T00:00:00.000,Sanitary Inspection,14695536-501.11 2026-07-232026-07-31Recaulking needed by 3 bay sink. remove rusting bate box underneath 3 bay sink,2026-07-30T00:00:00.000,0.0
1469781,"1033 Massachusetts Ave, Cambridge, MA 02138",134-59,Dominos Pizza,,,2026-07-23T00:00:00.000,2026-07-24T00:00:00.000,Complete,Massachusetts Ave,1469781,42.369706,-71.11193,,"{'type': 'Point', 'coordinates': [-71.11193, 42.369706]}",2026-07-24T00:00:00.000,2026-07-24T00:00:00.000,Sanitary Inspection,1469781nan2026-07-232026-07-24nan,,0.0
1469553,"1924 Massachusetts Ave, Cambridge, MA 02140",178-21,Margeaux Supper Parlor,3-501.16 (A)(2) and (B),"Time/Temperature Control for Safety Food, Hot and Cold Holding (P)",2026-07-23T00:00:00.000,2026-07-31T00:00:00.000,Complete,Massachusetts Ave,1469553,42.389356,-71.120246,"Single glass door refrigerator behind the bar found at 47F. Determine issue and resolve. Ice buildup observed back of unit, remove ice","{'type': 'Point', 'coordinates': [-71.120246, 42.389356]}",2026-07-24T00:00:00.000,2026-07-31T00:00:00.000,Sanitary Inspection,"14695533-501.16 (A)(2) and (B)2026-07-232026-07-31Single glass door refrigerator behind the bar found at 47F. Determine issue and resolve. Ice buildup observed back of unit, remove ice",2026-07-30T00:00:00.000,0.3818
1469777,,,Kendall Farmers Market,,,2026-07-23T00:00:00.000,2026-07-24T00:00:00.000,Complete,,1469777,,,,,2026-07-24T00:00:00.000,2026-07-24T00:00:00.000,Sanitary Inspection,1469777nan2026-07-232026-07-24nan,,0.0
1469553,"1924 Massachusetts Ave, Cambridge, MA 02140",178-21,Margeaux Supper Parlor,4-601.13,Nonfood Contact Surfaces (C),2026-07-23T00:00:00.000,2026-07-31T00:00:00.000,Complete,Massachusetts Ave,1469553,42.389356,-71.120246,Walk-in cooler Fan guard soiled in buildup,"{'type': 'Point', 'coordinates': [-71.120246, 42.389356]}",2026-07-24T00:00:00.000,2026-07-31T00:00:00.000,Sanitary Inspection,14695534-601.132026-07-232026-07-31Walk-in cooler Fan guard soiled in buildup,2026-07-30T00:00:00.000,0.3182
1469553,"1924 Massachusetts Ave, Cambridge, MA 02140",178-21,Margeaux Supper Parlor,6-501.14,"Cleaning Ventilation Systems, Nuisance and Discharge Prohibition (C)",2026-07-23T00:00:00.000,2026-07-31T00:00:00.000,Complete,Massachusetts Ave,1469553,42.389356,-71.120246,Hood due for service every 90days. Last serviced Mar 2026,"{'type': 'Point', 'coordinates': [-71.120246, 42.389356]}",2026-07-24T00:00:00.000,2026-07-31T00:00:00.000,Sanitary Inspection,14695536-501.142026-07-232026-07-31Hood due for service every 90days. Last serviced Mar 2026,2026-07-30T00:00:00.000,0.0
1469553,"1924 Massachusetts Ave, Cambridge, MA 02140",178-21,Margeaux Supper Parlor,3-305.11,Food Storage-Preventing Contamination from the Premises (C),2026-07-23T00:00:00.000,2026-07-31T00:00:00.000,Complete,Massachusetts Ave,1469553,42.389356,-71.120246,Containers of food found stored on the ground under the shelves in walk-in cooler.,"{'type': 'Point', 'coordinates': [-71.120246, 42.389356]}",2026-07-24T00:00:00.000,2026-07-31T00:00:00.000,Sanitary Inspection,14695533-305.112026-07-232026-07-31Containers of food found stored on the ground under the shelves in walk-in cooler.,2026-07-30T00:00:00.000,0.0
1469677,,,CommonCare Meals Ministry,,,2026-07-23T00:00:00.000,2026-07-23T00:00:00.000,Complete,,1469677,,,,,2026-07-23T00:00:00.000,2026-07-23T00:00:00.000,Sanitary Inspection,1469677nan2026-07-232026-07-23nan,,0.0
1469553,"1924 Massachusetts Ave, Cambridge, MA 02140",178-21,Margeaux Supper Parlor,4-601.11 (A),"Equipment, Food-Contact Surfaces, Nonfood-Contact Surfaces, and Utensils (Pf)",2026-07-23T00:00:00.000,2026-07-31T00:00:00.000,Complete,Massachusetts Ave,1469553,42.389356,-71.120246,Food slicer by pusher soiled in buildup. Thoroughly wash and sanitize between uses.,"{'type': 'Point', 'coordinates': [-71.120246, 42.389356]}",2026-07-24T00:00:00.000,2026-07-31T00:00:00.000,Sanitary Inspection,14695534-601.11 (A)2026-07-232026-07-31Food slicer by pusher soiled in buildup. Thoroughly wash and sanitize between uses.,2026-07-30T00:00:00.000,0.0
1469553,"1924 Massachusetts Ave, Cambridge, MA 02140",178-21,Margeaux Supper Parlor,3-501.16 (A)(2) and (B),"Time/Temperature Control for Safety Food, Hot and Cold Holding (P)",2026-07-23T00:00:00.000,2026-07-31T00:00:00.000,Complete,Massachusetts Ave,1469553,42.389356,-71.120246,Open top refrigerator temping over 50F. container of pineapples temped at 57F. Unit is producing an excessive amount of heat in the back of the unit. Determine issue and resolve. Advised not to use the back portion of the open top refrigerator,"{'type': 'Point', 'coordinates': [-71.120246, 42.389356]}",2026-07-24T00:00:00.000,2026-07-31T00:00:00.000,Sanitary Inspection,14695533-501.16 (A)(2) and (B)2026-07-232026-07-31Open top refrigerator temping over 50F. container of pineapples temped at 57F. Unit is producing an excessive amount of heat in the back of the unit. Determine issue and resolve. Advised not to use the back portion of the open top refrigerator,2026-07-30T00:00:00.000,0.6369
1469709,,,Special Events Meeting,,,2026-07-23T00:00:00.000,2026-07-23T00:00:00.000,Complete,,1469709,,,,,2026-07-23T00:00:00.000,2026-07-23T00:00:00.000,Sanitary Inspection,1469709nan2026-07-232026-07-23nan,,0.0
1469299,"1706 Massachusetts Ave, Cambridge, MA 02138",174-73,Harvard House of Pizza,5-502.11,Frequency-Removal (C),2026-07-22T00:00:00.000,2026-07-30T00:00:00.000,Complete,Massachusetts Ave,1469299,42.383305,-71.119762,Trash area by totes found littered with trash and fallen leave. Remove and maintain area,"{'type': 'Point', 'coordinates': [-71.119762, 42.383305]}",2026-07-22T00:00:00.000,2026-07-30T00:00:00.000,Sanitary Inspection,14692995-502.11 2026-07-222026-07-30Trash area by totes found littered with trash and fallen leave. Remove and maintain area,2026-07-29T00:00:00.000,-0.4019
1469309,"1712 Massachusetts Ave, Cambridge, MA 02138",175-84,ChangSho Restaurant,3-501.16 (A)(2) and (B),"Time/Temperature Control for Safety Food, Hot and Cold Holding (P)",2026-07-22T00:00:00.000,2026-07-30T00:00:00.000,Complete,Massachusetts Ave,1469309,42.383524,-71.119732,Both flip top refrigerators found between 46-47F. Determine issue and resolve units should maintain 41F and below,"{'type': 'Point', 'coordinates': [-71.119732, 42.383524]}",2026-07-22T00:00:00.000,2026-07-30T00:00:00.000,Sanitary Inspection,14693093-501.16 (A)(2) and (B)2026-07-222026-07-30Both flip top refrigerators found between 46-47F. Determine issue and resolve units should maintain 41F and below,2026-07-29T00:00:00.000,0.5267
1469309,"1712 Massachusetts Ave, Cambridge, MA 02138",175-84,ChangSho Restaurant,6-201.11,"Floors, Walls and Ceilings-Cleanability (C)",2026-07-22T00:00:00.000,2026-07-30T00:00:00.000,Complete,Massachusetts Ave,1469309,42.383524,-71.119732,Remove peelable sticker at cookline. Found peeling and damaged,"{'type': 'Point', 'coordinates': [-71.119732, 42.383524]}",2026-07-22T00:00:00.000,2026-07-30T00:00:00.000,Sanitary Inspection,14693096-201.11 2026-07-222026-07-30Remove peelable sticker at cookline. Found peeling and damaged,2026-07-29T00:00:00.000,-0.4404
1469309,"1712 Massachusetts Ave, Cambridge, MA 02138",175-84,ChangSho Restaurant,6-301.14,Handwashing Signage (C),2026-07-22T00:00:00.000,2026-07-30T00:00:00.000,Complete,Massachusetts Ave,1469309,42.383524,-71.119732,Hand washing signage needed at ALL hand washing sinks,"{'type': 'Point', 'coordinates': [-71.119732, 42.383524]}",2026-07-22T00:00:00.000,2026-07-30T00:00:00.000,Sanitary Inspection,14693096-301.142026-07-222026-07-30Hand washing signage needed at ALL hand washing sinks,2026-07-29T00:00:00.000,0.7506
1469299,"1706 Massachusetts Ave, Cambridge, MA 02138",174-73,Harvard House of Pizza,6-501.12,"Cleaning, Frequency and Restrictions (C)",2026-07-22T00:00:00.000,2026-07-30T00:00:00.000,Complete,Massachusetts Ave,1469299,42.383305,-71.119762,Staircase to the basement soiled in buildup. Maintain back entrance. Properly hand all Mops and brooms when not in use.,"{'type': 'Point', 'coordinates': [-71.119762, 42.383305]}",2026-07-22T00:00:00.000,2026-07-30T00:00:00.000,Sanitary Inspection,14692996-501.12 2026-07-222026-07-30Staircase to the basement soiled in buildup. Maintain back entrance. Properly hand all Mops and brooms when not in use.,2026-07-29T00:00:00.000,0.4939
1469309,"1712 Massachusetts Ave, Cambridge, MA 02138",175-84,ChangSho Restaurant,6-501.12,"Cleaning, Frequency and Restrictions (C)",2026-07-22T00:00:00.000,2026-07-30T00:00:00.000,Complete,Massachusetts Ave,1469309,42.383524,-71.119732,Smelly odor coming from indoor trash area. Flooring and dumpster found soiled. Maintain area DAILY. Back door to trash area needs to be closed at all times when not use. 7/29 maintain trash area daily.,"{'type': 'Point', 'coordinates': [-71.119732, 42.383524]}",2026-07-22T00:00:00.000,2026-07-30T00:00:00.000,Sanitary Inspection,14693096-501.12 2026-07-222026-07-30Smelly odor coming from indoor trash area. Flooring and dumpster found soiled. Maintain area DAILY. Back door to trash area needs to be closed at all times when not use. 7/29 maintain trash area daily.,2026-07-29T00:00:00.000,-0.1531
1469299,"1706 Massachusetts Ave, Cambridge, MA 02138",174-73,Harvard House of Pizza,6-501.114,"Maintaining Premises, Unnecessary Items and Litter (C)",2026-07-22T00:00:00.000,2026-07-30T00:00:00.000,Complete,Massachusetts Ave,1469299,42.383305,-71.119762,Basement found cluttered in certain areas. Remove any or all no longer in use items off the premise. Remove items off the wall and floor in basement.,"{'type': 'Point', 'coordinates': [-71.119762, 42.383305]}",2026-07-22T00:00:00.000,2026-07-30T00:00:00.000,Sanitary Inspection,14692996-501.114 2026-07-222026-07-30Basement found cluttered in certain areas. Remove any or all no longer in use items off the premise. Remove items off the wall and floor in basement.,2026-07-29T00:00:00.000,-0.0258
1469309,"1712 Massachusetts Ave, Cambridge, MA 02138",175-84,ChangSho Restaurant,6-501.111,"Controlling Pests (Pf, C)",2026-07-22T00:00:00.000,2026-07-30T00:00:00.000,Complete,Massachusetts Ave,1469309,42.383524,-71.119732,Mice droppings observed all the wall and lower shelves in kitchen area and basement. Remove droppings and provide 3 months of extermination reports.,"{'type': 'Point', 'coordinates': [-71.119732, 42.383524]}",2026-07-22T00:00:00.000,2026-07-30T00:00:00.000,Sanitary Inspection,14693096-501.1112026-07-222026-07-30Mice droppings observed all the wall and lower shelves in kitchen area and basement. Remove droppings and provide 3 months of extermination reports.,2026-07-29T00:00:00.000,-0.296
1469299,"1706 Massachusetts Ave, Cambridge, MA 02138",174-73,Harvard House of Pizza,7-201.11,Separation – Storage (P),2026-07-22T00:00:00.000,2026-07-30T00:00:00.000,Complete,Massachusetts Ave,1469299,42.383305,-71.119762,Relocate all maintenance chemicals and tools to a designated area away from food prep areas,"{'type': 'Point', 'coordinates': [-71.119762, 42.383305]}",2026-07-22T00:00:00.000,2026-07-30T00:00:00.000,Sanitary Inspection,14692997-201.112026-07-222026-07-30Relocate all maintenance chemicals and tools to a designated area away from food prep areas,2026-07-29T00:00:00.000,0.0
1469299,"1706 Massachusetts Ave, Cambridge, MA 02138",174-73,Harvard House of Pizza,6-501.12,"Cleaning, Frequency and Restrictions (C)",2026-07-22T00:00:00.000,2026-07-30T00:00:00.000,Complete,Massachusetts Ave,1469299,42.383305,-71.119762,Grease trap in basement found soiled in buildup and surrounding area. Wash and sanitize area thoroughly,"{'type': 'Point', 'coordinates': [-71.119762, 42.383305]}",2026-07-22T00:00:00.000,2026-07-30T00:00:00.000,Sanitary Inspection,14692996-501.12 2026-07-222026-07-30Grease trap in basement found soiled in buildup and surrounding area. Wash and sanitize area thoroughly,2026-07-29T00:00:00.000,-0.3182
1469309,"1712 Massachusetts Ave, Cambridge, MA 02138",175-84,ChangSho Restaurant,6-501.12,"Cleaning, Frequency and Restrictions (C)",2026-07-22T00:00:00.000,2026-07-30T00:00:00.000,Complete,Massachusetts Ave,1469309,42.383524,-71.119732,"Flooring behind and under COOKLINE (stove, fryers, etc) equipment found HEAVILY soiled in grease buildup. Wash and sanitize regularly.","{'type': 'Point', 'coordinates': [-71.119732, 42.383524]}",2026-07-22T00:00:00.000,2026-07-30T00:00:00.000,Sanitary Inspection,"14693096-501.12 2026-07-222026-07-30Flooring behind and under COOKLINE (stove, fryers, etc) equipment found HEAVILY soiled in grease buildup. Wash and sanitize regularly.",2026-07-29T00:00:00.000,0.0
1469370,,,Cambridge Community Center,,,2026-07-22T00:00:00.000,2026-07-22T00:00:00.000,Complete,,1469370,,,,,2026-07-22T00:00:00.000,2026-07-22T00:00:00.000,Sanitary Inspection,1469370nan2026-07-222026-07-22nan,,0.0
1469299,"1706 Massachusetts Ave, Cambridge, MA 02138",174-73,Harvard House of Pizza,6-202.15,"Outer Openings, Protected (C)",2026-07-22T00:00:00.000,2026-07-30T00:00:00.000,Complete,Massachusetts Ave,1469299,42.383305,-71.119762,"Repair/fill any and all holes in flooring, walls and ceiling in basement and back kitchen.","{'type': 'Point', 'coordinates': [-71.119762, 42.383305]}",2026-07-22T00:00:00.000,2026-07-30T00:00:00.000,Sanitary Inspection,"14692996-202.15 2026-07-222026-07-30Repair/fill any and all holes in flooring, walls and ceiling in basement and back kitchen.",2026-07-29T00:00:00.000,0.0
1469309,"1712 Massachusetts Ave, Cambridge, MA 02138",175-84,ChangSho Restaurant,4-601.11 (A),"Equipment, Food-Contact Surfaces, Nonfood-Contact Surfaces, and Utensils (Pf)",2026-07-22T00:00:00.000,2026-07-30T00:00:00.000,Complete,Massachusetts Ave,1469309,42.383524,-71.119732,Interior and exterior of dishwasher found soiled in buildup. Thoroughly wash and sanitize DAILY,"{'type': 'Point', 'coordinates': [-71.119732, 42.383524]}",2026-07-22T00:00:00.000,2026-07-30T00:00:00.000,Sanitary Inspection,14693094-601.11 (A)2026-07-222026-07-30Interior and exterior of dishwasher found soiled in buildup. Thoroughly wash and sanitize DAILY,2026-07-29T00:00:00.000,0.0
1469309,"1712 Massachusetts Ave, Cambridge, MA 02138",175-84,ChangSho Restaurant,5-205.15,"System Maintained in Good Repair (P, C)",2026-07-22T00:00:00.000,2026-07-30T00:00:00.000,Complete,Massachusetts Ave,1469309,42.383524,-71.119732,A couple water leaks at different drainpipes by the dishwasher. Determine issue and repair. 7/29 plumbing work scheduled,"{'type': 'Point', 'coordinates': [-71.119732, 42.383524]}",2026-07-22T00:00:00.000,2026-07-30T00:00:00.000,Sanitary Inspection,14693095-205.152026-07-222026-07-30A couple water leaks at different drainpipes by the dishwasher. Determine issue and repair. 7/29 plumbing work scheduled,2026-07-29T00:00:00.000,0.0
1469299,"1706 Massachusetts Ave, Cambridge, MA 02138",174-73,Harvard House of Pizza,4-601.11 (A),"Equipment, Food-Contact Surfaces, Nonfood-Contact Surfaces, and Utensils (Pf)",2026-07-22T00:00:00.000,2026-07-30T00:00:00.000,Complete,Massachusetts Ave,1469299,42.383305,-71.119762,"All refrigerator,  freezers, and Walk in shelves, floors, walls and fan guard soiled in build up","{'type': 'Point', 'coordinates': [-71.119762, 42.383305]}",2026-07-22T00:00:00.000,2026-07-30T00:00:00.000,Sanitary Inspection,"14692994-601.11 (A)2026-07-222026-07-30All refrigerator,  freezers, and Walk in shelves, floors, walls and fan guard soiled in build up",2026-07-29T00:00:00.000,0.296
1469299,"1706 Massachusetts Ave, Cambridge, MA 02138",174-73,Harvard House of Pizza,6-501.111,"Controlling Pests (Pf, C)",2026-07-22T00:00:00.000,2026-07-30T00:00:00.000,Complete,Massachusetts Ave,1469299,42.383305,-71.119762,Provide 3 months of extermination reports. Rodent droppings found throughout the basement and back kitchen. Remove immediately. Wash and sanitize areas daily.,"{'type': 'Point', 'coordinates': [-71.119762, 42.383305]}",2026-07-22T00:00:00.000,2026-07-30T00:00:00.000,Sanitary Inspection,14692996-501.1112026-07-222026-07-30Provide 3 months of extermination reports. Rodent droppings found throughout the basement and back kitchen. Remove immediately. Wash and sanitize areas daily.,2026-07-29T00:00:00.000,0.0
1469309,"1712 Massachusetts Ave, Cambridge, MA 02138",175-84,ChangSho Restaurant,4-601.11 (A),"Equipment, Food-Contact Surfaces, Nonfood-Contact Surfaces, and Utensils (Pf)",2026-07-22T00:00:00.000,2026-07-30T00:00:00.000,Complete,Massachusetts Ave,1469309,42.383524,-71.119732,"Interior of ice machine found HEAVILY soiled in buildup. Wash and sanitize regularly. Do not use , until cleaned","{'type': 'Point', 'coordinates': [-71.119732, 42.383524]}",2026-07-22T00:00:00.000,2026-07-30T00:00:00.000,Sanitary Inspection,"14693094-601.11 (A)2026-07-222026-07-30Interior of ice machine found HEAVILY soiled in buildup. Wash and sanitize regularly. Do not use , until cleaned",2026-07-29T00:00:00.000,0.0
1469309,"1712 Massachusetts Ave, Cambridge, MA 02138",175-84,ChangSho Restaurant,3-304.14,"Wiping Cloths, Use Limitation (C)",2026-07-22T00:00:00.000,2026-07-30T00:00:00.000,Complete,Massachusetts Ave,1469309,42.383524,-71.119732,"No sanitizer buckets or spray bottles made. Sanitizer should be made before food prep begins and switched out every few hours or frequently, depending on usage","{'type': 'Point', 'coordinates': [-71.119732, 42.383524]}",2026-07-22T00:00:00.000,2026-07-30T00:00:00.000,Sanitary Inspection,"14693093-304.14 2026-07-222026-07-30No sanitizer buckets or spray bottles made. Sanitizer should be made before food prep begins and switched out every few hours or frequently, depending on usage",2026-07-29T00:00:00.000,-0.296
1469299,"1706 Massachusetts Ave, Cambridge, MA 02138",174-73,Harvard House of Pizza,6-501.12,"Cleaning, Frequency and Restrictions (C)",2026-07-22T00:00:00.000,2026-07-30T00:00:00.000,Complete,Massachusetts Ave,1469299,42.383305,-71.119762,Kitchen flooring and walls behind and under ALL EQUIPMENT soiled in buildup.Basement flooring and walls behind and under ALL EQUIPMENT HEAVILY soiled in buildup. Wash and sanitize REGULARY,"{'type': 'Point', 'coordinates': [-71.119762, 42.383305]}",2026-07-22T00:00:00.000,2026-07-30T00:00:00.000,Sanitary Inspection,14692996-501.12 2026-07-222026-07-30Kitchen flooring and walls behind and under ALL EQUIPMENT soiled in buildup.Basement flooring and walls behind and under ALL EQUIPMENT HEAVILY soiled in buildup. Wash and sanitize REGULARY,2026-07-29T00:00:00.000,0.0
1469299,"1706 Massachusetts Ave, Cambridge, MA 02138",174-73,Harvard House of Pizza,4-601.11 (A),"Equipment, Food-Contact Surfaces, Nonfood-Contact Surfaces, and Utensils (Pf)",2026-07-22T00:00:00.000,2026-07-30T00:00:00.000,Complete,Massachusetts Ave,1469299,42.383305,-71.119762,All sinks (hand washing and 2bay sinks) soiled in build up. Wash and sanitize DAILY,"{'type': 'Point', 'coordinates': [-71.119762, 42.383305]}",2026-07-22T00:00:00.000,2026-07-30T00:00:00.000,Sanitary Inspection,14692994-601.11 (A)2026-07-222026-07-30All sinks (hand washing and 2bay sinks) soiled in build up. Wash and sanitize DAILY,2026-07-29T00:00:00.000,0.0
1469309,"1712 Massachusetts Ave, Cambridge, MA 02138",175-84,ChangSho Restaurant,4-601.11 (A),"Equipment, Food-Contact Surfaces, Nonfood-Contact Surfaces, and Utensils (Pf)",2026-07-22T00:00:00.000,2026-07-30T00:00:00.000,Complete,Massachusetts Ave,1469309,42.383524,-71.119732,"Interior of ALL Walk-in coolers, refrigerators and freezers found HEAVILY soiled in buildup on shelves, flooring, walls, ceiling, fan guards. Wash and sanitize REGULARLY","{'type': 'Point', 'coordinates': [-71.119732, 42.383524]}",2026-07-22T00:00:00.000,2026-07-30T00:00:00.000,Sanitary Inspection,"14693094-601.11 (A)2026-07-222026-07-30Interior of ALL Walk-in coolers, refrigerators and freezers found HEAVILY soiled in buildup on shelves, flooring, walls, ceiling, fan guards. Wash and sanitize REGULARLY",2026-07-29T00:00:00.000,0.296
1469299,"1706 Massachusetts Ave, Cambridge, MA 02138",174-73,Harvard House of Pizza,3-501.16 (A)(2) and (B),"Time/Temperature Control for Safety Food, Hot and Cold Holding (P)",2026-07-22T00:00:00.000,2026-07-30T00:00:00.000,Complete,Massachusetts Ave,1469299,42.383305,-71.119762,Flip top refrigerator found at 47F. Determine issue and resolve,"{'type': 'Point', 'coordinates': [-71.119762, 42.383305]}",2026-07-22T00:00:00.000,2026-07-30T00:00:00.000,Sanitary Inspection,14692993-501.16 (A)(2) and (B)2026-07-222026-07-30Flip top refrigerator found at 47F. Determine issue and resolve,2026-07-29T00:00:00.000,0.5267
1468975,"1722 Massachusetts Ave, Cambridge, MA 02138",175-75,Poke City,3-304.12,"In-Use Utensils, Between-Use Storage (C)",2026-07-21T00:00:00.000,2026-07-30T00:00:00.000,Complete,Massachusetts Ave,1468975,42.383908,-71.119687,Rice scoops found in rice warmers. Remove,"{'type': 'Point', 'coordinates': [-71.119687, 42.383908]}",2026-07-21T00:00:00.000,2026-07-30T00:00:00.000,Sanitary Inspection,14689753-304.12 2026-07-212026-07-30Rice scoops found in rice warmers. Remove,2026-07-28T00:00:00.000,0.25
1468975,"1722 Massachusetts Ave, Cambridge, MA 02138",175-75,Poke City,6-501.111,"Controlling Pests (Pf, C)",2026-07-21T00:00:00.000,2026-07-30T00:00:00.000,Complete,Massachusetts Ave,1468975,42.383908,-71.119687,Mice dropping observed on shelves by register. Remove immediately. Provide 3 months of extermination reports.Remove excess metal mesh observed in potential rodent holes.,"{'type': 'Point', 'coordinates': [-71.119687, 42.383908]}",2026-07-21T00:00:00.000,2026-07-30T00:00:00.000,Sanitary Inspection,14689756-501.1112026-07-212026-07-30Mice dropping observed on shelves by register. Remove immediately. Provide 3 months of extermination reports.Remove excess metal mesh observed in potential rodent holes.,2026-07-28T00:00:00.000,0.0
1468975,"1722 Massachusetts Ave, Cambridge, MA 02138",175-75,Poke City,8-103.12,"Conformance with Approved Procedures (P, Pf)",2026-07-21T00:00:00.000,2026-07-30T00:00:00.000,Complete,Massachusetts Ave,1468975,42.383908,-71.119687,Provide yearly sushi rice testing report,"{'type': 'Point', 'coordinates': [-71.119687, 42.383908]}",2026-07-21T00:00:00.000,2026-07-30T00:00:00.000,Sanitary Inspection,14689758-103.12 2026-07-212026-07-30Provide yearly sushi rice testing report,2026-07-28T00:00:00.000,0.0
1468975,"1722 Massachusetts Ave, Cambridge, MA 02138",175-75,Poke City,6-201.11,"Floors, Walls and Ceilings-Cleanability (C)",2026-07-21T00:00:00.000,2026-07-30T00:00:00.000,Complete,Massachusetts Ave,1468975,42.383908,-71.119687,"Wall above hand washing sink is damaged, repair. peeling and exposed dry wall.","{'type': 'Point', 'coordinates': [-71.119687, 42.383908]}",2026-07-21T00:00:00.000,2026-07-30T00:00:00.000,Sanitary Inspection,"14689756-201.11 2026-07-212026-07-30Wall above hand washing sink is damaged, repair. peeling and exposed dry wall.",2026-07-30T00:00:00.000,0.0
1468975,"1722 Massachusetts Ave, Cambridge, MA 02138",175-75,Poke City,6-501.12,"Cleaning, Frequency and Restrictions (C)",2026-07-21T00:00:00.000,2026-07-30T00:00:00.000,Complete,Massachusetts Ave,1468975,42.383908,-71.119687,Flooring around hand washing sink soiled in buildup. wash and sanitize regulary,"{'type': 'Point', 'coordinates': [-71.119687, 42.383908]}",2026-07-21T00:00:00.000,2026-07-30T00:00:00.000,Sanitary Inspection,14689756-501.12 2026-07-212026-07-30Flooring around hand washing sink soiled in buildup. wash and sanitize regulary,2026-07-30T00:00:00.000,0.4939
1468941,"1736 Massachusetts Ave, Cambridge, MA 02138",175-37,Simons Coffee House,,,2026-07-21T00:00:00.000,2026-07-21T00:00:00.000,Complete,Massachusetts Ave,1468941,42.384492,-71.119626,,"{'type': 'Point', 'coordinates': [-71.119626, 42.384492]}",2026-07-21T00:00:00.000,2026-07-21T00:00:00.000,Sanitary Inspection,1468941nan2026-07-212026-07-21nan,,0.0
1469854,"98 Winthrop St, Cambridge, MA 02138",162-18,The Red House,,,2026-07-21T00:00:00.000,2026-07-24T00:00:00.000,Complete,Winthrop St,1469854,42.372314,-71.121231,,"{'type': 'Point', 'coordinates': [-71.121231, 42.372314]}",2026-07-24T00:00:00.000,2026-07-24T00:00:00.000,Sanitary Inspection,1469854nan2026-07-212026-07-24nan,,0.0
1468607,"1668 Massachusetts Ave, Cambridge, MA 02138",174-37,RAMEN O' BOWL,4-601.11 (A),"Equipment, Food-Contact Surfaces, Nonfood-Contact Surfaces, and Utensils (Pf)",2026-07-20T00:00:00.000,2026-07-27T00:00:00.000,Complete,Massachusetts Ave,1468607,42.38202,-71.119891,Ice bin by dump sink soiled in buildup.,"{'type': 'Point', 'coordinates': [-71.119891, 42.38202]}",2026-07-20T00:00:00.000,2026-07-27T00:00:00.000,Sanitary Inspection,14686074-601.11 (A)2026-07-202026-07-27Ice bin by dump sink soiled in buildup.,2026-07-27T00:00:00.000,-0.3818
1468613,"1670 Massachusetts Ave, Cambridge, MA 02138",174-36,Nagomi Bento,5-402.12,Grease Trap (C),2026-07-20T00:00:00.000,2026-07-27T00:00:00.000,Complete,Massachusetts Ave,1468613,42.382107,-71.119882,"Foul odor coming from grease trap in basement, determine issue and resolve","{'type': 'Point', 'coordinates': [-71.119882, 42.382107]}",2026-07-20T00:00:00.000,2026-07-27T00:00:00.000,Sanitary Inspection,"14686135-402.122026-07-202026-07-27Foul odor coming from grease trap in basement, determine issue and resolve",2026-07-27T00:00:00.000,0.0772
1468607,"1668 Massachusetts Ave, Cambridge, MA 02138",174-37,RAMEN O' BOWL,6-501.18,Cleaning of Plumbing Fixtures (C),2026-07-20T00:00:00.000,2026-07-27T00:00:00.000,Complete,Massachusetts Ave,1468607,42.38202,-71.119891,"Employee bathroom, toilet, sinks and flooring soiled in buildup. Wash and sanitize DAILY.","{'type': 'Point', 'coordinates': [-71.119891, 42.38202]}",2026-07-20T00:00:00.000,2026-07-27T00:00:00.000,Sanitary Inspection,"1468607 6-501.18 2026-07-202026-07-27Employee bathroom, toilet, sinks and flooring soiled in buildup. Wash and sanitize DAILY.",2026-07-27T00:00:00.000,0.0
1468748,"99 Sherman St, Cambridge, MA 02138",264-102,Challenger Sports Cambridge,,,2026-07-20T00:00:00.000,2026-07-20T00:00:00.000,Complete,Sherman St,1468748,42.38872,-71.13318,,"{'type': 'Point', 'coordinates': [-71.13318, 42.38872]}",2026-07-20T00:00:00.000,2026-07-20T00:00:00.000,Sanitary Inspection,1468748nan2026-07-202026-07-20nan,,0.0
1468607,"1668 Massachusetts Ave, Cambridge, MA 02138",174-37,RAMEN O' BOWL,5-205.11,Using a Handwashing Sink-Operation and Maintenance (Pf),2026-07-20T00:00:00.000,2026-07-27T00:00:00.000,Complete,Massachusetts Ave,1468607,42.38202,-71.119891,Hand sink in back prep area used as storage. Removed items during inspection,"{'type': 'Point', 'coordinates': [-71.119891, 42.38202]}",2026-07-20T00:00:00.000,2026-07-27T00:00:00.000,Sanitary Inspection,14686075-205.11 2026-07-202026-07-27Hand sink in back prep area used as storage. Removed items during inspection,2026-07-27T00:00:00.000,0.4939
1468613,"1670 Massachusetts Ave, Cambridge, MA 02138",174-36,Nagomi Bento,5-103.11,Capacity-Quantity and Availability (Pf),2026-07-20T00:00:00.000,2026-07-27T00:00:00.000,Complete,Massachusetts Ave,1468613,42.382107,-71.119882,Hot water at hand sink should be 100F and 3 bay should reached and maintained at 110F.,"{'type': 'Point', 'coordinates': [-71.119882, 42.382107]}",2026-07-20T00:00:00.000,2026-07-27T00:00:00.000,Sanitary Inspection,1468613 5-103.112026-07-202026-07-27Hot water at hand sink should be 100F and 3 bay should reached and maintained at 110F.,2026-07-27T00:00:00.000,0.5574
1468613,"1670 Massachusetts Ave, Cambridge, MA 02138",174-36,Nagomi Bento,"4-903.11 (A), (B), and (D)","Equipment, Utensils, Linens and Single-Service and Single-Use Articles-Storing (C)",2026-07-20T00:00:00.000,2026-07-27T00:00:00.000,Complete,Massachusetts Ave,1468613,42.382107,-71.119882,Boxes of single service items found stored on the ground. Invert and protect to-go containers in storage.,"{'type': 'Point', 'coordinates': [-71.119882, 42.382107]}",2026-07-20T00:00:00.000,2026-07-27T00:00:00.000,Sanitary Inspection,"14686134-903.11 (A), (B), and (D)2026-07-202026-07-27Boxes of single service items found stored on the ground. Invert and protect to-go containers in storage.",2026-07-27T00:00:00.000,0.3818
1468607,"1668 Massachusetts Ave, Cambridge, MA 02138",174-37,RAMEN O' BOWL,4-601.13,Nonfood Contact Surfaces (C),2026-07-20T00:00:00.000,2026-07-27T00:00:00.000,Complete,Massachusetts Ave,1468607,42.38202,-71.119891,Cookline behind and under all equipment soiled in buildup and grease.,"{'type': 'Point', 'coordinates': [-71.119891, 42.38202]}",2026-07-20T00:00:00.000,2026-07-27T00:00:00.000,Sanitary Inspection,14686074-601.132026-07-202026-07-27Cookline behind and under all equipment soiled in buildup and grease.,2026-07-27T00:00:00.000,0.0
1468749,"4 Hudson St, Cambridge, MA 02138",174-36,4 Hudson Street Building (Nagomi Bento Trash Area),5-502.11,Frequency-Removal (C),2026-07-20T00:00:00.000,2026-07-27T00:00:00.000,Complete,Hudson St,1468749,42.382147,-71.12021,Observed several black trash bags stored on the ground by 4 Hudson St building (rite-way dry cleaners). Remove immediately.,"{'type': 'Point', 'coordinates': [-71.12021, 42.382147]}",2026-07-20T00:00:00.000,2026-07-27T00:00:00.000,Sanitary Inspection,14687495-502.11 2026-07-202026-07-27Observed several black trash bags stored on the ground by 4 Hudson St building (rite-way dry cleaners). Remove immediately.,,0.0
1468607,"1668 Massachusetts Ave, Cambridge, MA 02138",174-37,RAMEN O' BOWL,4-601.11 (A),"Equipment, Food-Contact Surfaces, Nonfood-Contact Surfaces, and Utensils (Pf)",2026-07-20T00:00:00.000,2026-07-27T00:00:00.000,Complete,Massachusetts Ave,1468607,42.38202,-71.119891,Hand sinks and 3 bay sinks found soiled in buildup wash and sanitize daily,"{'type': 'Point', 'coordinates': [-71.119891, 42.38202]}",2026-07-20T00:00:00.000,2026-07-27T00:00:00.000,Sanitary Inspection,14686074-601.11 (A)2026-07-202026-07-27Hand sinks and 3 bay sinks found soiled in buildup wash and sanitize daily,2026-07-27T00:00:00.000,0.4939
1468607,"1668 Massachusetts Ave, Cambridge, MA 02138",174-37,RAMEN O' BOWL,4-601.11 (A),"Equipment, Food-Contact Surfaces, Nonfood-Contact Surfaces, and Utensils (Pf)",2026-07-20T00:00:00.000,2026-07-27T00:00:00.000,Complete,Massachusetts Ave,1468607,42.38202,-71.119891,Countertop by kiosk and ice cream machine found soiled in buildup.,"{'type': 'Point', 'coordinates': [-71.119891, 42.38202]}",2026-07-20T00:00:00.000,2026-07-27T00:00:00.000,Sanitary Inspection,14686074-601.11 (A)2026-07-202026-07-27Countertop by kiosk and ice cream machine found soiled in buildup.,2026-07-27T00:00:00.000,0.0
1468613,"1670 Massachusetts Ave, Cambridge, MA 02138",174-36,Nagomi Bento,5-205.11,Using a Handwashing Sink-Operation and Maintenance (Pf),2026-07-20T00:00:00.000,2026-07-27T00:00:00.000,Complete,Massachusetts Ave,1468613,42.382107,-71.119882,Ginger found stored in hand washing sink. Removed during inspection,"{'type': 'Point', 'coordinates': [-71.119882, 42.382107]}",2026-07-20T00:00:00.000,2026-07-27T00:00:00.000,Sanitary Inspection,14686135-205.11 2026-07-202026-07-27Ginger found stored in hand washing sink. Removed during inspection,2026-07-27T00:00:00.000,0.4939
1468607,"1668 Massachusetts Ave, Cambridge, MA 02138",174-37,RAMEN O' BOWL,6-501.12,"Cleaning, Frequency and Restrictions (C)",2026-07-20T00:00:00.000,2026-07-27T00:00:00.000,Complete,Massachusetts Ave,1468607,42.38202,-71.119891,Flooring behind rice cooker soiled,"{'type': 'Point', 'coordinates': [-71.119891, 42.38202]}",2026-07-20T00:00:00.000,2026-07-27T00:00:00.000,Sanitary Inspection,14686076-501.12 2026-07-202026-07-27Flooring behind rice cooker soiled,2026-07-27T00:00:00.000,0.0
1468613,"1670 Massachusetts Ave, Cambridge, MA 02138",174-36,Nagomi Bento,6-501.114,"Maintaining Premises, Unnecessary Items and Litter (C)",2026-07-20T00:00:00.000,2026-07-27T00:00:00.000,Complete,Massachusetts Ave,1468613,42.382107,-71.119882,"Basement found cluttered, remove any or all no longer in use items off the premise. Items should be kept off the floor.","{'type': 'Point', 'coordinates': [-71.119882, 42.382107]}",2026-07-20T00:00:00.000,2026-07-27T00:00:00.000,Sanitary Inspection,"14686136-501.114 2026-07-202026-07-27Basement found cluttered, remove any or all no longer in use items off the premise. Items should be kept off the floor.",2026-07-27T00:00:00.000,-0.296
1468607,"1668 Massachusetts Ave, Cambridge, MA 02138",174-37,RAMEN O' BOWL,4-601.11 (A),"Equipment, Food-Contact Surfaces, Nonfood-Contact Surfaces, and Utensils (Pf)",2026-07-20T00:00:00.000,2026-07-27T00:00:00.000,Complete,Massachusetts Ave,1468607,42.38202,-71.119891,Flour mixer found soiled in buildup. Thoroughly wash and sanitize before use.,"{'type': 'Point', 'coordinates': [-71.119891, 42.38202]}",2026-07-20T00:00:00.000,2026-07-27T00:00:00.000,Sanitary Inspection,14686074-601.11 (A)2026-07-202026-07-27Flour mixer found soiled in buildup. Thoroughly wash and sanitize before use.,2026-07-27T00:00:00.000,0.0
1468613,"1670 Massachusetts Ave, Cambridge, MA 02138",174-36,Nagomi Bento,3-305.11,Food Storage-Preventing Contamination from the Premises (C),2026-07-20T00:00:00.000,2026-07-27T00:00:00.000,Complete,Massachusetts Ave,1468613,42.382107,-71.119882,Open bags of flour found observed in the basement. Properly cover when not in use.,"{'type': 'Point', 'coordinates': [-71.119882, 42.382107]}",2026-07-20T00:00:00.000,2026-07-27T00:00:00.000,Sanitary Inspection,14686133-305.112026-07-202026-07-27Open bags of flour found observed in the basement. Properly cover when not in use.,2026-07-27T00:00:00.000,0.0
1468613,"1670 Massachusetts Ave, Cambridge, MA 02138",174-36,Nagomi Bento,4-501.116,"Warewashing Equipment, Determining Chemicals Sanitizer Concentration (Pf)",2026-07-20T00:00:00.000,2026-07-27T00:00:00.000,Complete,Massachusetts Ave,1468613,42.382107,-71.119882,Sanitizer level at dishwasher found below the recommended level. Determine issue and resolve. Provide chlorine test strips,"{'type': 'Point', 'coordinates': [-71.119882, 42.382107]}",2026-07-20T00:00:00.000,2026-07-27T00:00:00.000,Sanitary Inspection,14686134-501.1162026-07-202026-07-27Sanitizer level at dishwasher found below the recommended level. Determine issue and resolve. Provide chlorine test strips,2026-07-27T00:00:00.000,0.5267
1468607,"1668 Massachusetts Ave, Cambridge, MA 02138",174-37,RAMEN O' BOWL,6-501.114,"Maintaining Premises, Unnecessary Items and Litter (C)",2026-07-20T00:00:00.000,2026-07-27T00:00:00.000,Complete,Massachusetts Ave,1468607,42.38202,-71.119891,Basement found cluttered with items. Remove any or all unused items off the premises. Remove items off the floor.,"{'type': 'Point', 'coordinates': [-71.119891, 42.38202]}",2026-07-20T00:00:00.000,2026-07-27T00:00:00.000,Sanitary Inspection,14686076-501.114 2026-07-202026-07-27Basement found cluttered with items. Remove any or all unused items off the premises. Remove items off the floor.,2026-07-27T00:00:00.000,0.0
1468607,"1668 Massachusetts Ave, Cambridge, MA 02138",174-37,RAMEN O' BOWL,6-501.18,Cleaning of Plumbing Fixtures (C),2026-07-20T00:00:00.000,2026-07-27T00:00:00.000,Complete,Massachusetts Ave,1468607,42.38202,-71.119891,"Customer bathroom toilet, hand sink, flooring, walls and changing table soiled in buildup. Wash and sanitize Daily","{'type': 'Point', 'coordinates': [-71.119891, 42.38202]}",2026-07-20T00:00:00.000,2026-07-27T00:00:00.000,Sanitary Inspection,"1468607 6-501.18 2026-07-202026-07-27Customer bathroom toilet, hand sink, flooring, walls and changing table soiled in buildup. Wash and sanitize Daily",2026-07-27T00:00:00.000,0.4939
1468607,"1668 Massachusetts Ave, Cambridge, MA 02138",174-37,RAMEN O' BOWL,6-501.16,Drying Mops(C),2026-07-20T00:00:00.000,2026-07-27T00:00:00.000,Complete,Massachusetts Ave,1468607,42.38202,-71.119891,All mops and broom should be hung when not in use. Wash and sanitize mop sink and surrounding area in basement,"{'type': 'Point', 'coordinates': [-71.119891, 42.38202]}",2026-07-20T00:00:00.000,2026-07-27T00:00:00.000,Sanitary Inspection,14686076-501.16 2026-07-202026-07-27All mops and broom should be hung when not in use. Wash and sanitize mop sink and surrounding area in basement,2026-07-27T00:00:00.000,0.0
1468208,"1 Education St, Cambridge, MA 02141",1A-105,Hult Student Lounge DBA Aramark Services Inc,,,2026-07-17T00:00:00.000,2026-07-17T00:00:00.000,Complete,Education St,1468208,42.369855,-71.070768,,"{'type': 'Point', 'coordinates': [-71.070768, 42.369855]}",2026-07-17T00:00:00.000,2026-07-17T00:00:00.000,Sanitary Inspection,1468208nan2026-07-172026-07-17nan,,0.0
1468205,"2 Education Cir, Cambridge, MA 02141",1A-172,Lingo Cafe & Bar DBA Aramark Services Inc,,,2026-07-17T00:00:00.000,2026-07-17T00:00:00.000,Complete,Education Cir,1468205,42.369697,-71.068919,,"{'type': 'Point', 'coordinates': [-71.068919, 42.369697]}",2026-07-17T00:00:00.000,2026-07-17T00:00:00.000,Sanitary Inspection,1468205nan2026-07-172026-07-17nan,,0.0
1468160,"1780 Massachusetts Ave, Cambridge, MA 02140",176-15,1780-1793 Mass Ave,5-501.18,Cleaning Implements and Supplies (C),2026-07-16T00:00:00.000,2026-07-30T00:00:00.000,Complete,Massachusetts Ave,1468160,42.385814,-71.119481,Outdoor grease barrel cover in grease and surrounding area. Grease barrel needs be thoroughly cleaned or replaced.7/23 black ruby will maintain their grease barrel.,"{'type': 'Point', 'coordinates': [-71.119481, 42.385814]}",2026-07-17T00:00:00.000,2026-07-30T00:00:00.000,Sanitary Inspection,14681605-501.182026-07-162026-07-30Outdoor grease barrel cover in grease and surrounding area. Grease barrel needs be thoroughly cleaned or replaced.7/23 black ruby will maintain their grease barrel.,2026-07-23T00:00:00.000,0.0
1468160,"1780 Massachusetts Ave, Cambridge, MA 02140",176-15,1780-1793 Mass Ave,6-202.15,"Outer Openings, Protected (C)",2026-07-16T00:00:00.000,2026-07-30T00:00:00.000,Complete,Massachusetts Ave,1468160,42.385814,-71.119481,Door sweep by back exit is damaged. Determine issue and repair.7/23 additional door sweeps needed on all doors in basement.,"{'type': 'Point', 'coordinates': [-71.119481, 42.385814]}",2026-07-17T00:00:00.000,2026-07-30T00:00:00.000,Sanitary Inspection,14681606-202.15 2026-07-162026-07-30Door sweep by back exit is damaged. Determine issue and repair.7/23 additional door sweeps needed on all doors in basement.,2026-07-30T00:00:00.000,-0.4404
1467948,"1790 Massachusetts Ave, Cambridge, MA 02140",176-15,black ruby,"6-301.11-.12,.20","Handwashing Cleanser, Availability; Hand Drying Provision; Disposable Towels, Waste Receptacle (Pf)",2026-07-16T00:00:00.000,2026-07-30T00:00:00.000,Complete,Massachusetts Ave,1467948,42.385971,-71.119466,Hand washing sinks missing soap and paper towels.,"{'type': 'Point', 'coordinates': [-71.119466, 42.385971]}",2026-07-16T00:00:00.000,2026-07-30T00:00:00.000,Sanitary Inspection,"14679486-301.11-.12,.20 2026-07-162026-07-30Hand washing sinks missing soap and paper towels.",2026-07-23T00:00:00.000,0.25
1467948,"1790 Massachusetts Ave, Cambridge, MA 02140",176-15,black ruby,6-501.114,"Maintaining Premises, Unnecessary Items and Litter (C)",2026-07-16T00:00:00.000,2026-07-30T00:00:00.000,Complete,Massachusetts Ave,1467948,42.385971,-71.119466,"Some areas found cluttered with items. Remove any or all nonfunctional or no longer in use items off the premises. Unable to maintain area in sanitary conditions, creating areas for rodents/pest to harbor 7/23 continue to remove any or all unused items off the premises","{'type': 'Point', 'coordinates': [-71.119466, 42.385971]}",2026-07-16T00:00:00.000,2026-07-30T00:00:00.000,Sanitary Inspection,"14679486-501.114 2026-07-162026-07-30Some areas found cluttered with items. Remove any or all nonfunctional or no longer in use items off the premises. Unable to maintain area in sanitary conditions, creating areas for rodents/pest to harbor 7/23 continue to remove any or all unused items off the premises",2026-07-23T00:00:00.000,0.0
1467948,"1790 Massachusetts Ave, Cambridge, MA 02140",176-15,black ruby,4-601.11 (A),"Equipment, Food-Contact Surfaces, Nonfood-Contact Surfaces, and Utensils (Pf)",2026-07-16T00:00:00.000,2026-07-30T00:00:00.000,Complete,Massachusetts Ave,1467948,42.385971,-71.119466,Remove peelable sticker(s) off equipment the newer equipment.,"{'type': 'Point', 'coordinates': [-71.119466, 42.385971]}",2026-07-16T00:00:00.000,2026-07-30T00:00:00.000,Sanitary Inspection,14679484-601.11 (A)2026-07-162026-07-30Remove peelable sticker(s) off equipment the newer equipment.,2026-07-23T00:00:00.000,0.0
1467965,"1792 Massachusetts Ave, Cambridge, MA 02140",176-15,One Zo Bubble Tea & ZZ Dessert,6-501.12,"Cleaning, Frequency and Restrictions (C)",2026-07-16T00:00:00.000,2026-07-30T00:00:00.000,Complete,Massachusetts Ave,1467965,42.386014,-71.119458,Flooring and walls behind and under ALL equipment found heavily soiled in buildup. Wash and sanitize area regularly,"{'type': 'Point', 'coordinates': [-71.119458, 42.386014]}",2026-07-16T00:00:00.000,2026-07-30T00:00:00.000,Sanitary Inspection,14679656-501.12 2026-07-162026-07-30Flooring and walls behind and under ALL equipment found heavily soiled in buildup. Wash and sanitize area regularly,2026-07-30T00:00:00.000,0.0
1467938,"1782 Massachusetts Ave, Cambridge, MA 02140",176-15,Violette Bakers,4-601.11 (A),"Equipment, Food-Contact Surfaces, Nonfood-Contact Surfaces, and Utensils (Pf)",2026-07-16T00:00:00.000,2026-07-22T00:00:00.000,Complete,Massachusetts Ave,1467938,42.385896,-71.119471,Rolling sheet racks found soiled in buildup. Thoroughly wash and sanitize DAILY.,"{'type': 'Point', 'coordinates': [-71.119471, 42.385896]}",2026-07-16T00:00:00.000,2026-07-22T00:00:00.000,Sanitary Inspection,14679384-601.11 (A)2026-07-162026-07-22Rolling sheet racks found soiled in buildup. Thoroughly wash and sanitize DAILY.,2026-07-22T00:00:00.000,0.0
1467938,"1782 Massachusetts Ave, Cambridge, MA 02140",176-15,Violette Bakers,3-305.11,Food Storage-Preventing Contamination from the Premises (C),2026-07-16T00:00:00.000,2026-07-22T00:00:00.000,Complete,Massachusetts Ave,1467938,42.385896,-71.119471,Open bags of rice and seasoning observed in dry storage. Properly close or contain food items after use.,"{'type': 'Point', 'coordinates': [-71.119471, 42.385896]}",2026-07-16T00:00:00.000,2026-07-22T00:00:00.000,Sanitary Inspection,14679383-305.112026-07-162026-07-22Open bags of rice and seasoning observed in dry storage. Properly close or contain food items after use.,2026-07-22T00:00:00.000,0.0
1467938,"1782 Massachusetts Ave, Cambridge, MA 02140",176-15,Violette Bakers,6-501.111,"Controlling Pests (Pf, C)",2026-07-16T00:00:00.000,2026-07-22T00:00:00.000,Complete,Massachusetts Ave,1467938,42.385896,-71.119471,Mice droppings observed by 3 bay sink. Remove. Provide 3 months of extermination reports.,"{'type': 'Point', 'coordinates': [-71.119471, 42.385896]}",2026-07-16T00:00:00.000,2026-07-22T00:00:00.000,Sanitary Inspection,14679386-501.1112026-07-162026-07-22Mice droppings observed by 3 bay sink. Remove. Provide 3 months of extermination reports.,2026-07-22T00:00:00.000,0.0
1467948,"1790 Massachusetts Ave, Cambridge, MA 02140",176-15,black ruby,4-601.13,Nonfood Contact Surfaces (C),2026-07-16T00:00:00.000,2026-07-30T00:00:00.000,Complete,Massachusetts Ave,1467948,42.385971,-71.119466,Flooring and wall behind cook line found HEAVILY soiled in grease buildup. Remove grease and maintain area. 7/23 flooring still soiled in buildup,"{'type': 'Point', 'coordinates': [-71.119466, 42.385971]}",2026-07-16T00:00:00.000,2026-07-30T00:00:00.000,Sanitary Inspection,14679484-601.132026-07-162026-07-30Flooring and wall behind cook line found HEAVILY soiled in grease buildup. Remove grease and maintain area. 7/23 flooring still soiled in buildup,2026-07-30T00:00:00.000,0.0
1467965,"1792 Massachusetts Ave, Cambridge, MA 02140",176-15,One Zo Bubble Tea & ZZ Dessert,4-601.11 (A),"Equipment, Food-Contact Surfaces, Nonfood-Contact Surfaces, and Utensils (Pf)",2026-07-16T00:00:00.000,2026-07-30T00:00:00.000,Complete,Massachusetts Ave,1467965,42.386014,-71.119458,Interior of ice machine found soiled in buildup. Thoroughly wash and sanitize regularly.,"{'type': 'Point', 'coordinates': [-71.119458, 42.386014]}",2026-07-16T00:00:00.000,2026-07-30T00:00:00.000,Sanitary Inspection,14679654-601.11 (A)2026-07-162026-07-30Interior of ice machine found soiled in buildup. Thoroughly wash and sanitize regularly.,2026-07-23T00:00:00.000,0.0
1468160,"1780 Massachusetts Ave, Cambridge, MA 02140",176-15,1780-1793 Mass Ave,6-202.15,"Outer Openings, Protected (C)",2026-07-16T00:00:00.000,2026-07-30T00:00:00.000,Complete,Massachusetts Ave,1468160,42.385814,-71.119481,Possible rodent burrow found under the gas meter by back area. Properly seal off area.7/23 rodent burrow found in wall behind black ruby's back door. The wall is needing repair.,"{'type': 'Point', 'coordinates': [-71.119481, 42.385814]}",2026-07-17T00:00:00.000,2026-07-30T00:00:00.000,Sanitary Inspection,14681606-202.15 2026-07-162026-07-30Possible rodent burrow found under the gas meter by back area. Properly seal off area.7/23 rodent burrow found in wall behind black ruby's back door. The wall is needing repair.,2026-07-30T00:00:00.000,0.0
1467965,"1792 Massachusetts Ave, Cambridge, MA 02140",176-15,One Zo Bubble Tea & ZZ Dessert,6-501.111,"Controlling Pests (Pf, C)",2026-07-16T00:00:00.000,2026-07-30T00:00:00.000,Complete,Massachusetts Ave,1467965,42.386014,-71.119458,Provide 3 months of extermination reports.,"{'type': 'Point', 'coordinates': [-71.119458, 42.386014]}",2026-07-16T00:00:00.000,2026-07-30T00:00:00.000,Sanitary Inspection,14679656-501.1112026-07-162026-07-30Provide 3 months of extermination reports.,2026-07-30T00:00:00.000,0.0
1467948,"1790 Massachusetts Ave, Cambridge, MA 02140",176-15,black ruby,5-501.116,Cleaning Receptacles (C),2026-07-16T00:00:00.000,2026-07-30T00:00:00.000,Complete,Massachusetts Ave,1467948,42.385971,-71.119466,"Outdoor Grease barrel soiled in grease and surrounding area, maintain area.","{'type': 'Point', 'coordinates': [-71.119466, 42.385971]}",2026-07-16T00:00:00.000,2026-07-30T00:00:00.000,Sanitary Inspection,"14679485-501.116 2026-07-162026-07-30Outdoor Grease barrel soiled in grease and surrounding area, maintain area.",2026-07-23T00:00:00.000,0.0
1467948,"1790 Massachusetts Ave, Cambridge, MA 02140",176-15,black ruby,4-601.13,Nonfood Contact Surfaces (C),2026-07-16T00:00:00.000,2026-07-30T00:00:00.000,Complete,Massachusetts Ave,1467948,42.385971,-71.119466,"Walk-in flooring, walls, fan guards, and shelves found soiled in buildup7/23 scheduled for cleaning","{'type': 'Point', 'coordinates': [-71.119466, 42.385971]}",2026-07-16T00:00:00.000,2026-07-30T00:00:00.000,Sanitary Inspection,"14679484-601.132026-07-162026-07-30Walk-in flooring, walls, fan guards, and shelves found soiled in buildup7/23 scheduled for cleaning",2026-07-23T00:00:00.000,0.3182
1467965,"1792 Massachusetts Ave, Cambridge, MA 02140",176-15,One Zo Bubble Tea & ZZ Dessert,"6-301.11-.12,.20","Handwashing Cleanser, Availability; Hand Drying Provision; Disposable Towels, Waste Receptacle (Pf)",2026-07-16T00:00:00.000,2026-07-30T00:00:00.000,Complete,Massachusetts Ave,1467965,42.386014,-71.119458,No soap or paper towels supplied at all hand-washing sink. 2 trash bins found blocking access to hand washing sink. Relocate one.,"{'type': 'Point', 'coordinates': [-71.119458, 42.386014]}",2026-07-16T00:00:00.000,2026-07-30T00:00:00.000,Sanitary Inspection,"14679656-301.11-.12,.20 2026-07-162026-07-30No soap or paper towels supplied at all hand-washing sink. 2 trash bins found blocking access to hand washing sink. Relocate one.",2026-07-23T00:00:00.000,-0.1531
1467965,"1792 Massachusetts Ave, Cambridge, MA 02140",176-15,One Zo Bubble Tea & ZZ Dessert,6-303.11,Intensity-Lighting (C),2026-07-16T00:00:00.000,2026-07-30T00:00:00.000,Complete,Massachusetts Ave,1467965,42.386014,-71.119458,No light in employee bathroom. Determine issue and resolve. 7/30 waiting on repairs,"{'type': 'Point', 'coordinates': [-71.119458, 42.386014]}",2026-07-16T00:00:00.000,2026-07-30T00:00:00.000,Sanitary Inspection,14679656-303.11 2026-07-162026-07-30No light in employee bathroom. Determine issue and resolve. 7/30 waiting on repairs,,0.1027
1467965,"1792 Massachusetts Ave, Cambridge, MA 02140",176-15,One Zo Bubble Tea & ZZ Dessert,4-601.11 (A),"Equipment, Food-Contact Surfaces, Nonfood-Contact Surfaces, and Utensils (Pf)",2026-07-16T00:00:00.000,2026-07-30T00:00:00.000,Complete,Massachusetts Ave,1467965,42.386014,-71.119458,All sinks found soiled in buildup. Thoroughly wash and sanitize daily,"{'type': 'Point', 'coordinates': [-71.119458, 42.386014]}",2026-07-16T00:00:00.000,2026-07-30T00:00:00.000,Sanitary Inspection,14679654-601.11 (A)2026-07-162026-07-30All sinks found soiled in buildup. Thoroughly wash and sanitize daily,2026-07-30T00:00:00.000,0.0
1467938,"1782 Massachusetts Ave, Cambridge, MA 02140",176-15,Violette Bakers,4-601.11 (A),"Equipment, Food-Contact Surfaces, Nonfood-Contact Surfaces, and Utensils (Pf)",2026-07-16T00:00:00.000,2026-07-22T00:00:00.000,Complete,Massachusetts Ave,1467938,42.385896,-71.119471,Interior of 2 dr refrigerator walls and shelves found soiled in buildup. Thoroughly wash and sanitize regularly.,"{'type': 'Point', 'coordinates': [-71.119471, 42.385896]}",2026-07-16T00:00:00.000,2026-07-22T00:00:00.000,Sanitary Inspection,14679384-601.11 (A)2026-07-162026-07-22Interior of 2 dr refrigerator walls and shelves found soiled in buildup. Thoroughly wash and sanitize regularly.,2026-07-22T00:00:00.000,0.0
1467948,"1790 Massachusetts Ave, Cambridge, MA 02140",176-15,black ruby,4-302.14,"Sanitizing Solutions, Testing Devices (Pf)",2026-07-16T00:00:00.000,2026-07-30T00:00:00.000,Complete,Massachusetts Ave,1467948,42.385971,-71.119466,No sanitizer bucket(s) made. Sanitizer should be made before food prep begins.,"{'type': 'Point', 'coordinates': [-71.119466, 42.385971]}",2026-07-16T00:00:00.000,2026-07-30T00:00:00.000,Sanitary Inspection,14679484-302.14 2026-07-162026-07-30No sanitizer bucket(s) made. Sanitizer should be made before food prep begins.,2026-07-23T00:00:00.000,-0.296
1467948,"1790 Massachusetts Ave, Cambridge, MA 02140",176-15,black ruby,3-305.11,Food Storage-Preventing Contamination from the Premises (C),2026-07-16T00:00:00.000,2026-07-30T00:00:00.000,Complete,Massachusetts Ave,1467948,42.385971,-71.119466,Boxes of food found stored on the ground in walk-in cooler.,"{'type': 'Point', 'coordinates': [-71.119466, 42.385971]}",2026-07-16T00:00:00.000,2026-07-30T00:00:00.000,Sanitary Inspection,14679483-305.112026-07-162026-07-30Boxes of food found stored on the ground in walk-in cooler.,2026-07-23T00:00:00.000,0.0
1467965,"1792 Massachusetts Ave, Cambridge, MA 02140",176-15,One Zo Bubble Tea & ZZ Dessert,6-501.18,Cleaning of Plumbing Fixtures (C),2026-07-16T00:00:00.000,2026-07-30T00:00:00.000,Complete,Massachusetts Ave,1467965,42.386014,-71.119458,"Bathroom toilet, hand sink, walls and flooring found HEAVILY soiled in buildup. Maintain area DAILY7/23 toilet flooring and sink still soiled in buildup. thoroughly wash and sanitize DAILY","{'type': 'Point', 'coordinates': [-71.119458, 42.386014]}",2026-07-16T00:00:00.000,2026-07-30T00:00:00.000,Sanitary Inspection,"1467965 6-501.18 2026-07-162026-07-30Bathroom toilet, hand sink, walls and flooring found HEAVILY soiled in buildup. Maintain area DAILY7/23 toilet flooring and sink still soiled in buildup. thoroughly wash and sanitize DAILY",2026-07-30T00:00:00.000,0.4939
1467965,"1792 Massachusetts Ave, Cambridge, MA 02140",176-15,One Zo Bubble Tea & ZZ Dessert,3-304.14,"Wiping Cloths, Use Limitation (C)",2026-07-16T00:00:00.000,2026-07-30T00:00:00.000,Complete,Massachusetts Ave,1467965,42.386014,-71.119458,No sanitizer buckets or spray bottles made. Sanitizer buckets need to be prepared before food prep begins.,"{'type': 'Point', 'coordinates': [-71.119458, 42.386014]}",2026-07-16T00:00:00.000,2026-07-30T00:00:00.000,Sanitary Inspection,14679653-304.14 2026-07-162026-07-30No sanitizer buckets or spray bottles made. Sanitizer buckets need to be prepared before food prep begins.,2026-07-23T00:00:00.000,-0.0772
1467948,"1790 Massachusetts Ave, Cambridge, MA 02140",176-15,black ruby,6-501.111,"Controlling Pests (Pf, C)",2026-07-16T00:00:00.000,2026-07-30T00:00:00.000,Complete,Massachusetts Ave,1467948,42.385971,-71.119466,"Rodent droppings observed on bottom shelf of prep table, remove immediately. Thoroughly clean and sanitize area daily.Provide 3 months of extermination reports7/23 several rodent entry holes observed during reinspection. Properly seal/patch up the entry holes      - 2 hole in the wall by dry storage in kitchen    - Exposed ceiling pipes in the basement dry storage room<p style","{'type': 'Point', 'coordinates': [-71.119466, 42.385971]}",2026-07-16T00:00:00.000,2026-07-30T00:00:00.000,Sanitary Inspection,"14679486-501.1112026-07-162026-07-30Rodent droppings observed on bottom shelf of prep table, remove immediately. Thoroughly clean and sanitize area daily.Provide 3 months of extermination reports7/23 several rodent entry holes observed during reinspection. Properly seal/patch up the entry holes      - 2 hole in the wall by dry storage in kitchen    - Exposed ceiling pipes in the basement dry storage room<p style",2026-07-30T00:00:00.000,0.4005
1468160,"1780 Massachusetts Ave, Cambridge, MA 02140",176-15,1780-1793 Mass Ave,6-501.111,"Controlling Pests (Pf, C)",2026-07-16T00:00:00.000,2026-07-30T00:00:00.000,Complete,Massachusetts Ave,1468160,42.385814,-71.119481,Rodent activity observed by the back exit area shared by establishments. Area needs to be properly sealed off.Rodent activity observed in the common area by black ruby's dry storage room in the basement. Mice droppings observed along the walls. Remove immediately.Provide 3 months of extermination reports.7/23 basement common area found cluttered with items. Remove any or all no longer in use items off the property. mice droppings observed behind items.,"{'type': 'Point', 'coordinates': [-71.119481, 42.385814]}",2026-07-17T00:00:00.000,2026-07-30T00:00:00.000,Sanitary Inspection,14681606-501.1112026-07-162026-07-30Rodent activity observed by the back exit area shared by establishments. Area needs to be properly sealed off.Rodent activity observed in the common area by black ruby's dry storage room in the basement. Mice droppings observed along the walls. Remove immediately.Provide 3 months of extermination reports.7/23 basement common area found cluttered with items. Remove any or all no longer in use items off the property. mice droppings observed behind items.,2026-07-30T00:00:00.000,0.0516
1467948,"1790 Massachusetts Ave, Cambridge, MA 02140",176-15,black ruby,4-601.13,Nonfood Contact Surfaces (C),2026-07-16T00:00:00.000,2026-07-30T00:00:00.000,Complete,Massachusetts Ave,1467948,42.385971,-71.119466,Reach-in refrigerator behind bar soiled lined with wet soiled clothes bottom of fridge. Remove,"{'type': 'Point', 'coordinates': [-71.119466, 42.385971]}",2026-07-16T00:00:00.000,2026-07-30T00:00:00.000,Sanitary Inspection,14679484-601.132026-07-162026-07-30Reach-in refrigerator behind bar soiled lined with wet soiled clothes bottom of fridge. Remove,2026-07-23T00:00:00.000,0.0
1467965,"1792 Massachusetts Ave, Cambridge, MA 02140",176-15,One Zo Bubble Tea & ZZ Dessert,6-501.114,"Maintaining Premises, Unnecessary Items and Litter (C)",2026-07-16T00:00:00.000,2026-07-30T00:00:00.000,Complete,Massachusetts Ave,1467965,42.386014,-71.119458,"Areas in dry storage room, by emergency exit, and hot water tank found cluttered with items. Remove any or all no longer in use items off the premise. Unable to maintain cleanliness. Areas for rodents and pest to harbor. 7/23 Items in dry storage need to be 6 inches off the floor. Remove items off the floor.","{'type': 'Point', 'coordinates': [-71.119458, 42.386014]}",2026-07-16T00:00:00.000,2026-07-30T00:00:00.000,Sanitary Inspection,"14679656-501.114 2026-07-162026-07-30Areas in dry storage room, by emergency exit, and hot water tank found cluttered with items. Remove any or all no longer in use items off the premise. Unable to maintain cleanliness. Areas for rodents and pest to harbor. 7/23 Items in dry storage need to be 6 inches off the floor. Remove items off the floor.",2026-07-30T00:00:00.000,-0.5859
1467938,"1782 Massachusetts Ave, Cambridge, MA 02140",176-15,Violette Bakers,6-501.12,"Cleaning, Frequency and Restrictions (C)",2026-07-16T00:00:00.000,2026-07-22T00:00:00.000,Complete,Massachusetts Ave,1467938,42.385896,-71.119471,"Flooring and walls behind and under dry storage shelves, 3 bay sink, refrigerators, etc soiled in buildup. remove items off the floor","{'type': 'Point', 'coordinates': [-71.119471, 42.385896]}",2026-07-16T00:00:00.000,2026-07-22T00:00:00.000,Sanitary Inspection,"14679386-501.12 2026-07-162026-07-22Flooring and walls behind and under dry storage shelves, 3 bay sink, refrigerators, etc soiled in buildup. remove items off the floor",2026-07-22T00:00:00.000,0.0
1467965,"1792 Massachusetts Ave, Cambridge, MA 02140",176-15,One Zo Bubble Tea & ZZ Dessert,4-601.11 (A),"Equipment, Food-Contact Surfaces, Nonfood-Contact Surfaces, and Utensils (Pf)",2026-07-16T00:00:00.000,2026-07-30T00:00:00.000,Complete,Massachusetts Ave,1467965,42.386014,-71.119458,"Cabinet underneath dump sinks and ice bin found soiled in brown sticky residue. Wash and sanitize area, remove peelable sticker lining the shelves.","{'type': 'Point', 'coordinates': [-71.119458, 42.386014]}",2026-07-16T00:00:00.000,2026-07-30T00:00:00.000,Sanitary Inspection,"14679654-601.11 (A)2026-07-162026-07-30Cabinet underneath dump sinks and ice bin found soiled in brown sticky residue. Wash and sanitize area, remove peelable sticker lining the shelves.",2026-07-30T00:00:00.000,-0.3818
1467938,"1782 Massachusetts Ave, Cambridge, MA 02140",176-15,Violette Bakers,6-501.114,"Maintaining Premises, Unnecessary Items and Litter (C)",2026-07-16T00:00:00.000,2026-07-22T00:00:00.000,Complete,Massachusetts Ave,1467938,42.385896,-71.119471,Area in dry storage area found cluttered with items. Remove any or all no longer in use items off the premise. Unable to maintain cleanliness. Potential areas for rodent and pest to harbor.,"{'type': 'Point', 'coordinates': [-71.119471, 42.385896]}",2026-07-16T00:00:00.000,2026-07-22T00:00:00.000,Sanitary Inspection,14679386-501.114 2026-07-162026-07-22Area in dry storage area found cluttered with items. Remove any or all no longer in use items off the premise. Unable to maintain cleanliness. Potential areas for rodent and pest to harbor.,2026-07-22T00:00:00.000,-0.296
1467938,"1782 Massachusetts Ave, Cambridge, MA 02140",176-15,Violette Bakers,4-302.14,"Sanitizing Solutions, Testing Devices (Pf)",2026-07-16T00:00:00.000,2026-07-22T00:00:00.000,Complete,Massachusetts Ave,1467938,42.385896,-71.119471,Sanitizer found over 500ppm. QUAT test strips needed.,"{'type': 'Point', 'coordinates': [-71.119471, 42.385896]}",2026-07-16T00:00:00.000,2026-07-22T00:00:00.000,Sanitary Inspection,14679384-302.14 2026-07-162026-07-22Sanitizer found over 500ppm. QUAT test strips needed.,2026-07-22T00:00:00.000,0.0
1469331,"1702 Massachusetts Ave, Cambridge, MA 02138",174-73,Honeycomb Creamery,6-501.12,"Cleaning, Frequency and Restrictions (C)",2026-07-15T00:00:00.000,2026-08-03T00:00:00.000,Complete,Massachusetts Ave,1469331,42.383187,-71.119761,Water pooling by 3 bay sink and soiled in buildup along the wall and flooring. Maintain area daily,"{'type': 'Point', 'coordinates': [-71.119761, 42.383187]}",2026-07-22T00:00:00.000,2026-08-03T00:00:00.000,Sanitary Inspection,14693316-501.12 2026-07-152026-08-03Water pooling by 3 bay sink and soiled in buildup along the wall and flooring. Maintain area daily,2026-08-03T00:00:00.000,0.0
1469331,"1702 Massachusetts Ave, Cambridge, MA 02138",174-73,Honeycomb Creamery,4-601.11 (A),"Equipment, Food-Contact Surfaces, Nonfood-Contact Surfaces, and Utensils (Pf)",2026-07-15T00:00:00.000,2026-08-03T00:00:00.000,Complete,Massachusetts Ave,1469331,42.383187,-71.119761,"Interior and exterior of refrigerators and freezers found soiled in buildup. Doors, handles, shelves, base, and walls","{'type': 'Point', 'coordinates': [-71.119761, 42.383187]}",2026-07-22T00:00:00.000,2026-08-03T00:00:00.000,Sanitary Inspection,"14693314-601.11 (A)2026-07-152026-08-03Interior and exterior of refrigerators and freezers found soiled in buildup. Doors, handles, shelves, base, and walls",2026-08-03T00:00:00.000,-0.0258
1469331,"1702 Massachusetts Ave, Cambridge, MA 02138",174-73,Honeycomb Creamery,8-301.11,Prerequisite for Operation,2026-07-15T00:00:00.000,2026-08-03T00:00:00.000,Complete,Massachusetts Ave,1469331,42.383187,-71.119761,"Operating on expired permit, renew permit7/29 food permit pending","{'type': 'Point', 'coordinates': [-71.119761, 42.383187]}",2026-07-22T00:00:00.000,2026-08-03T00:00:00.000,Sanitary Inspection,"14693318-301.112026-07-152026-08-03Operating on expired permit, renew permit7/29 food permit pending",2026-08-03T00:00:00.000,0.0
1469331,"1702 Massachusetts Ave, Cambridge, MA 02138",174-73,Honeycomb Creamery,4-601.11 (A),"Equipment, Food-Contact Surfaces, Nonfood-Contact Surfaces, and Utensils (Pf)",2026-07-15T00:00:00.000,2026-08-03T00:00:00.000,Complete,Massachusetts Ave,1469331,42.383187,-71.119761,Interior of ice machine soiled in buildup. Wash and sanitize regularly7/29 clean immediately,"{'type': 'Point', 'coordinates': [-71.119761, 42.383187]}",2026-07-22T00:00:00.000,2026-08-03T00:00:00.000,Sanitary Inspection,14693314-601.11 (A)2026-07-152026-08-03Interior of ice machine soiled in buildup. Wash and sanitize regularly7/29 clean immediately,2026-08-03T00:00:00.000,0.4019
1467666,"598 Massachusetts Ave, Cambridge, MA 02139",106-124,Chipotle Mexican Grill,,,2026-07-15T00:00:00.000,2026-07-27T00:00:00.000,Complete,Massachusetts Ave,1467666,42.364877,-71.10314,,"{'type': 'Point', 'coordinates': [-71.10314, 42.364877]}",2026-07-15T00:00:00.000,2026-07-27T00:00:00.000,Sanitary Inspection,1467666nan2026-07-152026-07-27nan,,0.0
1468735,"222 Jacobs St, Cambridge, MA 02141",1A-190,Fooda Inc.,,,2026-07-15T00:00:00.000,2026-07-20T00:00:00.000,Complete,Jacobs St,1468735,42.372435,-71.07445,,"{'type': 'Point', 'coordinates': [-71.07445, 42.372435]}",2026-07-20T00:00:00.000,2026-07-20T00:00:00.000,Sanitary Inspection,1468735nan2026-07-152026-07-20nan,,0.0
1469331,"1702 Massachusetts Ave, Cambridge, MA 02138",174-73,Honeycomb Creamery,6-501.111,"Controlling Pests (Pf, C)",2026-07-15T00:00:00.000,2026-08-03T00:00:00.000,Complete,Massachusetts Ave,1469331,42.383187,-71.119761,"Provide 3 months of extermination reports, remove damaged traps7/29 remove damaged traps by 3 bay sink and hand-washing sink","{'type': 'Point', 'coordinates': [-71.119761, 42.383187]}",2026-07-22T00:00:00.000,2026-08-03T00:00:00.000,Sanitary Inspection,"14693316-501.1112026-07-152026-08-03Provide 3 months of extermination reports, remove damaged traps7/29 remove damaged traps by 3 bay sink and hand-washing sink",2026-08-03T00:00:00.000,-0.7003
1467786,"222 Jacobs St, Cambridge, MA 02141",1A-190,Fooda Inc.,8-301.11,Prerequisite for Operation,2026-07-15T00:00:00.000,2026-07-15T00:00:00.000,Complete,Jacobs St,1467786,42.372435,-71.07445,Current Food Permit has expired. PIC advised they planned to renew it today.,"{'type': 'Point', 'coordinates': [-71.07445, 42.372435]}",2026-07-15T00:00:00.000,2026-07-15T00:00:00.000,Sanitary Inspection,14677868-301.112026-07-152026-07-15Current Food Permit has expired. PIC advised they planned to renew it today.,,0.0
1469331,"1702 Massachusetts Ave, Cambridge, MA 02138",174-73,Honeycomb Creamery,6-501.12,"Cleaning, Frequency and Restrictions (C)",2026-07-15T00:00:00.000,2026-08-03T00:00:00.000,Complete,Massachusetts Ave,1469331,42.383187,-71.119761,Flooring behind and under all refrigerators soiled in buildup. Wash and sanitize areas regularly,"{'type': 'Point', 'coordinates': [-71.119761, 42.383187]}",2026-07-22T00:00:00.000,2026-08-03T00:00:00.000,Sanitary Inspection,14693316-501.12 2026-07-152026-08-03Flooring behind and under all refrigerators soiled in buildup. Wash and sanitize areas regularly,2026-08-03T00:00:00.000,0.0
1467814,,,"Violeta Montessori School, INC",,,2026-07-14T00:00:00.000,2026-07-15T00:00:00.000,Complete,,1467814,,,,,2026-07-15T00:00:00.000,2026-07-15T00:00:00.000,Sanitary Inspection,1467814nan2026-07-142026-07-15nan,,0.0
1469095,,,Tasty Burger Central Square,,,2026-07-14T00:00:00.000,2026-07-23T00:00:00.000,Complete,,1469095,,,,,2026-07-21T00:00:00.000,2026-07-23T00:00:00.000,Sanitary Inspection,1469095nan2026-07-142026-07-23nan,,0.0
1467815,,,Bright Horizons @ Biogen,,,2026-07-14T00:00:00.000,2026-07-15T00:00:00.000,Complete,,1467815,,,,,2026-07-15T00:00:00.000,2026-07-15T00:00:00.000,Sanitary Inspection,1467815nan2026-07-142026-07-15nan,,0.0
1467257,,,Red Sox Baseball Camp,,,2026-07-13T00:00:00.000,2026-07-14T00:00:00.000,Complete,,1467257,,,,,2026-07-14T00:00:00.000,2026-07-14T00:00:00.000,Sanitary Inspection,1467257nan2026-07-132026-07-14nan,,0.0
1467258,,,High Level Wrestling,,,2026-07-13T00:00:00.000,2026-07-14T00:00:00.000,Complete,,1467258,,,,,2026-07-14T00:00:00.000,2026-07-14T00:00:00.000,Sanitary Inspection,1467258nan2026-07-132026-07-14nan,,0.0
1467266,,,Noodle Bar,,,2026-07-13T00:00:00.000,2026-07-14T00:00:00.000,Complete,,1467266,,,,,2026-07-14T00:00:00.000,2026-07-14T00:00:00.000,Sanitary Inspection,1467266nan2026-07-132026-07-14nan,,0.0
1466267,"1246 Massachusetts Ave, Cambridge, MA 02138",133-53,Mr Bartley's Burger Cottage,3-501.17,"Ready-To-Eat Time/Temperature Control for Safety Food, Date Marking (Pf)",2026-07-09T00:00:00.000,2026-07-16T00:00:00.000,Complete,Massachusetts Ave,1466267,42.372497,-71.116149,Missing date marking on food left over 24hours.,"{'type': 'Point', 'coordinates': [-71.116149, 42.372497]}",2026-07-09T00:00:00.000,2026-07-16T00:00:00.000,Sanitary Inspection,14662673-501.172026-07-092026-07-16Missing date marking on food left over 24hours.,2026-07-16T00:00:00.000,-0.296
1466106,"1238 Massachusetts Ave, Cambridge, MA 02138",133-52,Hong Kong Restaurant,4-601.11 (A),"Equipment, Food-Contact Surfaces, Nonfood-Contact Surfaces, and Utensils (Pf)",2026-07-09T00:00:00.000,2026-07-30T00:00:00.000,Complete,Massachusetts Ave,1466106,42.372362,-71.115943,Interior of ice machine soiled in buildup. Wash and sanitize regularly,"{'type': 'Point', 'coordinates': [-71.115943, 42.372362]}",2026-07-09T00:00:00.000,2026-07-30T00:00:00.000,Sanitary Inspection,14661064-601.11 (A)2026-07-092026-07-30Interior of ice machine soiled in buildup. Wash and sanitize regularly,2026-07-30T00:00:00.000,0.0
1466267,"1246 Massachusetts Ave, Cambridge, MA 02138",133-53,Mr Bartley's Burger Cottage,6-501.11,"Repairing-Premises, Structures, Attachments, and Fixtures-Methods (C)",2026-07-09T00:00:00.000,2026-07-16T00:00:00.000,Complete,Massachusetts Ave,1466267,42.372497,-71.116149,Leak by baker's grease tank. Determine issue and resolve.,"{'type': 'Point', 'coordinates': [-71.116149, 42.372497]}",2026-07-09T00:00:00.000,2026-07-16T00:00:00.000,Sanitary Inspection,14662676-501.11 2026-07-092026-07-16Leak by baker's grease tank. Determine issue and resolve.,2026-07-16T00:00:00.000,0.0516
1466106,"1238 Massachusetts Ave, Cambridge, MA 02138",133-52,Hong Kong Restaurant,4-601.11 (A),"Equipment, Food-Contact Surfaces, Nonfood-Contact Surfaces, and Utensils (Pf)",2026-07-09T00:00:00.000,2026-07-30T00:00:00.000,Complete,Massachusetts Ave,1466106,42.372362,-71.115943,"Soda nozzles caps and holders, ice bins, hand washing sinks, 3 bay sinks at 1st & 2nd floor bar SOILED in buildup. Soak, scrub, Wash and sanitize areas DAILY.","{'type': 'Point', 'coordinates': [-71.115943, 42.372362]}",2026-07-09T00:00:00.000,2026-07-30T00:00:00.000,Sanitary Inspection,"14661064-601.11 (A)2026-07-092026-07-30Soda nozzles caps and holders, ice bins, hand washing sinks, 3 bay sinks at 1st & 2nd floor bar SOILED in buildup. Soak, scrub, Wash and sanitize areas DAILY.",2026-07-30T00:00:00.000,0.4939
1466231,"465 Cambridge St, Cambridge, MA 02141",23-17,Dumpling Xuan,4-501.114,"Manual and Mechanical Warewashing Equipment, Chemical Sanitization-Tempeature, pH, Concentration and Hardness (P, Pf)",2026-07-09T00:00:00.000,2026-07-16T00:00:00.000,Complete,Cambridge St,1466231,42.371655,-71.083984,Sanitizer was not observed in proper range after testing it with a test strip. Get a proper sanitizer solution and ensure it is kept in proper range.,"{'type': 'Point', 'coordinates': [-71.083984, 42.371655]}",2026-07-10T00:00:00.000,2026-07-16T00:00:00.000,Sanitary Inspection,14662314-501.114 2026-07-092026-07-16Sanitizer was not observed in proper range after testing it with a test strip. Get a proper sanitizer solution and ensure it is kept in proper range.,2026-07-16T00:00:00.000,0.5994
1466363,"3 Glassworks Ave, Cambridge, MA 02141",1A-87,Passage To India,3-305.11,Food Storage-Preventing Contamination from the Premises (C),2026-07-09T00:00:00.000,2026-07-27T00:00:00.000,Complete,Glassworks Ave,1466363,42.370868,-71.075209,Food items observed stored on top of other food items in one of the flip-top coolers. Do not store items on top of other items in the flip-top for storage.,"{'type': 'Point', 'coordinates': [-71.075209, 42.370868]}",2026-07-10T00:00:00.000,2026-07-27T00:00:00.000,Sanitary Inspection,14663633-305.112026-07-092026-07-27Food items observed stored on top of other food items in one of the flip-top coolers. Do not store items on top of other items in the flip-top for storage.,2026-07-09T00:00:00.000,0.3818
1466267,"1246 Massachusetts Ave, Cambridge, MA 02138",133-53,Mr Bartley's Burger Cottage,4-601.11 (A),"Equipment, Food-Contact Surfaces, Nonfood-Contact Surfaces, and Utensils (Pf)",2026-07-09T00:00:00.000,2026-07-16T00:00:00.000,Complete,Massachusetts Ave,1466267,42.372497,-71.116149,Food buildup observed on pusher at food slicer. Wash and sanitize thoroughly in between uses,"{'type': 'Point', 'coordinates': [-71.116149, 42.372497]}",2026-07-09T00:00:00.000,2026-07-16T00:00:00.000,Sanitary Inspection,14662674-601.11 (A)2026-07-092026-07-16Food buildup observed on pusher at food slicer. Wash and sanitize thoroughly in between uses,2026-07-16T00:00:00.000,0.0
1466106,"1238 Massachusetts Ave, Cambridge, MA 02138",133-52,Hong Kong Restaurant,6-501.11,"Repairing-Premises, Structures, Attachments, and Fixtures-Methods (C)",2026-07-09T00:00:00.000,2026-07-30T00:00:00.000,Complete,Massachusetts Ave,1466106,42.372362,-71.115943,Employee bathroom found with chipping and peeling paint and rusting sink. Determine issue and repair7/30 work order placed,"{'type': 'Point', 'coordinates': [-71.115943, 42.372362]}",2026-07-09T00:00:00.000,2026-07-30T00:00:00.000,Sanitary Inspection,14661066-501.11 2026-07-092026-07-30Employee bathroom found with chipping and peeling paint and rusting sink. Determine issue and repair7/30 work order placed,2026-07-30T00:00:00.000,0.0
1466231,"465 Cambridge St, Cambridge, MA 02141",23-17,Dumpling Xuan,3-305.11,Food Storage-Preventing Contamination from the Premises (C),2026-07-09T00:00:00.000,2026-07-16T00:00:00.000,Complete,Cambridge St,1466231,42.371655,-71.083984,Food items observed stored on top of other food items in one of the flip-top coolers. Do not store items on top of other items in the flip-top for storage.,"{'type': 'Point', 'coordinates': [-71.083984, 42.371655]}",2026-07-10T00:00:00.000,2026-07-16T00:00:00.000,Sanitary Inspection,14662313-305.112026-07-092026-07-16Food items observed stored on top of other food items in one of the flip-top coolers. Do not store items on top of other items in the flip-top for storage.,2026-07-09T00:00:00.000,0.3818
1466231,"465 Cambridge St, Cambridge, MA 02141",23-17,Dumpling Xuan,4-601.11 (A),"Equipment, Food-Contact Surfaces, Nonfood-Contact Surfaces, and Utensils (Pf)",2026-07-09T00:00:00.000,2026-07-16T00:00:00.000,Complete,Cambridge St,1466231,42.371655,-71.083984,-Bulk containers observed soiled with buildup. Wash and sanitize thoroughly.-Build up observed on shelving. Clean all shelving in BOH kitchen and in the walk-in refrigerator.-Grease and debris observed on the cooking equipment. Clean the stove/ovens -Minimal build up observed inside the ice machine. Clean the interior of the ice machine.,"{'type': 'Point', 'coordinates': [-71.083984, 42.371655]}",2026-07-10T00:00:00.000,2026-07-16T00:00:00.000,Sanitary Inspection,14662314-601.11 (A)2026-07-092026-07-16-Bulk containers observed soiled with buildup. Wash and sanitize thoroughly.-Build up observed on shelving. Clean all shelving in BOH kitchen and in the walk-in refrigerator.-Grease and debris observed on the cooking equipment. Clean the stove/ovens -Minimal build up observed inside the ice machine. Clean the interior of the ice machine.,2026-07-16T00:00:00.000,0.7964
1466363,"3 Glassworks Ave, Cambridge, MA 02141",1A-87,Passage To India,4-601.11 (A),"Equipment, Food-Contact Surfaces, Nonfood-Contact Surfaces, and Utensils (Pf)",2026-07-09T00:00:00.000,2026-07-27T00:00:00.000,Complete,Glassworks Ave,1466363,42.370868,-71.075209,Grease and debris observed on the cooking equipment. Clean  to remove.,"{'type': 'Point', 'coordinates': [-71.075209, 42.370868]}",2026-07-10T00:00:00.000,2026-07-27T00:00:00.000,Sanitary Inspection,14663634-601.11 (A)2026-07-092026-07-27Grease and debris observed on the cooking equipment. Clean  to remove.,2026-07-27T00:00:00.000,0.4019
1466267,"1246 Massachusetts Ave, Cambridge, MA 02138",133-53,Mr Bartley's Burger Cottage,6-501.14,"Cleaning Ventilation Systems, Nuisance and Discharge Prohibition (C)",2026-07-09T00:00:00.000,2026-07-16T00:00:00.000,Complete,Massachusetts Ave,1466267,42.372497,-71.116149,"Hood due for service, due every 90 days. Provide hood cleaning invoice","{'type': 'Point', 'coordinates': [-71.116149, 42.372497]}",2026-07-09T00:00:00.000,2026-07-16T00:00:00.000,Sanitary Inspection,"14662676-501.142026-07-092026-07-16Hood due for service, due every 90 days. Provide hood cleaning invoice",2026-07-16T00:00:00.000,0.0
1466363,"3 Glassworks Ave, Cambridge, MA 02141",1A-87,Passage To India,3-501.16 (A)(2) and (B),"Time/Temperature Control for Safety Food, Hot and Cold Holding (P)",2026-07-09T00:00:00.000,2026-07-27T00:00:00.000,Complete,Glassworks Ave,1466363,42.370868,-71.075209,"Food items in the flip top closet to the bar area kitchen side, were not 41F or below. Do not store items on top of other items inside of the flip-top. Monitor temperatures so that they are maintained at 41F or less.","{'type': 'Point', 'coordinates': [-71.075209, 42.370868]}",2026-07-10T00:00:00.000,2026-07-27T00:00:00.000,Sanitary Inspection,"14663633-501.16 (A)(2) and (B)2026-07-092026-07-27Food items in the flip top closet to the bar area kitchen side, were not 41F or below. Do not store items on top of other items inside of the flip-top. Monitor temperatures so that they are maintained at 41F or less.",2026-07-21T00:00:00.000,0.3818
1466106,"1238 Massachusetts Ave, Cambridge, MA 02138",133-52,Hong Kong Restaurant,4-601.11 (A),"Equipment, Food-Contact Surfaces, Nonfood-Contact Surfaces, and Utensils (Pf)",2026-07-09T00:00:00.000,2026-07-30T00:00:00.000,Complete,Massachusetts Ave,1466106,42.372362,-71.115943,"Walk-in shelves, fan guards, and flooring found soiled in buildup.","{'type': 'Point', 'coordinates': [-71.115943, 42.372362]}",2026-07-09T00:00:00.000,2026-07-30T00:00:00.000,Sanitary Inspection,"14661064-601.11 (A)2026-07-092026-07-30Walk-in shelves, fan guards, and flooring found soiled in buildup.",2026-07-30T00:00:00.000,0.3182
1466106,"1238 Massachusetts Ave, Cambridge, MA 02138",133-52,Hong Kong Restaurant,6-501.12,"Cleaning, Frequency and Restrictions (C)",2026-07-09T00:00:00.000,2026-07-30T00:00:00.000,Complete,Massachusetts Ave,1466106,42.372362,-71.115943,"Flooring behind and under cookline, refrigerators, prep tables, and storage shelves in kitchen & basement prep found HEAVILY soiled in grease and other buildup. Wash and sanitize FREQUENTLY","{'type': 'Point', 'coordinates': [-71.115943, 42.372362]}",2026-07-09T00:00:00.000,2026-07-30T00:00:00.000,Sanitary Inspection,"14661066-501.12 2026-07-092026-07-30Flooring behind and under cookline, refrigerators, prep tables, and storage shelves in kitchen & basement prep found HEAVILY soiled in grease and other buildup. Wash and sanitize FREQUENTLY",2026-07-30T00:00:00.000,0.0
1466267,"1246 Massachusetts Ave, Cambridge, MA 02138",133-53,Mr Bartley's Burger Cottage,4-601.11 (A),"Equipment, Food-Contact Surfaces, Nonfood-Contact Surfaces, and Utensils (Pf)",2026-07-09T00:00:00.000,2026-07-16T00:00:00.000,Complete,Massachusetts Ave,1466267,42.372497,-71.116149,Walk-in shelves soiled in buildup.,"{'type': 'Point', 'coordinates': [-71.116149, 42.372497]}",2026-07-09T00:00:00.000,2026-07-16T00:00:00.000,Sanitary Inspection,14662674-601.11 (A)2026-07-092026-07-16Walk-in shelves soiled in buildup.,2026-07-16T00:00:00.000,0.0
1466363,"3 Glassworks Ave, Cambridge, MA 02141",1A-87,Passage To India,4-601.13,Nonfood Contact Surfaces (C),2026-07-09T00:00:00.000,2026-07-27T00:00:00.000,Complete,Glassworks Ave,1466363,42.370868,-71.075209,Flooring behind and under all equipment by the cookline observed soiled. Thoroughly wash to remove and sanitize regularly.,"{'type': 'Point', 'coordinates': [-71.075209, 42.370868]}",2026-07-10T00:00:00.000,2026-07-27T00:00:00.000,Sanitary Inspection,14663634-601.132026-07-092026-07-27Flooring behind and under all equipment by the cookline observed soiled. Thoroughly wash to remove and sanitize regularly.,2026-07-27T00:00:00.000,0.0
1466106,"1238 Massachusetts Ave, Cambridge, MA 02138",133-52,Hong Kong Restaurant,4-601.13,Nonfood Contact Surfaces (C),2026-07-09T00:00:00.000,2026-07-30T00:00:00.000,Complete,Massachusetts Ave,1466106,42.372362,-71.115943,Storage shelves in basement prep and kitchen prep found HEAVILY soiled in buildup. Wash and sanitize shelves FREQUENTLY,"{'type': 'Point', 'coordinates': [-71.115943, 42.372362]}",2026-07-09T00:00:00.000,2026-07-30T00:00:00.000,Sanitary Inspection,14661064-601.132026-07-092026-07-30Storage shelves in basement prep and kitchen prep found HEAVILY soiled in buildup. Wash and sanitize shelves FREQUENTLY,2026-07-30T00:00:00.000,0.0
1466106,"1238 Massachusetts Ave, Cambridge, MA 02138",133-52,Hong Kong Restaurant,6-501.12,"Cleaning, Frequency and Restrictions (C)",2026-07-09T00:00:00.000,2026-07-30T00:00:00.000,Complete,Massachusetts Ave,1466106,42.372362,-71.115943,Flooring underneath 2nd floor bar (underneath hand washing sinks and ice bin) found HEAVILY soiled in buildup. Wash and sanitize FREQUENTLY,"{'type': 'Point', 'coordinates': [-71.115943, 42.372362]}",2026-07-09T00:00:00.000,2026-07-30T00:00:00.000,Sanitary Inspection,14661066-501.12 2026-07-092026-07-30Flooring underneath 2nd floor bar (underneath hand washing sinks and ice bin) found HEAVILY soiled in buildup. Wash and sanitize FREQUENTLY,2026-07-30T00:00:00.000,0.4939
1466267,"1246 Massachusetts Ave, Cambridge, MA 02138",133-53,Mr Bartley's Burger Cottage,4-501.116,"Warewashing Equipment, Determining Chemicals Sanitizer Concentration (Pf)",2026-07-09T00:00:00.000,2026-07-16T00:00:00.000,Complete,Massachusetts Ave,1466267,42.372497,-71.116149,Low sanitizer at dishwasher. Check sanitizer concentration daily,"{'type': 'Point', 'coordinates': [-71.116149, 42.372497]}",2026-07-09T00:00:00.000,2026-07-16T00:00:00.000,Sanitary Inspection,14662674-501.1162026-07-092026-07-16Low sanitizer at dishwasher. Check sanitizer concentration daily,2026-07-16T00:00:00.000,-0.2732
1466106,"1238 Massachusetts Ave, Cambridge, MA 02138",133-52,Hong Kong Restaurant,6-501.18,Cleaning of Plumbing Fixtures (C),2026-07-09T00:00:00.000,2026-07-30T00:00:00.000,Complete,Massachusetts Ave,1466106,42.372362,-71.115943,"Customer bathrooms on 1st and 2nd floor bar. Toilets, walls, sinks, and flooring soiled in buildup. Wash and sanitize all bathrooms DAILY7/30 clean surround walls by the toilets","{'type': 'Point', 'coordinates': [-71.115943, 42.372362]}",2026-07-09T00:00:00.000,2026-07-30T00:00:00.000,Sanitary Inspection,"1466106 6-501.18 2026-07-092026-07-30Customer bathrooms on 1st and 2nd floor bar. Toilets, walls, sinks, and flooring soiled in buildup. Wash and sanitize all bathrooms DAILY7/30 clean surround walls by the toilets",2026-07-30T00:00:00.000,0.4019
1466267,"1246 Massachusetts Ave, Cambridge, MA 02138",133-53,Mr Bartley's Burger Cottage,3-305.11,Food Storage-Preventing Contamination from the Premises (C),2026-07-09T00:00:00.000,2026-07-16T00:00:00.000,Complete,Massachusetts Ave,1466267,42.372497,-71.116149,Large pots of soup in walk-in cooler found partially covered. Properly cover with proper fitting lid,"{'type': 'Point', 'coordinates': [-71.116149, 42.372497]}",2026-07-09T00:00:00.000,2026-07-16T00:00:00.000,Sanitary Inspection,14662673-305.112026-07-092026-07-16Large pots of soup in walk-in cooler found partially covered. Properly cover with proper fitting lid,2026-07-16T00:00:00.000,0.0
1466363,"3 Glassworks Ave, Cambridge, MA 02141",1A-87,Passage To India,4-501.114,"Manual and Mechanical Warewashing Equipment, Chemical Sanitization-Tempeature, pH, Concentration and Hardness (P, Pf)",2026-07-09T00:00:00.000,2026-07-27T00:00:00.000,Complete,Glassworks Ave,1466363,42.370868,-71.075209,Sanitizer was not observed in proper range after testing it with a test strip. Get a proper sanitizer solution and ensure it is kept in proper range.,"{'type': 'Point', 'coordinates': [-71.075209, 42.370868]}",2026-07-10T00:00:00.000,2026-07-27T00:00:00.000,Sanitary Inspection,14663634-501.114 2026-07-092026-07-27Sanitizer was not observed in proper range after testing it with a test strip. Get a proper sanitizer solution and ensure it is kept in proper range.,2026-07-21T00:00:00.000,0.5994
1466106,"1238 Massachusetts Ave, Cambridge, MA 02138",133-52,Hong Kong Restaurant,4-601.11 (A),"Equipment, Food-Contact Surfaces, Nonfood-Contact Surfaces, and Utensils (Pf)",2026-07-09T00:00:00.000,2026-07-30T00:00:00.000,Complete,Massachusetts Ave,1466106,42.372362,-71.115943,"Large mixer found soiled in buildup. Thoroughly wash and sanitize in between uses. Do not use until cleaned.7/30 not in use, until cleaned","{'type': 'Point', 'coordinates': [-71.115943, 42.372362]}",2026-07-09T00:00:00.000,2026-07-30T00:00:00.000,Sanitary Inspection,"14661064-601.11 (A)2026-07-092026-07-30Large mixer found soiled in buildup. Thoroughly wash and sanitize in between uses. Do not use until cleaned.7/30 not in use, until cleaned",2026-07-30T00:00:00.000,0.0
1466363,"3 Glassworks Ave, Cambridge, MA 02141",1A-87,Passage To India,4-301.14,"Ventilation Hood Systems, Adequacy (C)",2026-07-09T00:00:00.000,2026-07-27T00:00:00.000,Complete,Glassworks Ave,1466363,42.370868,-71.075209,Hood system to be cleaned.,"{'type': 'Point', 'coordinates': [-71.075209, 42.370868]}",2026-07-10T00:00:00.000,2026-07-27T00:00:00.000,Sanitary Inspection,14663634-301.142026-07-092026-07-27Hood system to be cleaned.,2026-07-27T00:00:00.000,0.0
1466231,"465 Cambridge St, Cambridge, MA 02141",23-17,Dumpling Xuan,4-601.13,Nonfood Contact Surfaces (C),2026-07-09T00:00:00.000,2026-07-16T00:00:00.000,Complete,Cambridge St,1466231,42.371655,-71.083984,Flooring behind and under all equipment by the cookline observed soiled. Thoroughly wash to remove and sanitize regularly.,"{'type': 'Point', 'coordinates': [-71.083984, 42.371655]}",2026-07-10T00:00:00.000,2026-07-16T00:00:00.000,Sanitary Inspection,14662314-601.132026-07-092026-07-16Flooring behind and under all equipment by the cookline observed soiled. Thoroughly wash to remove and sanitize regularly.,2026-07-16T00:00:00.000,0.0
1466267,"1246 Massachusetts Ave, Cambridge, MA 02138",133-53,Mr Bartley's Burger Cottage,6-501.111,"Controlling Pests (Pf, C)",2026-07-09T00:00:00.000,2026-07-16T00:00:00.000,Complete,Massachusetts Ave,1466267,42.372497,-71.116149,Provide 3 months of extermination reports.,"{'type': 'Point', 'coordinates': [-71.116149, 42.372497]}",2026-07-09T00:00:00.000,2026-07-16T00:00:00.000,Sanitary Inspection,14662676-501.1112026-07-092026-07-16Provide 3 months of extermination reports.,2026-07-16T00:00:00.000,0.0
1466106,"1238 Massachusetts Ave, Cambridge, MA 02138",133-52,Hong Kong Restaurant,3-501.16 (A)(2) and (B),"Time/Temperature Control for Safety Food, Hot and Cold Holding (P)",2026-07-09T00:00:00.000,2026-07-30T00:00:00.000,Complete,Massachusetts Ave,1466106,42.372362,-71.115943,2dr flip top by fryer found at 46F. Determine issue and resolve,"{'type': 'Point', 'coordinates': [-71.115943, 42.372362]}",2026-07-09T00:00:00.000,2026-07-30T00:00:00.000,Sanitary Inspection,14661063-501.16 (A)(2) and (B)2026-07-092026-07-302dr flip top by fryer found at 46F. Determine issue and resolve,2026-07-30T00:00:00.000,0.5267
1466267,"1246 Massachusetts Ave, Cambridge, MA 02138",133-53,Mr Bartley's Burger Cottage,4-601.13,Nonfood Contact Surfaces (C),2026-07-09T00:00:00.000,2026-07-16T00:00:00.000,Complete,Massachusetts Ave,1466267,42.372497,-71.116149,Wall behind and under dishwasher found soiled in buildup. Maintain area regularly.,"{'type': 'Point', 'coordinates': [-71.116149, 42.372497]}",2026-07-09T00:00:00.000,2026-07-16T00:00:00.000,Sanitary Inspection,14662674-601.132026-07-092026-07-16Wall behind and under dishwasher found soiled in buildup. Maintain area regularly.,2026-07-16T00:00:00.000,0.0
1466231,"465 Cambridge St, Cambridge, MA 02141",23-17,Dumpling Xuan,3-304.14,"Wiping Cloths, Use Limitation (C)",2026-07-09T00:00:00.000,2026-07-16T00:00:00.000,Complete,Cambridge St,1466231,42.371655,-71.083984,Damp towel observed on the counter in front of flip-top. Cloths in-use for wiping counters and other equipment must be stored in a sanitizer solution.,"{'type': 'Point', 'coordinates': [-71.083984, 42.371655]}",2026-07-10T00:00:00.000,2026-07-16T00:00:00.000,Sanitary Inspection,14662313-304.14 2026-07-092026-07-16Damp towel observed on the counter in front of flip-top. Cloths in-use for wiping counters and other equipment must be stored in a sanitizer solution.,2026-07-09T00:00:00.000,0.3182
1466106,"1238 Massachusetts Ave, Cambridge, MA 02138",133-52,Hong Kong Restaurant,6-501.18,Cleaning of Plumbing Fixtures (C),2026-07-09T00:00:00.000,2026-07-30T00:00:00.000,Complete,Massachusetts Ave,1466106,42.372362,-71.115943,"Employee toilet, flooring and hand sink found soiled in buildup. Maintain bathroom DAILY","{'type': 'Point', 'coordinates': [-71.115943, 42.372362]}",2026-07-09T00:00:00.000,2026-07-30T00:00:00.000,Sanitary Inspection,"1466106 6-501.18 2026-07-092026-07-30Employee toilet, flooring and hand sink found soiled in buildup. Maintain bathroom DAILY",2026-07-30T00:00:00.000,0.4939
1466106,"1238 Massachusetts Ave, Cambridge, MA 02138",133-52,Hong Kong Restaurant,4-601.11 (A),"Equipment, Food-Contact Surfaces, Nonfood-Contact Surfaces, and Utensils (Pf)",2026-07-09T00:00:00.000,2026-07-30T00:00:00.000,Complete,Massachusetts Ave,1466106,42.372362,-71.115943,Interior and exterior of dishwasher found soiled in buildup. Flooring and walls by the dishwasher soiled in buildup. Wash and sanitize area daily,"{'type': 'Point', 'coordinates': [-71.115943, 42.372362]}",2026-07-09T00:00:00.000,2026-07-30T00:00:00.000,Sanitary Inspection,14661064-601.11 (A)2026-07-092026-07-30Interior and exterior of dishwasher found soiled in buildup. Flooring and walls by the dishwasher soiled in buildup. Wash and sanitize area daily,2026-07-30T00:00:00.000,0.0
1465757,"1868 Massachusetts Ave, Cambridge, MA 02140",177-34,Caffe Nero,5-205.15,"System Maintained in Good Repair (P, C)",2026-07-08T00:00:00.000,2026-07-31T00:00:00.000,Complete,Massachusetts Ave,1465757,42.387879,-71.119519,"Water leaking at one of the drainpipes at the 3 bay sink, determine issue and repair.","{'type': 'Point', 'coordinates': [-71.119519, 42.387879]}",2026-07-08T00:00:00.000,2026-07-31T00:00:00.000,Sanitary Inspection,"14657575-205.152026-07-082026-07-31Water leaking at one of the drainpipes at the 3 bay sink, determine issue and repair.",2026-07-31T00:00:00.000,0.0
1465775,"1876 Massachusetts Ave, Cambridge, MA 02140",178-91,Phinista Cafe,6-501.11,"Repairing-Premises, Structures, Attachments, and Fixtures-Methods (C)",2026-07-08T00:00:00.000,2026-07-15T00:00:00.000,Complete,Massachusetts Ave,1465775,42.388239,-71.119616,HVAC (AC unit) in basement is pooling water in the unit. Determine issue and repair. Remove standing water,"{'type': 'Point', 'coordinates': [-71.119616, 42.388239]}",2026-07-09T00:00:00.000,2026-07-15T00:00:00.000,Sanitary Inspection,14657756-501.11 2026-07-082026-07-15HVAC (AC unit) in basement is pooling water in the unit. Determine issue and repair. Remove standing water,2026-07-15T00:00:00.000,0.0
1465757,"1868 Massachusetts Ave, Cambridge, MA 02140",177-34,Caffe Nero,4-601.13,Nonfood Contact Surfaces (C),2026-07-08T00:00:00.000,2026-07-31T00:00:00.000,Complete,Massachusetts Ave,1465757,42.387879,-71.119519,Walls and flooring behind register counter soiled in buildup. Thoroughly wash and sanitize regularly,"{'type': 'Point', 'coordinates': [-71.119519, 42.387879]}",2026-07-08T00:00:00.000,2026-07-31T00:00:00.000,Sanitary Inspection,14657574-601.132026-07-082026-07-31Walls and flooring behind register counter soiled in buildup. Thoroughly wash and sanitize regularly,2026-07-15T00:00:00.000,0.0
1465775,"1876 Massachusetts Ave, Cambridge, MA 02140",178-91,Phinista Cafe,4-601.13,Nonfood Contact Surfaces (C),2026-07-08T00:00:00.000,2026-07-15T00:00:00.000,Complete,Massachusetts Ave,1465775,42.388239,-71.119616,"Flooring and walls behind and under all 3 bay sink, dishwsher and ice machine in dishwashing areaFlooring and walls behind and under sandwich prep refrigerator, ovens, prep tables and dry storage shelves. Flooring and walls behind and under register and coffee counter.","{'type': 'Point', 'coordinates': [-71.119616, 42.388239]}",2026-07-09T00:00:00.000,2026-07-15T00:00:00.000,Sanitary Inspection,"14657754-601.132026-07-082026-07-15Flooring and walls behind and under all 3 bay sink, dishwsher and ice machine in dishwashing areaFlooring and walls behind and under sandwich prep refrigerator, ovens, prep tables and dry storage shelves. Flooring and walls behind and under register and coffee counter.",2026-07-15T00:00:00.000,0.0
1465720,"1796 Massachusetts Ave, Cambridge, MA 02140",176-15,Bagelsaurus,4-501.12,Cutting Surfaces (C),2026-07-08T00:00:00.000,2026-07-15T00:00:00.000,Complete,Massachusetts Ave,1465720,42.386068,-71.119452,Cutting boards at sandwich stations found heavily scratched and peeling. Determine issue and repair/replace,"{'type': 'Point', 'coordinates': [-71.119452, 42.386068]}",2026-07-08T00:00:00.000,2026-07-15T00:00:00.000,Sanitary Inspection,14657204-501.12 2026-07-082026-07-15Cutting boards at sandwich stations found heavily scratched and peeling. Determine issue and repair/replace,2026-07-15T00:00:00.000,-0.128
1465775,"1876 Massachusetts Ave, Cambridge, MA 02140",178-91,Phinista Cafe,6-501.114,"Maintaining Premises, Unnecessary Items and Litter (C)",2026-07-08T00:00:00.000,2026-07-15T00:00:00.000,Complete,Massachusetts Ave,1465775,42.388239,-71.119616,Remove any or all unnecessary items not longer in use off the premises. Basement found cluttered in certain areas.Items should be off the ground and slightly off the wall to properly clean and treat for potential rodents/pests7/15 in the process of removing items off the premises,"{'type': 'Point', 'coordinates': [-71.119616, 42.388239]}",2026-07-09T00:00:00.000,2026-07-15T00:00:00.000,Sanitary Inspection,14657756-501.114 2026-07-082026-07-15Remove any or all unnecessary items not longer in use off the premises. Basement found cluttered in certain areas.Items should be off the ground and slightly off the wall to properly clean and treat for potential rodents/pests7/15 in the process of removing items off the premises,2026-07-15T00:00:00.000,0.7579
1465775,"1876 Massachusetts Ave, Cambridge, MA 02140",178-91,Phinista Cafe,6-501.18,Cleaning of Plumbing Fixtures (C),2026-07-08T00:00:00.000,2026-07-15T00:00:00.000,Complete,Massachusetts Ave,1465775,42.388239,-71.119616,Bathroom sink and toilet soiled in buildup. Wash and sanitize daily,"{'type': 'Point', 'coordinates': [-71.119616, 42.388239]}",2026-07-09T00:00:00.000,2026-07-15T00:00:00.000,Sanitary Inspection,1465775 6-501.18 2026-07-082026-07-15Bathroom sink and toilet soiled in buildup. Wash and sanitize daily,2026-07-15T00:00:00.000,0.0
1465775,"1876 Massachusetts Ave, Cambridge, MA 02140",178-91,Phinista Cafe,4-601.11 (A),"Equipment, Food-Contact Surfaces, Nonfood-Contact Surfaces, and Utensils (Pf)",2026-07-08T00:00:00.000,2026-07-15T00:00:00.000,Complete,Massachusetts Ave,1465775,42.388239,-71.119616,"Handwashing, 3 bay and dump sink found soiled in buildup. Wash and sanitize sinks daily","{'type': 'Point', 'coordinates': [-71.119616, 42.388239]}",2026-07-09T00:00:00.000,2026-07-15T00:00:00.000,Sanitary Inspection,"14657754-601.11 (A)2026-07-082026-07-15Handwashing, 3 bay and dump sink found soiled in buildup. Wash and sanitize sinks daily",2026-07-15T00:00:00.000,-0.3818
1465775,"1876 Massachusetts Ave, Cambridge, MA 02140",178-91,Phinista Cafe,4-601.11 (A),"Equipment, Food-Contact Surfaces, Nonfood-Contact Surfaces, and Utensils (Pf)",2026-07-08T00:00:00.000,2026-07-15T00:00:00.000,Complete,Massachusetts Ave,1465775,42.388239,-71.119616,Remove peelable sticker(s) off newer equipment.,"{'type': 'Point', 'coordinates': [-71.119616, 42.388239]}",2026-07-09T00:00:00.000,2026-07-15T00:00:00.000,Sanitary Inspection,14657754-601.11 (A)2026-07-082026-07-15Remove peelable sticker(s) off newer equipment.,2026-07-15T00:00:00.000,0.0
1465757,"1868 Massachusetts Ave, Cambridge, MA 02140",177-34,Caffe Nero,5-205.15,"System Maintained in Good Repair (P, C)",2026-07-08T00:00:00.000,2026-07-31T00:00:00.000,Complete,Massachusetts Ave,1465757,42.387879,-71.119519,"Hand washing sink at back prep area leaking water at drainpipe, determine issue and repair7/15 work order has been placed waiting on repairs","{'type': 'Point', 'coordinates': [-71.119519, 42.387879]}",2026-07-08T00:00:00.000,2026-07-31T00:00:00.000,Sanitary Inspection,"14657575-205.152026-07-082026-07-31Hand washing sink at back prep area leaking water at drainpipe, determine issue and repair7/15 work order has been placed waiting on repairs",2026-07-31T00:00:00.000,0.4939
1465720,"1796 Massachusetts Ave, Cambridge, MA 02140",176-15,Bagelsaurus,6-202.15,"Outer Openings, Protected (C)",2026-07-08T00:00:00.000,2026-07-15T00:00:00.000,Complete,Massachusetts Ave,1465720,42.386068,-71.119452,"Exposed ceiling, pipes, and walls observed. Properly seal openings. Excess foam used to seal around pipes should be removed, unable to clean and maintain area. Area underneath hand washing sink and other locations. Remove excess foam.","{'type': 'Point', 'coordinates': [-71.119452, 42.386068]}",2026-07-08T00:00:00.000,2026-07-15T00:00:00.000,Sanitary Inspection,"14657206-202.15 2026-07-082026-07-15Exposed ceiling, pipes, and walls observed. Properly seal openings. Excess foam used to seal around pipes should be removed, unable to clean and maintain area. Area underneath hand washing sink and other locations. Remove excess foam.",2026-07-15T00:00:00.000,0.6808
1465757,"1868 Massachusetts Ave, Cambridge, MA 02140",177-34,Caffe Nero,4-202.16,Nonfood-Contact Surfaces (C),2026-07-08T00:00:00.000,2026-07-31T00:00:00.000,Complete,Massachusetts Ave,1465757,42.387879,-71.119519,Replace damaged splash guard by 3 bay sink.,"{'type': 'Point', 'coordinates': [-71.119519, 42.387879]}",2026-07-08T00:00:00.000,2026-07-31T00:00:00.000,Sanitary Inspection,14657574-202.16 2026-07-082026-07-31Replace damaged splash guard by 3 bay sink.,2026-07-31T00:00:00.000,-0.4404
1465757,"1868 Massachusetts Ave, Cambridge, MA 02140",177-34,Caffe Nero,4-501.116,"Warewashing Equipment, Determining Chemicals Sanitizer Concentration (Pf)",2026-07-08T00:00:00.000,2026-07-31T00:00:00.000,Complete,Massachusetts Ave,1465757,42.387879,-71.119519,Sanitizer at 3 bay found over 500ppm. Determine issue and resolve.Provide proper QUAT test strips.7/15 manually diluting sanitizer until issue is repaired,"{'type': 'Point', 'coordinates': [-71.119519, 42.387879]}",2026-07-08T00:00:00.000,2026-07-31T00:00:00.000,Sanitary Inspection,14657574-501.1162026-07-082026-07-31Sanitizer at 3 bay found over 500ppm. Determine issue and resolve.Provide proper QUAT test strips.7/15 manually diluting sanitizer until issue is repaired,2026-07-31T00:00:00.000,0.0
1465757,"1868 Massachusetts Ave, Cambridge, MA 02140",177-34,Caffe Nero,6-501.111,"Controlling Pests (Pf, C)",2026-07-08T00:00:00.000,2026-07-31T00:00:00.000,Complete,Massachusetts Ave,1465757,42.387879,-71.119519,"HEAVY fly activity noted behind the register. Fly treatment needs to be added to pest control plan.Removed all cardboard boxes from area and store items in clean, clear, and covered containers.7/15 packaged food Items placed in milk crates stored on ground. 6 inches off the ground. Provide extermination report addressing fly activity","{'type': 'Point', 'coordinates': [-71.119519, 42.387879]}",2026-07-08T00:00:00.000,2026-07-31T00:00:00.000,Sanitary Inspection,"14657576-501.1112026-07-082026-07-31HEAVY fly activity noted behind the register. Fly treatment needs to be added to pest control plan.Removed all cardboard boxes from area and store items in clean, clear, and covered containers.7/15 packaged food Items placed in milk crates stored on ground. 6 inches off the ground. Provide extermination report addressing fly activity",2026-07-31T00:00:00.000,0.6486
1465775,"1876 Massachusetts Ave, Cambridge, MA 02140",178-91,Phinista Cafe,4-601.11 (A),"Equipment, Food-Contact Surfaces, Nonfood-Contact Surfaces, and Utensils (Pf)",2026-07-08T00:00:00.000,2026-07-15T00:00:00.000,Complete,Massachusetts Ave,1465775,42.388239,-71.119616,Small floor mixer soiled in buildup. Thoroughly wash and sanitize after every use.,"{'type': 'Point', 'coordinates': [-71.119616, 42.388239]}",2026-07-09T00:00:00.000,2026-07-15T00:00:00.000,Sanitary Inspection,14657754-601.11 (A)2026-07-082026-07-15Small floor mixer soiled in buildup. Thoroughly wash and sanitize after every use.,2026-07-15T00:00:00.000,0.0
1465775,"1876 Massachusetts Ave, Cambridge, MA 02140",178-91,Phinista Cafe,"4-903.11 (A), (B), and (D)","Equipment, Utensils, Linens and Single-Service and Single-Use Articles-Storing (C)",2026-07-08T00:00:00.000,2026-07-15T00:00:00.000,Complete,Massachusetts Ave,1465775,42.388239,-71.119616,"Packaged/boxed single serve items found stored on the ground behind register, basement and food prep area. Additional dunnage racks/shelves needed at this location.","{'type': 'Point', 'coordinates': [-71.119616, 42.388239]}",2026-07-09T00:00:00.000,2026-07-15T00:00:00.000,Sanitary Inspection,"14657754-903.11 (A), (B), and (D)2026-07-082026-07-15Packaged/boxed single serve items found stored on the ground behind register, basement and food prep area. Additional dunnage racks/shelves needed at this location.",2026-07-15T00:00:00.000,0.0
1465775,"1876 Massachusetts Ave, Cambridge, MA 02140",178-91,Phinista Cafe,6-403.11,Designated Areas-Employee Accommodations for eating/drinking/smoking (C),2026-07-08T00:00:00.000,2026-07-15T00:00:00.000,Complete,Massachusetts Ave,1465775,42.388239,-71.119616,Employee drink found by active food prep area. Relocate. Provide area for employee drinks,"{'type': 'Point', 'coordinates': [-71.119616, 42.388239]}",2026-07-09T00:00:00.000,2026-07-15T00:00:00.000,Sanitary Inspection,14657756-403.11 2026-07-082026-07-15Employee drink found by active food prep area. Relocate. Provide area for employee drinks,2026-07-15T00:00:00.000,0.4019
1465757,"1868 Massachusetts Ave, Cambridge, MA 02140",177-34,Caffe Nero,4-601.13,Nonfood Contact Surfaces (C),2026-07-08T00:00:00.000,2026-07-31T00:00:00.000,Complete,Massachusetts Ave,1465757,42.387879,-71.119519,"Buildup observed at handwashing, dump and 3 bay sinks. Wash and sanitize sink daily.","{'type': 'Point', 'coordinates': [-71.119519, 42.387879]}",2026-07-08T00:00:00.000,2026-07-31T00:00:00.000,Sanitary Inspection,"14657574-601.132026-07-082026-07-31Buildup observed at handwashing, dump and 3 bay sinks. Wash and sanitize sink daily.",2026-07-31T00:00:00.000,-0.3818
1465775,"1876 Massachusetts Ave, Cambridge, MA 02140",178-91,Phinista Cafe,4-601.11 (A),"Equipment, Food-Contact Surfaces, Nonfood-Contact Surfaces, and Utensils (Pf)",2026-07-08T00:00:00.000,2026-07-15T00:00:00.000,Complete,Massachusetts Ave,1465775,42.388239,-71.119616,Interior ice machine soiled in buildup. Wash and sanitize regularly,"{'type': 'Point', 'coordinates': [-71.119616, 42.388239]}",2026-07-09T00:00:00.000,2026-07-15T00:00:00.000,Sanitary Inspection,14657754-601.11 (A)2026-07-082026-07-15Interior ice machine soiled in buildup. Wash and sanitize regularly,2026-07-15T00:00:00.000,0.0
1465775,"1876 Massachusetts Ave, Cambridge, MA 02140",178-91,Phinista Cafe,4-501.116,"Warewashing Equipment, Determining Chemicals Sanitizer Concentration (Pf)",2026-07-08T00:00:00.000,2026-07-15T00:00:00.000,Complete,Massachusetts Ave,1465775,42.388239,-71.119616,Sanitizer found over recommended concentration. Provide proper QUAT test strips.Suggest making sanitizer in sanitizer bay at the 3 bay. Switch out every 3-4 hours or as needed,"{'type': 'Point', 'coordinates': [-71.119616, 42.388239]}",2026-07-09T00:00:00.000,2026-07-15T00:00:00.000,Sanitary Inspection,14657754-501.1162026-07-082026-07-15Sanitizer found over recommended concentration. Provide proper QUAT test strips.Suggest making sanitizer in sanitizer bay at the 3 bay. Switch out every 3-4 hours or as needed,2026-07-15T00:00:00.000,0.2023
1465775,"1876 Massachusetts Ave, Cambridge, MA 02140",178-91,Phinista Cafe,6-501.12,"Cleaning, Frequency and Restrictions (C)",2026-07-08T00:00:00.000,2026-07-15T00:00:00.000,Complete,Massachusetts Ave,1465775,42.388239,-71.119616,Hallway floor leading to outside trash area found soiled in buildup. Wash and sanitize floor frequently.,"{'type': 'Point', 'coordinates': [-71.119616, 42.388239]}",2026-07-09T00:00:00.000,2026-07-15T00:00:00.000,Sanitary Inspection,14657756-501.12 2026-07-082026-07-15Hallway floor leading to outside trash area found soiled in buildup. Wash and sanitize floor frequently.,2026-07-15T00:00:00.000,0.0
1465720,"1796 Massachusetts Ave, Cambridge, MA 02140",176-15,Bagelsaurus,6-501.111,"Controlling Pests (Pf, C)",2026-07-08T00:00:00.000,2026-07-15T00:00:00.000,Complete,Massachusetts Ave,1465720,42.386068,-71.119452,"One live roach observed during inspection. Treatment plan in place, scheduled treatment for Sunday 7/12/26.","{'type': 'Point', 'coordinates': [-71.119452, 42.386068]}",2026-07-08T00:00:00.000,2026-07-15T00:00:00.000,Sanitary Inspection,"14657206-501.1112026-07-082026-07-15One live roach observed during inspection. Treatment plan in place, scheduled treatment for Sunday 7/12/26.",2026-07-15T00:00:00.000,0.0
1465775,"1876 Massachusetts Ave, Cambridge, MA 02140",178-91,Phinista Cafe,5-501.18,Cleaning Implements and Supplies (C),2026-07-08T00:00:00.000,2026-07-15T00:00:00.000,Complete,Massachusetts Ave,1465775,42.388239,-71.119616,The ground by trash barrels found soiled in buildup. Maintain area regularly.,"{'type': 'Point', 'coordinates': [-71.119616, 42.388239]}",2026-07-09T00:00:00.000,2026-07-15T00:00:00.000,Sanitary Inspection,14657755-501.182026-07-082026-07-15The ground by trash barrels found soiled in buildup. Maintain area regularly.,2026-07-15T00:00:00.000,0.0
1465757,"1868 Massachusetts Ave, Cambridge, MA 02140",177-34,Caffe Nero,6-403.11,Designated Areas-Employee Accommodations for eating/drinking/smoking (C),2026-07-08T00:00:00.000,2026-07-31T00:00:00.000,Complete,Massachusetts Ave,1465757,42.387879,-71.119519,Employee drinks and other nonfood items stored above refrigeration. Relocate,"{'type': 'Point', 'coordinates': [-71.119519, 42.387879]}",2026-07-08T00:00:00.000,2026-07-31T00:00:00.000,Sanitary Inspection,14657576-403.11 2026-07-082026-07-31Employee drinks and other nonfood items stored above refrigeration. Relocate,2026-07-15T00:00:00.000,0.0
1465757,"1868 Massachusetts Ave, Cambridge, MA 02140",177-34,Caffe Nero,3-305.11,Food Storage-Preventing Contamination from the Premises (C),2026-07-08T00:00:00.000,2026-07-31T00:00:00.000,Complete,Massachusetts Ave,1465757,42.387879,-71.119519,Uncovered containers of food found in walk-in freezer and refrigerator. Properly cover all food in refrigeration when not in use. Packaged food items found stored on the ground.,"{'type': 'Point', 'coordinates': [-71.119519, 42.387879]}",2026-07-08T00:00:00.000,2026-07-31T00:00:00.000,Sanitary Inspection,14657573-305.112026-07-082026-07-31Uncovered containers of food found in walk-in freezer and refrigerator. Properly cover all food in refrigeration when not in use. Packaged food items found stored on the ground.,2026-07-15T00:00:00.000,0.0
1465757,"1868 Massachusetts Ave, Cambridge, MA 02140",177-34,Caffe Nero,4-601.13,Nonfood Contact Surfaces (C),2026-07-08T00:00:00.000,2026-07-31T00:00:00.000,Complete,Massachusetts Ave,1465757,42.387879,-71.119519,Walls and flooring behind and under all equipment in back food prep area soiled in buildup.,"{'type': 'Point', 'coordinates': [-71.119519, 42.387879]}",2026-07-08T00:00:00.000,2026-07-31T00:00:00.000,Sanitary Inspection,14657574-601.132026-07-082026-07-31Walls and flooring behind and under all equipment in back food prep area soiled in buildup.,2026-07-15T00:00:00.000,0.0
1465775,"1876 Massachusetts Ave, Cambridge, MA 02140",178-91,Phinista Cafe,4-601.13,Nonfood Contact Surfaces (C),2026-07-08T00:00:00.000,2026-07-15T00:00:00.000,Complete,Massachusetts Ave,1465775,42.388239,-71.119616,Walk-in cooler flooring soiled in buildup. Wash and sanitize regularlyBuildup observed in the interior of some refrigerators,"{'type': 'Point', 'coordinates': [-71.119616, 42.388239]}",2026-07-09T00:00:00.000,2026-07-15T00:00:00.000,Sanitary Inspection,14657754-601.132026-07-082026-07-15Walk-in cooler flooring soiled in buildup. Wash and sanitize regularlyBuildup observed in the interior of some refrigerators,2026-07-15T00:00:00.000,0.0
1465720,"1796 Massachusetts Ave, Cambridge, MA 02140",176-15,Bagelsaurus,3-501.16 (A)(2) and (B),"Time/Temperature Control for Safety Food, Hot and Cold Holding (P)",2026-07-08T00:00:00.000,2026-07-15T00:00:00.000,Complete,Massachusetts Ave,1465720,42.386068,-71.119452,3dr flip top found at 44-45F. 2dr refrigerator by stove stop found at 45F,"{'type': 'Point', 'coordinates': [-71.119452, 42.386068]}",2026-07-08T00:00:00.000,2026-07-15T00:00:00.000,Sanitary Inspection,14657203-501.16 (A)(2) and (B)2026-07-082026-07-153dr flip top found at 44-45F. 2dr refrigerator by stove stop found at 45F,2026-07-15T00:00:00.000,-0.1027
1465720,"1796 Massachusetts Ave, Cambridge, MA 02140",176-15,Bagelsaurus,3-304.14,"Wiping Cloths, Use Limitation (C)",2026-07-08T00:00:00.000,2026-07-15T00:00:00.000,Complete,Massachusetts Ave,1465720,42.386068,-71.119452,Sanitizer bottles and/or buckets needed in all active food prep areas.,"{'type': 'Point', 'coordinates': [-71.119452, 42.386068]}",2026-07-08T00:00:00.000,2026-07-15T00:00:00.000,Sanitary Inspection,14657203-304.14 2026-07-082026-07-15Sanitizer bottles and/or buckets needed in all active food prep areas.,2026-07-15T00:00:00.000,0.4019
1465775,"1876 Massachusetts Ave, Cambridge, MA 02140",178-91,Phinista Cafe,6-501.111,"Controlling Pests (Pf, C)",2026-07-08T00:00:00.000,2026-07-15T00:00:00.000,Complete,Massachusetts Ave,1465775,42.388239,-71.119616,Fly activity noted behind register counter. Fly treatment should be added to pest control plan.,"{'type': 'Point', 'coordinates': [-71.119616, 42.388239]}",2026-07-09T00:00:00.000,2026-07-15T00:00:00.000,Sanitary Inspection,14657756-501.1112026-07-082026-07-15Fly activity noted behind register counter. Fly treatment should be added to pest control plan.,2026-07-15T00:00:00.000,0.0
1465757,"1868 Massachusetts Ave, Cambridge, MA 02140",177-34,Caffe Nero,5-202.11,"Approved System and Cleanable Fixtures (P, C)",2026-07-08T00:00:00.000,2026-07-31T00:00:00.000,Complete,Massachusetts Ave,1465757,42.387879,-71.119519,Toilet and toilet seat was loose. Determine issue and repair. Bathroom sink and toilet soiled in buildup. Wash and sanitize daily.,"{'type': 'Point', 'coordinates': [-71.119519, 42.387879]}",2026-07-08T00:00:00.000,2026-07-31T00:00:00.000,Sanitary Inspection,1465757 5-202.112026-07-082026-07-31Toilet and toilet seat was loose. Determine issue and repair. Bathroom sink and toilet soiled in buildup. Wash and sanitize daily.,2026-07-31T00:00:00.000,-0.3182
1465775,"1876 Massachusetts Ave, Cambridge, MA 02140",178-91,Phinista Cafe,6-501.112,"Removing Dead or Trapped Birds, Insects, Rodents and other Pest (C)",2026-07-08T00:00:00.000,2026-07-15T00:00:00.000,Complete,Massachusetts Ave,1465775,42.388239,-71.119616,Rat dropping observed by trash barrels and along the outside building. Remove droppings regularly.,"{'type': 'Point', 'coordinates': [-71.119616, 42.388239]}",2026-07-09T00:00:00.000,2026-07-15T00:00:00.000,Sanitary Inspection,14657756-501.112 2026-07-082026-07-15Rat dropping observed by trash barrels and along the outside building. Remove droppings regularly.,2026-07-15T00:00:00.000,0.0
1465097,"1611 Massachusetts Ave, Cambridge, MA 02138",157-26,Stoked Pizza Co.,6-501.14,"Cleaning Ventilation Systems, Nuisance and Discharge Prohibition (C)",2026-07-06T00:00:00.000,2026-07-14T00:00:00.000,Complete,Massachusetts Ave,1465097,42.38016,-71.119689,Hood is due for service.,"{'type': 'Point', 'coordinates': [-71.119689, 42.38016]}",2026-07-06T00:00:00.000,2026-07-14T00:00:00.000,Sanitary Inspection,14650976-501.142026-07-062026-07-14Hood is due for service.,2026-07-14T00:00:00.000,0.0
1468508,"99 Sherman St, Cambridge, MA 02138",264-102,Challenger Sports Cambridge,,,2026-07-06T00:00:00.000,2026-07-20T00:00:00.000,Complete,Sherman St,1468508,42.38872,-71.13318,,"{'type': 'Point', 'coordinates': [-71.13318, 42.38872]}",2026-07-20T00:00:00.000,2026-07-20T00:00:00.000,Sanitary Inspection,1468508nan2026-07-062026-07-20nan,,0.0
1465088,"1646 Massachusetts Ave, Cambridge, MA 02138",173-65,Montrose Spa,4-302.14,"Sanitizing Solutions, Testing Devices (Pf)",2026-07-06T00:00:00.000,2026-07-14T00:00:00.000,Complete,Massachusetts Ave,1465088,42.381238,-71.119977,Chlorine sanitizer found over 100ppm.Corrected during inspection.,"{'type': 'Point', 'coordinates': [-71.119977, 42.381238]}",2026-07-06T00:00:00.000,2026-07-14T00:00:00.000,Sanitary Inspection,14650884-302.14 2026-07-062026-07-14Chlorine sanitizer found over 100ppm.Corrected during inspection.,2026-07-14T00:00:00.000,0.0
1465326,"1621 Cambridge St, Cambridge, MA 02138",140-148,CAMBRIDGE ITALIAN PIZZERIA,4-501.116,"Warewashing Equipment, Determining Chemicals Sanitizer Concentration (Pf)",2026-07-06T00:00:00.000,2026-07-22T00:00:00.000,Complete,Cambridge St,1465326,42.374882,-71.109047,Unable to provide sanitizer testing strips. Ensure to obtain sanitizer testing strips so that the concentration of the solution can be accurately determined.,"{'type': 'Point', 'coordinates': [-71.109047, 42.374882]}",2026-07-07T00:00:00.000,2026-07-22T00:00:00.000,Sanitary Inspection,14653264-501.1162026-07-062026-07-22Unable to provide sanitizer testing strips. Ensure to obtain sanitizer testing strips so that the concentration of the solution can be accurately determined.,2026-07-22T00:00:00.000,0.743
1465088,"1646 Massachusetts Ave, Cambridge, MA 02138",173-65,Montrose Spa,5-103.11,Capacity-Quantity and Availability (Pf),2026-07-06T00:00:00.000,2026-07-14T00:00:00.000,Complete,Massachusetts Ave,1465088,42.381238,-71.119977,Hot water at 3 bay sink should reach and maintain at 110F.,"{'type': 'Point', 'coordinates': [-71.119977, 42.381238]}",2026-07-06T00:00:00.000,2026-07-14T00:00:00.000,Sanitary Inspection,1465088 5-103.112026-07-062026-07-14Hot water at 3 bay sink should reach and maintain at 110F.,2026-07-14T00:00:00.000,0.0258
1465326,"1621 Cambridge St, Cambridge, MA 02138",140-148,CAMBRIDGE ITALIAN PIZZERIA,3-501.16 (A)(2) and (B),"Time/Temperature Control for Safety Food, Hot and Cold Holding (P)",2026-07-06T00:00:00.000,2026-07-22T00:00:00.000,Complete,Cambridge St,1465326,42.374882,-71.109047,Multiple food items observed out of proper temperature range. PIC was advised to move the food items into different refrigeration units.,"{'type': 'Point', 'coordinates': [-71.109047, 42.374882]}",2026-07-07T00:00:00.000,2026-07-22T00:00:00.000,Sanitary Inspection,14653263-501.16 (A)(2) and (B)2026-07-062026-07-22Multiple food items observed out of proper temperature range. PIC was advised to move the food items into different refrigeration units.,2026-07-22T00:00:00.000,0.0
1465326,"1621 Cambridge St, Cambridge, MA 02138",140-148,CAMBRIDGE ITALIAN PIZZERIA,4-601.11 (B) and (C),"Equipment, Food-Contact Surfaces, Nonfood-Contact Surfaces, and Utensils (C)",2026-07-06T00:00:00.000,2026-07-22T00:00:00.000,Complete,Cambridge St,1465326,42.374882,-71.109047,Cooking equipment was observed soiled with debris. Clean to remove.,"{'type': 'Point', 'coordinates': [-71.109047, 42.374882]}",2026-07-07T00:00:00.000,2026-07-22T00:00:00.000,Sanitary Inspection,14653264-601.11 (B) and (C)2026-07-062026-07-22Cooking equipment was observed soiled with debris. Clean to remove.,2026-07-22T00:00:00.000,0.4019
1465075,"1663 Massachusetts Ave, Cambridge, MA 02138",156-24,Pavement Coffeehouse,4-601.11 (A),"Equipment, Food-Contact Surfaces, Nonfood-Contact Surfaces, and Utensils (Pf)",2026-07-06T00:00:00.000,2026-07-14T00:00:00.000,Complete,Massachusetts Ave,1465075,42.381823,-71.119516,Interior of ice machine soiled in buildup. Thoroughly wash and sanitize before use. Clean regularly,"{'type': 'Point', 'coordinates': [-71.119516, 42.381823]}",2026-07-06T00:00:00.000,2026-07-14T00:00:00.000,Sanitary Inspection,14650754-601.11 (A)2026-07-062026-07-14Interior of ice machine soiled in buildup. Thoroughly wash and sanitize before use. Clean regularly,2026-07-14T00:00:00.000,0.4019
1465326,"1621 Cambridge St, Cambridge, MA 02138",140-148,CAMBRIDGE ITALIAN PIZZERIA,6-501.111,"Controlling Pests (Pf, C)",2026-07-06T00:00:00.000,2026-07-22T00:00:00.000,Complete,Cambridge St,1465326,42.374882,-71.109047,Small number of flies observed in BOH kitchen. Send the latest copy of an extermination report to bmorrissey@cambridgema.gov.,"{'type': 'Point', 'coordinates': [-71.109047, 42.374882]}",2026-07-07T00:00:00.000,2026-07-22T00:00:00.000,Sanitary Inspection,14653266-501.1112026-07-062026-07-22Small number of flies observed in BOH kitchen. Send the latest copy of an extermination report to bmorrissey@cambridgema.gov.,,0.0772
1465434,"343 Fresh Pond Pkwy, Cambridge, MA 02138",260-73,Fresh Pond Mobil,,,2026-07-06T00:00:00.000,2026-07-07T00:00:00.000,Complete,Fresh Pond Pkwy,1465434,42.385487,-71.14091,,"{'type': 'Point', 'coordinates': [-71.14091, 42.385487]}",2026-07-07T00:00:00.000,2026-07-07T00:00:00.000,Sanitary Inspection,1465434nan2026-07-062026-07-07nan,,0.0
1468843,,,Fletcher Maynard,,,2026-07-02T00:00:00.000,2026-07-21T00:00:00.000,Complete,,1468843,,,,,2026-07-21T00:00:00.000,2026-07-21T00:00:00.000,Sanitary Inspection,1468843nan2026-07-022026-07-21nan,,0.0
1468844,,,Morse,,,2026-07-02T00:00:00.000,2026-07-21T00:00:00.000,Complete,,1468844,,,,,2026-07-21T00:00:00.000,2026-07-21T00:00:00.000,Sanitary Inspection,1468844nan2026-07-022026-07-21nan,,0.0
1468845,,,Camp Rainbow,,,2026-07-02T00:00:00.000,2026-07-21T00:00:00.000,Complete,,1468845,,,,,2026-07-21T00:00:00.000,2026-07-21T00:00:00.000,Sanitary Inspection,1468845nan2026-07-022026-07-21nan,,0.0
1468842,,,Cambridgeport,,,2026-07-02T00:00:00.000,2026-07-21T00:00:00.000,Complete,,1468842,,,,,2026-07-21T00:00:00.000,2026-07-21T00:00:00.000,Sanitary Inspection,1468842nan2026-07-022026-07-21nan,,0.0
1468847,,,Joy Weavers,,,2026-07-02T00:00:00.000,2026-07-21T00:00:00.000,Complete,,1468847,,,,,2026-07-21T00:00:00.000,2026-07-21T00:00:00.000,Sanitary Inspection,1468847nan2026-07-022026-07-21nan,,0.0
1468849,,,Haggerty,,,2026-07-01T00:00:00.000,2026-07-21T00:00:00.000,Complete,,1468849,,,,,2026-07-21T00:00:00.000,2026-07-21T00:00:00.000,Sanitary Inspection,1468849nan2026-07-012026-07-21nan,,0.0
1468877,,,Peabody,,,2026-07-01T00:00:00.000,2026-07-21T00:00:00.000,Complete,,1468877,,,,,2026-07-21T00:00:00.000,2026-07-21T00:00:00.000,Sanitary Inspection,1468877nan2026-07-012026-07-21nan,,0.0
1465438,"10 Moulton St, Cambridge, MA 02138",267F-293,Corporate Chefs @ BBN Cafe,,,2026-07-01T00:00:00.000,2026-07-07T00:00:00.000,Complete,Moulton St,1465438,42.389919,-71.147715,,"{'type': 'Point', 'coordinates': [-71.147715, 42.389919]}",2026-07-07T00:00:00.000,2026-07-07T00:00:00.000,Sanitary Inspection,1465438nan2026-07-012026-07-07nan,,0.0
1468882,,,Amigos,,,2026-07-01T00:00:00.000,2026-07-21T00:00:00.000,Complete,,1468882,,,,,2026-07-21T00:00:00.000,2026-07-21T00:00:00.000,Sanitary Inspection,1468882nan2026-07-012026-07-21nan,,0.0
1468851,,,Tobin,,,2026-07-01T00:00:00.000,2026-07-21T00:00:00.000,Complete,,1468851,,,,,2026-07-21T00:00:00.000,2026-07-21T00:00:00.000,Sanitary Inspection,1468851nan2026-07-012026-07-21nan,,0.0
1465694,"799 Concord Ave, Cambridge, MA 02138",267D-339,Sancta Maria Nursing Facility,,,2026-07-01T00:00:00.000,2026-07-08T00:00:00.000,Complete,Concord Ave,1465694,42.391457,-71.155468,,"{'type': 'Point', 'coordinates': [-71.155468, 42.391457]}",2026-07-08T00:00:00.000,2026-07-08T00:00:00.000,Sanitary Inspection,1465694nan2026-07-012026-07-08nan,,0.0
1468881,,,King Kids Camp,,,2026-07-01T00:00:00.000,2026-07-21T00:00:00.000,Complete,,1468881,,,,,2026-07-21T00:00:00.000,2026-07-21T00:00:00.000,Sanitary Inspection,1468881nan2026-07-012026-07-21nan,,0.0
1465197,"1629 Cambridge St, Cambridge, MA 02138",140-148,Asaro Bakery & Cafe,4-501.114,"Manual and Mechanical Warewashing Equipment, Chemical Sanitization-Tempeature, pH, Concentration and Hardness (P, Pf)",2026-07-01T00:00:00.000,2026-07-22T00:00:00.000,Complete,Cambridge St,1465197,42.374922,-71.109349,No sanitizer test trips available. Ensure to obtain sanitizer testing strips.,"{'type': 'Point', 'coordinates': [-71.109349, 42.374922]}",2026-07-06T00:00:00.000,2026-07-22T00:00:00.000,Sanitary Inspection,14651974-501.114 2026-07-012026-07-22No sanitizer test trips available. Ensure to obtain sanitizer testing strips.,2026-07-22T00:00:00.000,0.1027
1468880,,,Camp Seafaring,,,2026-07-01T00:00:00.000,2026-07-21T00:00:00.000,Complete,,1468880,,,,,2026-07-21T00:00:00.000,2026-07-21T00:00:00.000,Sanitary Inspection,1468880nan2026-07-012026-07-21nan,,0.0
1465197,"1629 Cambridge St, Cambridge, MA 02138",140-148,Asaro Bakery & Cafe,3-501.16 (A)(2) and (B),"Time/Temperature Control for Safety Food, Hot and Cold Holding (P)",2026-07-01T00:00:00.000,2026-07-22T00:00:00.000,Complete,Cambridge St,1465197,42.374922,-71.109349,Food items in both flip-tops were observed in a temperature range of44F-49F. The PIC was advised to monitor temperatures and to remove some of the items into a different refrigerator. TCF foods must be held at 41F or less.,"{'type': 'Point', 'coordinates': [-71.109349, 42.374922]}",2026-07-06T00:00:00.000,2026-07-22T00:00:00.000,Sanitary Inspection,14651973-501.16 (A)(2) and (B)2026-07-012026-07-22Food items in both flip-tops were observed in a temperature range of44F-49F. The PIC was advised to monitor temperatures and to remove some of the items into a different refrigerator. TCF foods must be held at 41F or less.,2026-07-22T00:00:00.000,0.0
1464473,"10 Moulton St, Cambridge, MA 02138",267F-293,Corporate Chefs @ BBN Cafe,,,2026-07-01T00:00:00.000,2026-07-01T00:00:00.000,Complete,Moulton St,1464473,42.389919,-71.147715,,"{'type': 'Point', 'coordinates': [-71.147715, 42.389919]}",2026-07-01T00:00:00.000,2026-07-01T00:00:00.000,Sanitary Inspection,1464473nan2026-07-012026-07-01nan,,0.0
1464194,,,Chilacates,4-204.11,"Ventilation Hood Systems, Drip Prevention (C)",2026-06-30T00:00:00.000,2026-07-28T00:00:00.000,Complete,,1464194,,,Hood must be cleaned every 6 monthsHood is cleaned every 3 months at this location.Fire suppression System must be tagged every 6 months,,2026-06-30T00:00:00.000,2026-07-28T00:00:00.000,Sanitary Inspection,14641944-204.11 2026-06-302026-07-28Hood must be cleaned every 6 monthsHood is cleaned every 3 months at this location.Fire suppression System must be tagged every 6 months,2026-07-20T00:00:00.000,0.0
1464189,,,Lincou Squash Camp,,,2026-06-30T00:00:00.000,2026-06-30T00:00:00.000,Complete,,1464189,,,,,2026-06-30T00:00:00.000,2026-06-30T00:00:00.000,Sanitary Inspection,1464189nan2026-06-302026-06-30nan,,0.0
1463800,"3 Arrow St, Cambridge, MA 02138",133-20,BerryLine,5-205.15,"System Maintained in Good Repair (P, C)",2026-06-29T00:00:00.000,2026-07-15T00:00:00.000,Complete,Arrow St,1463800,42.371184,-71.114615,The handwashing sink was observed to only have hot water. Repair the sink by a licensed professional so that the sink is functioning properly.,"{'type': 'Point', 'coordinates': [-71.114615, 42.371184]}",2026-06-29T00:00:00.000,2026-07-15T00:00:00.000,Sanitary Inspection,14638005-205.152026-06-292026-07-15The handwashing sink was observed to only have hot water. Repair the sink by a licensed professional so that the sink is functioning properly.,2026-07-15T00:00:00.000,0.0
1463790,"1030 Cambridge St, Cambridge, MA 02141",80-147,Dollar General Store #19115,,,2026-06-29T00:00:00.000,2026-06-29T00:00:00.000,Complete,Cambridge St,1463790,42.372763,-71.094147,,"{'type': 'Point', 'coordinates': [-71.094147, 42.372763]}",2026-06-29T00:00:00.000,2026-06-29T00:00:00.000,Sanitary Inspection,1463790nan2026-06-292026-06-29nan,,0.0
1463849,,,Special Events Meeting,,,2026-06-29T00:00:00.000,2026-06-29T00:00:00.000,Complete,,1463849,,,,,2026-06-29T00:00:00.000,2026-06-29T00:00:00.000,Sanitary Inspection,1463849nan2026-06-292026-06-29nan,,0.0
1463814,"1627 Cambridge St, Cambridge, MA 02138",140-148,harvard market,3-101.11,"Safe, Unadulterated, and Honestly Presented-Spoilage (P)",2026-06-29T00:00:00.000,2026-06-29T00:00:00.000,Complete,Cambridge St,1463814,42.374908,-71.109245,Tollhouse cookie and snack shelve was observed expired. Items were discarded. Multiple mayonnaise and mustard bottles were observed expired. Items were discarded.,"{'type': 'Point', 'coordinates': [-71.109245, 42.374908]}",2026-06-29T00:00:00.000,2026-06-29T00:00:00.000,Sanitary Inspection,14638143-101.11 2026-06-292026-06-29Tollhouse cookie and snack shelve was observed expired. Items were discarded. Multiple mayonnaise and mustard bottles were observed expired. Items were discarded.,2026-06-29T00:00:00.000,-0.5859
1465704,"178 Coolidge Hill, Cambridge, MA 02138",242-38,Shady Hill School,,,2026-06-29T00:00:00.000,2026-07-08T00:00:00.000,Complete,Coolidge Hill,1465704,42.372073,-71.137106,,"{'type': 'Point', 'coordinates': [-71.137106, 42.372073]}",2026-07-08T00:00:00.000,2026-07-08T00:00:00.000,Sanitary Inspection,1465704nan2026-06-292026-07-08nan,,0.0
1463804,,,Bio Camp,,,2026-06-29T00:00:00.000,2026-06-29T00:00:00.000,Complete,,1463804,,,,,2026-06-29T00:00:00.000,2026-06-29T00:00:00.000,Sanitary Inspection,1463804nan2026-06-292026-06-29nan,,0.0
1468924,,,Special Events Meeting,,,2026-06-29T00:00:00.000,2026-07-21T00:00:00.000,Complete,,1468924,,,,,2026-07-21T00:00:00.000,2026-07-21T00:00:00.000,Sanitary Inspection,1468924nan2026-06-292026-07-21nan,,0.0
1463575,"90 Hamilton St, Cambridge, MA 02139",96-109,Chinese Immersion Summer Camp,,,2026-06-26T00:00:00.000,2026-06-29T00:00:00.000,Complete,Hamilton St,1463575,42.358395,-71.106432,,"{'type': 'Point', 'coordinates': [-71.106432, 42.358395]}",2026-06-29T00:00:00.000,2026-06-29T00:00:00.000,Sanitary Inspection,1463575nan2026-06-262026-06-29nan,,0.0
1462909,"66 Winthrop St, Cambridge, MA 02138",162-31,Harvard Square Homeless Shelter,3-101.11,"Safe, Unadulterated, and Honestly Presented-Spoilage (P)",2026-06-25T00:00:00.000,2026-07-01T00:00:00.000,Complete,Winthrop St,1462909,42.371832,-71.120079,Expired canned goods found in dry storage,"{'type': 'Point', 'coordinates': [-71.120079, 42.371832]}",2026-06-26T00:00:00.000,2026-07-01T00:00:00.000,Sanitary Inspection,14629093-101.11 2026-06-252026-07-01Expired canned goods found in dry storage,2026-07-01T00:00:00.000,0.0
1462936,"50 Jfk St, Cambridge, MA 02138",162-72,NINE TASTES,4-601.11 (A),"Equipment, Food-Contact Surfaces, Nonfood-Contact Surfaces, and Utensils (Pf)",2026-06-25T00:00:00.000,2026-07-01T00:00:00.000,Complete,Jfk St,1462936,42.372051,-71.120456,Wash and sanitize interior of ice machine,"{'type': 'Point', 'coordinates': [-71.120456, 42.372051]}",2026-06-26T00:00:00.000,2026-07-01T00:00:00.000,Sanitary Inspection,14629364-601.11 (A)2026-06-252026-07-01Wash and sanitize interior of ice machine,2026-07-01T00:00:00.000,0.0
1463042,"5 Arrow St, Cambridge, MA 02138",133-20,Faro Cafe,,,2026-06-25T00:00:00.000,2026-06-25T00:00:00.000,Complete,Arrow St,1463042,42.371205,-71.114631,,"{'type': 'Point', 'coordinates': [-71.114631, 42.371205]}",2026-06-25T00:00:00.000,2026-06-25T00:00:00.000,Sanitary Inspection,1463042nan2026-06-252026-06-25nan,,0.0
1462922,"74 Winthrop St, Cambridge, MA 02138",162-72,Pinocchio's Pizza,3-403.11,Reheating for Hot Holding (P),2026-06-25T00:00:00.000,2026-07-01T00:00:00.000,Complete,Winthrop St,1462922,42.372,-71.120265,Meatball in warmer found at 95F. Reheat meatball on stove top to 165 before placing into warmer. Corrected onsite,"{'type': 'Point', 'coordinates': [-71.120265, 42.372]}",2026-06-26T00:00:00.000,2026-07-01T00:00:00.000,Sanitary Inspection,14629223-403.112026-06-252026-07-01Meatball in warmer found at 95F. Reheat meatball on stove top to 165 before placing into warmer. Corrected onsite,2026-07-01T00:00:00.000,0.6369
1462936,"50 Jfk St, Cambridge, MA 02138",162-72,NINE TASTES,4-101.19,Nonfood-Contact Surfaces (C),2026-06-25T00:00:00.000,2026-07-01T00:00:00.000,Complete,Jfk St,1462936,42.372051,-71.120456,Rusting shelf found in 2 bay sink. Determine issue and replace.,"{'type': 'Point', 'coordinates': [-71.120456, 42.372051]}",2026-06-26T00:00:00.000,2026-07-01T00:00:00.000,Sanitary Inspection,14629364-101.19 2026-06-252026-07-01Rusting shelf found in 2 bay sink. Determine issue and replace.,2026-07-01T00:00:00.000,0.0
1462936,"50 Jfk St, Cambridge, MA 02138",162-72,NINE TASTES,3-302.11,"Packaged and Unpackaged Food – Separation, Packaging, and Segregation (P, C)",2026-06-25T00:00:00.000,2026-07-01T00:00:00.000,Complete,Jfk St,1462936,42.372051,-71.120456,Containers of raw chicken found stored on the ground in walk-in under the shelves. Keep off the floor,"{'type': 'Point', 'coordinates': [-71.120456, 42.372051]}",2026-06-26T00:00:00.000,2026-07-01T00:00:00.000,Sanitary Inspection,14629363-302.112026-06-252026-07-01Containers of raw chicken found stored on the ground in walk-in under the shelves. Keep off the floor,2026-07-01T00:00:00.000,0.0
1462909,"66 Winthrop St, Cambridge, MA 02138",162-31,Harvard Square Homeless Shelter,3-302.11,"Packaged and Unpackaged Food – Separation, Packaging, and Segregation (P, C)",2026-06-25T00:00:00.000,2026-07-01T00:00:00.000,Complete,Winthrop St,1462909,42.371832,-71.120079,Raw chicken and ground beef found stored above prepared and packaged food items,"{'type': 'Point', 'coordinates': [-71.120079, 42.371832]}",2026-06-26T00:00:00.000,2026-07-01T00:00:00.000,Sanitary Inspection,14629093-302.112026-06-252026-07-01Raw chicken and ground beef found stored above prepared and packaged food items,2026-07-01T00:00:00.000,0.2263
1462922,"74 Winthrop St, Cambridge, MA 02138",162-72,Pinocchio's Pizza,5-502.11,Frequency-Removal (C),2026-06-25T00:00:00.000,2026-07-01T00:00:00.000,Complete,Winthrop St,1462922,42.372,-71.120265,Recycling barrels found overflowing with recycled items. Cardboard boxes need to be broken down fully to better fit the barrels/totes.,"{'type': 'Point', 'coordinates': [-71.120265, 42.372]}",2026-06-26T00:00:00.000,2026-07-01T00:00:00.000,Sanitary Inspection,14629225-502.11 2026-06-252026-07-01Recycling barrels found overflowing with recycled items. Cardboard boxes need to be broken down fully to better fit the barrels/totes.,2026-07-01T00:00:00.000,0.4295
1463046,"364 Broadway, Cambridge, MA 02139",108-54,barismo,3-304.14,"Wiping Cloths, Use Limitation (C)",2026-06-25T00:00:00.000,2026-06-25T00:00:00.000,Complete,Broadway,1463046,42.37054,-71.104367,Wet cloth was stored on flip-top counter. Ensure cloths in-use for wiping are being stored in a sanitizer solution.,"{'type': 'Point', 'coordinates': [-71.104367, 42.37054]}",2026-06-25T00:00:00.000,2026-06-25T00:00:00.000,Sanitary Inspection,14630463-304.14 2026-06-252026-06-25Wet cloth was stored on flip-top counter. Ensure cloths in-use for wiping are being stored in a sanitizer solution.,2026-06-25T00:00:00.000,0.5994
1462936,"50 Jfk St, Cambridge, MA 02138",162-72,NINE TASTES,4-601.11 (A),"Equipment, Food-Contact Surfaces, Nonfood-Contact Surfaces, and Utensils (Pf)",2026-06-25T00:00:00.000,2026-07-01T00:00:00.000,Complete,Jfk St,1462936,42.372051,-71.120456,Wash and sanitize interior and exterior of all refrigerators and freezers,"{'type': 'Point', 'coordinates': [-71.120456, 42.372051]}",2026-06-26T00:00:00.000,2026-07-01T00:00:00.000,Sanitary Inspection,14629364-601.11 (A)2026-06-252026-07-01Wash and sanitize interior and exterior of all refrigerators and freezers,2026-07-01T00:00:00.000,-0.0258
1462976,"50 Jfk St, Cambridge, MA 02138",162-72,Amorino,5-502.11,Frequency-Removal (C),2026-06-25T00:00:00.000,2026-07-01T00:00:00.000,Complete,Jfk St,1462976,42.372051,-71.120456,Recycling barrels found overflowing with trash. Cardboard boxes found stored on the ground. Increase picks up or barrels. Failure to maintain outdoor trash area will result in fine(s),"{'type': 'Point', 'coordinates': [-71.120456, 42.372051]}",2026-06-26T00:00:00.000,2026-07-01T00:00:00.000,Sanitary Inspection,14629765-502.11 2026-06-252026-07-01Recycling barrels found overflowing with trash. Cardboard boxes found stored on the ground. Increase picks up or barrels. Failure to maintain outdoor trash area will result in fine(s),2026-07-01T00:00:00.000,-0.25
1463046,"364 Broadway, Cambridge, MA 02139",108-54,barismo,3-501.16 (A)(2) and (B),"Time/Temperature Control for Safety Food, Hot and Cold Holding (P)",2026-06-25T00:00:00.000,2026-06-25T00:00:00.000,Complete,Broadway,1463046,42.37054,-71.104367,Cheese was observed at 45F and avocado was observed at 43F inside of the flip-top cooler. Ensure the proper temperature of 41F or below is being met inside this cooler.,"{'type': 'Point', 'coordinates': [-71.104367, 42.37054]}",2026-06-25T00:00:00.000,2026-06-25T00:00:00.000,Sanitary Inspection,14630463-501.16 (A)(2) and (B)2026-06-252026-06-25Cheese was observed at 45F and avocado was observed at 43F inside of the flip-top cooler. Ensure the proper temperature of 41F or below is being met inside this cooler.,,0.3818
1462909,"66 Winthrop St, Cambridge, MA 02138",162-31,Harvard Square Homeless Shelter,3-501.17,"Ready-To-Eat Time/Temperature Control for Safety Food, Date Marking (Pf)",2026-06-25T00:00:00.000,2026-07-01T00:00:00.000,Complete,Winthrop St,1462909,42.371832,-71.120079,Missing date marking on opened and prepared food items,"{'type': 'Point', 'coordinates': [-71.120079, 42.371832]}",2026-06-26T00:00:00.000,2026-07-01T00:00:00.000,Sanitary Inspection,14629093-501.172026-06-252026-07-01Missing date marking on opened and prepared food items,2026-07-01T00:00:00.000,-0.0772
1462936,"50 Jfk St, Cambridge, MA 02138",162-72,NINE TASTES,6-501.111,"Controlling Pests (Pf, C)",2026-06-25T00:00:00.000,2026-07-01T00:00:00.000,Complete,Jfk St,1462936,42.372051,-71.120456,"Provide 3 months of extermination reports, mice droppings observed","{'type': 'Point', 'coordinates': [-71.120456, 42.372051]}",2026-06-26T00:00:00.000,2026-07-01T00:00:00.000,Sanitary Inspection,"14629366-501.1112026-06-252026-07-01Provide 3 months of extermination reports, mice droppings observed",2026-07-01T00:00:00.000,0.0
1463046,"364 Broadway, Cambridge, MA 02139",108-54,barismo,3-304.12,"In-Use Utensils, Between-Use Storage (C)",2026-06-25T00:00:00.000,2026-06-25T00:00:00.000,Complete,Broadway,1463046,42.37054,-71.104367,"-Ice scooper was observed face down on ice machine in FOH bar area. Ensure ice scoopers have proper storage in a clean, protected location. -Scooper in bulk bin must be stored with their handles above the top of the food.","{'type': 'Point', 'coordinates': [-71.104367, 42.37054]}",2026-06-25T00:00:00.000,2026-06-25T00:00:00.000,Sanitary Inspection,"14630463-304.12 2026-06-252026-06-25-Ice scooper was observed face down on ice machine in FOH bar area. Ensure ice scoopers have proper storage in a clean, protected location. -Scooper in bulk bin must be stored with their handles above the top of the food.",,0.8402
1462909,"66 Winthrop St, Cambridge, MA 02138",162-31,Harvard Square Homeless Shelter,4-601.13,Nonfood Contact Surfaces (C),2026-06-25T00:00:00.000,2026-07-01T00:00:00.000,Complete,Winthrop St,1462909,42.371832,-71.120079,Flooring behind and under equipment and along the wall soiled in buildup and dust,"{'type': 'Point', 'coordinates': [-71.120079, 42.371832]}",2026-06-26T00:00:00.000,2026-07-01T00:00:00.000,Sanitary Inspection,14629094-601.132026-06-252026-07-01Flooring behind and under equipment and along the wall soiled in buildup and dust,2026-07-01T00:00:00.000,0.0
1463046,"364 Broadway, Cambridge, MA 02139",108-54,barismo,"6-301.11-.12,.20","Handwashing Cleanser, Availability; Hand Drying Provision; Disposable Towels, Waste Receptacle (Pf)",2026-06-25T00:00:00.000,2026-06-25T00:00:00.000,Complete,Broadway,1463046,42.37054,-71.104367,Paper towels are needed at kitchen handwashing sink.,"{'type': 'Point', 'coordinates': [-71.104367, 42.37054]}",2026-06-25T00:00:00.000,2026-06-25T00:00:00.000,Sanitary Inspection,"14630466-301.11-.12,.20 2026-06-252026-06-25Paper towels are needed at kitchen handwashing sink.",,0.0
1462922,"74 Winthrop St, Cambridge, MA 02138",162-72,Pinocchio's Pizza,3-501.16 (A)(2) and (B),"Time/Temperature Control for Safety Food, Hot and Cold Holding (P)",2026-06-25T00:00:00.000,2026-07-01T00:00:00.000,Complete,Winthrop St,1462922,42.372,-71.120265,2 Door refrigerator by 3 bay sink found between 48-50F. Determine issue and resolve,"{'type': 'Point', 'coordinates': [-71.120265, 42.372]}",2026-06-26T00:00:00.000,2026-07-01T00:00:00.000,Sanitary Inspection,14629223-501.16 (A)(2) and (B)2026-06-252026-07-012 Door refrigerator by 3 bay sink found between 48-50F. Determine issue and resolve,2026-07-01T00:00:00.000,0.3818
1462909,"66 Winthrop St, Cambridge, MA 02138",162-31,Harvard Square Homeless Shelter,4-501.116,"Warewashing Equipment, Determining Chemicals Sanitizer Concentration (Pf)",2026-06-25T00:00:00.000,2026-07-01T00:00:00.000,Complete,Winthrop St,1462909,42.371832,-71.120079,Chlorine test strips needed. Chlorine found over the recommended concentration amount,"{'type': 'Point', 'coordinates': [-71.120079, 42.371832]}",2026-06-26T00:00:00.000,2026-07-01T00:00:00.000,Sanitary Inspection,14629094-501.1162026-06-252026-07-01Chlorine test strips needed. Chlorine found over the recommended concentration amount,2026-07-01T00:00:00.000,0.2023
1462936,"50 Jfk St, Cambridge, MA 02138",162-72,NINE TASTES,3-501.16 (A)(2) and (B),"Time/Temperature Control for Safety Food, Hot and Cold Holding (P)",2026-06-25T00:00:00.000,2026-07-01T00:00:00.000,Complete,Jfk St,1462936,42.372051,-71.120456,Reach in refrigerator by the bar found at 50F,"{'type': 'Point', 'coordinates': [-71.120456, 42.372051]}",2026-06-26T00:00:00.000,2026-07-01T00:00:00.000,Sanitary Inspection,14629363-501.16 (A)(2) and (B)2026-06-252026-07-01Reach in refrigerator by the bar found at 50F,2026-07-01T00:00:00.000,0.0258
1462617,"1288 Massachusetts Ave, Cambridge, MA 02138",160-48,Tatte Bakery & Cafe,6-501.111,"Controlling Pests (Pf, C)",2026-06-24T00:00:00.000,2026-07-01T00:00:00.000,Complete,Massachusetts Ave,1462617,42.372734,-71.116943,HEAVY fly activity observed outside by back door.  Fly activity inside the establishment. Fly treatment plan needs to be added to pest control treatment plan. Provide extermination report with added treatment plan.,"{'type': 'Point', 'coordinates': [-71.116943, 42.372734]}",2026-06-25T00:00:00.000,2026-07-01T00:00:00.000,Sanitary Inspection,14626176-501.1112026-06-242026-07-01HEAVY fly activity observed outside by back door.  Fly activity inside the establishment. Fly treatment plan needs to be added to pest control treatment plan. Provide extermination report with added treatment plan.,2026-07-01T00:00:00.000,0.0
1462730,"321 Broadway, Cambridge, MA 02139",109-50,Richdale Food Shops/ Liquors,3-101.11,"Safe, Unadulterated, and Honestly Presented-Spoilage (P)",2026-06-24T00:00:00.000,2026-06-24T00:00:00.000,Complete,Broadway,1462730,42.369654,-71.101147,1 yogurt discarded.,"{'type': 'Point', 'coordinates': [-71.101147, 42.369654]}",2026-06-24T00:00:00.000,2026-06-24T00:00:00.000,Sanitary Inspection,14627303-101.11 2026-06-242026-06-241 yogurt discarded.,2026-06-24T00:00:00.000,-0.34
1462873,"1280 Massachusetts Ave, Cambridge, MA 02138",160-48,1280 Mass Ave - Intercontinental Real Estate Corp,6-102.11,Surface Characteristics-Outdoor Areas (C),2026-06-24T00:00:00.000,2026-07-06T00:00:00.000,Complete,Massachusetts Ave,1462873,42.372692,-71.116784,"Driveway where the dumpsters are stored is in need of repair. Large potholes observed. Potholes are creating dust, mud, and pooling water for pest and rodents to feed/breed on.","{'type': 'Point', 'coordinates': [-71.116784, 42.372692]}",2026-06-25T00:00:00.000,2026-07-06T00:00:00.000,Sanitary Inspection,"14628736-102.112026-06-242026-07-06Driveway where the dumpsters are stored is in need of repair. Large potholes observed. Potholes are creating dust, mud, and pooling water for pest and rodents to feed/breed on.",2026-07-01T00:00:00.000,0.0516
1462617,"1288 Massachusetts Ave, Cambridge, MA 02138",160-48,Tatte Bakery & Cafe,5-501.111,"Area, Enclosures and Receptacles, Good Repair (C)",2026-06-24T00:00:00.000,2026-07-01T00:00:00.000,Complete,Massachusetts Ave,1462617,42.372734,-71.116943,Damaged and broken dumpster lids observed. Determine issue and replace/repair.,"{'type': 'Point', 'coordinates': [-71.116943, 42.372734]}",2026-06-25T00:00:00.000,2026-07-01T00:00:00.000,Sanitary Inspection,14626175-501.1112026-06-242026-07-01Damaged and broken dumpster lids observed. Determine issue and replace/repair.,2026-07-01T00:00:00.000,-0.765
1462617,"1288 Massachusetts Ave, Cambridge, MA 02138",160-48,Tatte Bakery & Cafe,6-202.15,"Outer Openings, Protected (C)",2026-06-24T00:00:00.000,2026-07-01T00:00:00.000,Complete,Massachusetts Ave,1462617,42.372734,-71.116943,Seal all exposed piping and conduits coming out of the ceiling.,"{'type': 'Point', 'coordinates': [-71.116943, 42.372734]}",2026-06-25T00:00:00.000,2026-07-01T00:00:00.000,Sanitary Inspection,14626176-202.15 2026-06-242026-07-01Seal all exposed piping and conduits coming out of the ceiling.,2026-07-01T00:00:00.000,-0.0772
1462734,"272 Broadway, Cambridge, MA 02139",88-31,Lucky Corner,3-101.11,"Safe, Unadulterated, and Honestly Presented-Spoilage (P)",2026-06-24T00:00:00.000,2026-06-24T00:00:00.000,Complete,Broadway,1462734,42.36783,-71.097497,Multiple drink items were observed expired and therefore discarded.,"{'type': 'Point', 'coordinates': [-71.097497, 42.36783]}",2026-06-24T00:00:00.000,2026-06-24T00:00:00.000,Sanitary Inspection,14627343-101.11 2026-06-242026-06-24Multiple drink items were observed expired and therefore discarded.,2026-06-24T00:00:00.000,-0.34
1462617,"1288 Massachusetts Ave, Cambridge, MA 02138",160-48,Tatte Bakery & Cafe,4-601.11 (A),"Equipment, Food-Contact Surfaces, Nonfood-Contact Surfaces, and Utensils (Pf)",2026-06-24T00:00:00.000,2026-07-01T00:00:00.000,Complete,Massachusetts Ave,1462617,42.372734,-71.116943,Interior and exterior of dishwasher soiled in buildup. Walls behind dishwasher and 3 bay sink soiled in buildup,"{'type': 'Point', 'coordinates': [-71.116943, 42.372734]}",2026-06-25T00:00:00.000,2026-07-01T00:00:00.000,Sanitary Inspection,14626174-601.11 (A)2026-06-242026-07-01Interior and exterior of dishwasher soiled in buildup. Walls behind dishwasher and 3 bay sink soiled in buildup,2026-07-01T00:00:00.000,0.0
1462873,"1280 Massachusetts Ave, Cambridge, MA 02138",160-48,1280 Mass Ave - Intercontinental Real Estate Corp,5-502.11,Frequency-Removal (C),2026-06-24T00:00:00.000,2026-07-06T00:00:00.000,Complete,Massachusetts Ave,1462873,42.372692,-71.116784,Dumpster/trash area found in UNSANITARY condition. Littered trash and food debris observed. MAJOR attraction for rodents and pest. Maintain area DAILY. Failure to maintain will result in a fine(s) or rejection of dumpster permit(s),"{'type': 'Point', 'coordinates': [-71.116784, 42.372692]}",2026-06-25T00:00:00.000,2026-07-06T00:00:00.000,Sanitary Inspection,14628735-502.11 2026-06-242026-07-06Dumpster/trash area found in UNSANITARY condition. Littered trash and food debris observed. MAJOR attraction for rodents and pest. Maintain area DAILY. Failure to maintain will result in a fine(s) or rejection of dumpster permit(s),2026-07-01T00:00:00.000,-0.6597
1462617,"1288 Massachusetts Ave, Cambridge, MA 02138",160-48,Tatte Bakery & Cafe,3-501.16 (A)(1),"Time/Temperature Control for Safety Food, Hot and Cold Holding (P)",2026-06-24T00:00:00.000,2026-07-01T00:00:00.000,Complete,Massachusetts Ave,1462617,42.372734,-71.116943,Shakshuka soup temped at 133F,"{'type': 'Point', 'coordinates': [-71.116943, 42.372734]}",2026-06-25T00:00:00.000,2026-07-01T00:00:00.000,Sanitary Inspection,14626173-501.16 (A)(1)2026-06-242026-07-01Shakshuka soup temped at 133F,2026-07-01T00:00:00.000,0.0
1462617,"1288 Massachusetts Ave, Cambridge, MA 02138",160-48,Tatte Bakery & Cafe,5-502.11,Frequency-Removal (C),2026-06-24T00:00:00.000,2026-07-01T00:00:00.000,Complete,Massachusetts Ave,1462617,42.372734,-71.116943,Trash area by Tatte's dumpsters found in UNSANITARY conditions. Littered trash and food debris observed. MAJOR attraction for rodents and pest. Maintain trash area DAILY. Failure to maintain trash area will result in fine(s) or rejection of dumpster permits,"{'type': 'Point', 'coordinates': [-71.116943, 42.372734]}",2026-06-25T00:00:00.000,2026-07-01T00:00:00.000,Sanitary Inspection,14626175-502.11 2026-06-242026-07-01Trash area by Tatte's dumpsters found in UNSANITARY conditions. Littered trash and food debris observed. MAJOR attraction for rodents and pest. Maintain trash area DAILY. Failure to maintain trash area will result in fine(s) or rejection of dumpster permits,2026-07-01T00:00:00.000,-0.7506
1462873,"1280 Massachusetts Ave, Cambridge, MA 02138",160-48,1280 Mass Ave - Intercontinental Real Estate Corp,6-202.15,"Outer Openings, Protected (C)",2026-06-24T00:00:00.000,2026-07-06T00:00:00.000,Complete,Massachusetts Ave,1462873,42.372692,-71.116784,Large cut out above Tatte's back door observed. Determine issue and repair.,"{'type': 'Point', 'coordinates': [-71.116784, 42.372692]}",2026-06-25T00:00:00.000,2026-07-06T00:00:00.000,Sanitary Inspection,14628736-202.15 2026-06-242026-07-06Large cut out above Tatte's back door observed. Determine issue and repair.,2026-07-01T00:00:00.000,-0.2732
1462617,"1288 Massachusetts Ave, Cambridge, MA 02138",160-48,Tatte Bakery & Cafe,3-501.16 (A)(1),"Time/Temperature Control for Safety Food, Hot and Cold Holding (P)",2026-06-24T00:00:00.000,2026-07-01T00:00:00.000,Complete,Massachusetts Ave,1462617,42.372734,-71.116943,Chicken in warmer temped at 121F,"{'type': 'Point', 'coordinates': [-71.116943, 42.372734]}",2026-06-25T00:00:00.000,2026-07-01T00:00:00.000,Sanitary Inspection,14626173-501.16 (A)(1)2026-06-242026-07-01Chicken in warmer temped at 121F,2026-07-01T00:00:00.000,0.296
1462873,"1280 Massachusetts Ave, Cambridge, MA 02138",160-48,1280 Mass Ave - Intercontinental Real Estate Corp,6-501.111,"Controlling Pests (Pf, C)",2026-06-24T00:00:00.000,2026-07-06T00:00:00.000,Complete,Massachusetts Ave,1462873,42.372692,-71.116784,HEAVY Fly activity noted by Tatte's back door and loading dock/back area. Determine issue and resolve. Fly treatment needed at this time add fly treatment to pest control plan. Rat activity noted by the trash area. Rat burrows on both sides of the asphalt by the loading dock ramp. Repair asphalt and fill the holes.,"{'type': 'Point', 'coordinates': [-71.116784, 42.372692]}",2026-06-25T00:00:00.000,2026-07-06T00:00:00.000,Sanitary Inspection,14628736-501.1112026-06-242026-07-06HEAVY Fly activity noted by Tatte's back door and loading dock/back area. Determine issue and resolve. Fly treatment needed at this time add fly treatment to pest control plan. Rat activity noted by the trash area. Rat burrows on both sides of the asphalt by the loading dock ramp. Repair asphalt and fill the holes.,2026-07-01T00:00:00.000,0.3818
